ds,state_id,store_id,y
2012-01-01,CA,CA_1,2
2012-01-01,CA,CA_2,0
2012-01-01,CA,CA_3,6
2012-01-01,CA,CA_4,3
2012-01-01,TX,TX_1,3
2012-01-01,TX,TX_2,0
2012-01-01,TX,TX_3,1
2012-01-01,WI,WI_1,0
2012-01-01,WI,WI_2,2
2012-01-01,WI,WI_3,1
2012-01-02,CA,CA_1,23
2012-01-02,CA,CA_2,4
2012-01-02,CA,CA_3,12
2012-01-02,CA,CA_4,3
2012-01-02,TX,TX_1,0
2012-01-02,TX,TX_2,0
2012-01-02,TX,TX_3,1
2012-01-02,WI,WI_1,8
2012-01-02,WI,WI_2,6
2012-01-02,WI,WI_3,13
2012-01-03,CA,CA_1,8
2012-01-03,CA,CA_2,2
2012-01-03,CA,CA_3,3
2012-01-03,CA,CA_4,0
2012-01-03,TX,TX_1,1
2012-01-03,TX,TX_2,4
2012-01-03,TX,TX_3,1
2012-01-03,WI,WI_1,12
2012-01-03,WI,WI_2,3
2012-01-03,WI,WI_3,13
2012-01-04,CA,CA_1,2
2012-01-04,CA,CA_2,3
2012-01-04,CA,CA_3,6
2012-01-04,CA,CA_4,2
2012-01-04,TX,TX_1,2
2012-01-04,TX,TX_2,4
2012-01-04,TX,TX_3,0
2012-01-04,WI,WI_1,5
2012-01-04,WI,WI_2,2
2012-01-04,WI,WI_3,5
2012-01-05,CA,CA_1,5
2012-01-05,CA,CA_2,2
2012-01-05,CA,CA_3,11
2012-01-05,CA,CA_4,1
2012-01-05,TX,TX_1,5
2012-01-05,TX,TX_2,8
2012-01-05,TX,TX_3,1
2012-01-05,WI,WI_1,11
2012-01-05,WI,WI_2,2
2012-01-05,WI,WI_3,10
2012-01-06,CA,CA_1,1
2012-01-06,CA,CA_2,1
2012-01-06,CA,CA_3,6
2012-01-06,CA,CA_4,0
2012-01-06,TX,TX_1,0
2012-01-06,TX,TX_2,10
2012-01-06,TX,TX_3,2
2012-01-06,WI,WI_1,2
2012-01-06,WI,WI_2,1
2012-01-06,WI,WI_3,4
2012-01-07,CA,CA_1,12
2012-01-07,CA,CA_2,3
2012-01-07,CA,CA_3,22
2012-01-07,CA,CA_4,3
2012-01-07,TX,TX_1,0
2012-01-07,TX,TX_2,8
2012-01-07,TX,TX_3,1
2012-01-07,WI,WI_1,7
2012-01-07,WI,WI_2,1
2012-01-07,WI,WI_3,8
2012-01-08,CA,CA_1,9
2012-01-08,CA,CA_2,12
2012-01-08,CA,CA_3,17
2012-01-08,CA,CA_4,2
2012-01-08,TX,TX_1,1
2012-01-08,TX,TX_2,3
2012-01-08,TX,TX_3,2
2012-01-08,WI,WI_1,1
2012-01-08,WI,WI_2,2
2012-01-08,WI,WI_3,11
2012-01-09,CA,CA_1,3
2012-01-09,CA,CA_2,9
2012-01-09,CA,CA_3,14
2012-01-09,CA,CA_4,3
2012-01-09,TX,TX_1,2
2012-01-09,TX,TX_2,3
2012-01-09,TX,TX_3,3
2012-01-09,WI,WI_1,3
2012-01-09,WI,WI_2,4
2012-01-09,WI,WI_3,12
2012-01-10,CA,CA_1,8
2012-01-10,CA,CA_2,5
2012-01-10,CA,CA_3,9
2012-01-10,CA,CA_4,4
2012-01-10,TX,TX_1,1
2012-01-10,TX,TX_2,7
2012-01-10,TX,TX_3,0
2012-01-10,WI,WI_1,6
2012-01-10,WI,WI_2,2
2012-01-10,WI,WI_3,9
2012-01-11,CA,CA_1,9
2012-01-11,CA,CA_2,5
2012-01-11,CA,CA_3,11
2012-01-11,CA,CA_4,3
2012-01-11,TX,TX_1,3
2012-01-11,TX,TX_2,7
2012-01-11,TX,TX_3,1
2012-01-11,WI,WI_1,14
2012-01-11,WI,WI_2,5
2012-01-11,WI,WI_3,9
2012-01-12,CA,CA_1,8
2012-01-12,CA,CA_2,0
2012-01-12,CA,CA_3,5
2012-01-12,CA,CA_4,1
2012-01-12,TX,TX_1,2
2012-01-12,TX,TX_2,4
2012-01-12,TX,TX_3,2
2012-01-12,WI,WI_1,2
2012-01-12,WI,WI_2,5
2012-01-12,WI,WI_3,6
2012-01-13,CA,CA_1,4
2012-01-13,CA,CA_2,4
2012-01-13,CA,CA_3,2
2012-01-13,CA,CA_4,0
2012-01-13,TX,TX_1,1
2012-01-13,TX,TX_2,5
2012-01-13,TX,TX_3,2
2012-01-13,WI,WI_1,1
2012-01-13,WI,WI_2,2
2012-01-13,WI,WI_3,7
2012-01-14,CA,CA_1,9
2012-01-14,CA,CA_2,5
2012-01-14,CA,CA_3,12
2012-01-14,CA,CA_4,2
2012-01-14,TX,TX_1,2
2012-01-14,TX,TX_2,2
2012-01-14,TX,TX_3,2
2012-01-14,WI,WI_1,6
2012-01-14,WI,WI_2,0
2012-01-14,WI,WI_3,9
2012-01-15,CA,CA_1,7
2012-01-15,CA,CA_2,2
2012-01-15,CA,CA_3,15
2012-01-15,CA,CA_4,4
2012-01-15,TX,TX_1,0
2012-01-15,TX,TX_2,3
2012-01-15,TX,TX_3,3
2012-01-15,WI,WI_1,2
2012-01-15,WI,WI_2,2
2012-01-15,WI,WI_3,5
2012-01-16,CA,CA_1,7
2012-01-16,CA,CA_2,8
2012-01-16,CA,CA_3,2
2012-01-16,CA,CA_4,2
2012-01-16,TX,TX_1,0
2012-01-16,TX,TX_2,7
2012-01-16,TX,TX_3,2
2012-01-16,WI,WI_1,4
2012-01-16,WI,WI_2,2
2012-01-16,WI,WI_3,15
2012-01-17,CA,CA_1,7
2012-01-17,CA,CA_2,2
2012-01-17,CA,CA_3,6
2012-01-17,CA,CA_4,3
2012-01-17,TX,TX_1,0
2012-01-17,TX,TX_2,6
2012-01-17,TX,TX_3,0
2012-01-17,WI,WI_1,0
2012-01-17,WI,WI_2,6
2012-01-17,WI,WI_3,5
2012-01-18,CA,CA_1,1
2012-01-18,CA,CA_2,5
2012-01-18,CA,CA_3,7
2012-01-18,CA,CA_4,0
2012-01-18,TX,TX_1,0
2012-01-18,TX,TX_2,0
2012-01-18,TX,TX_3,0
2012-01-18,WI,WI_1,4
2012-01-18,WI,WI_2,1
2012-01-18,WI,WI_3,7
2012-01-19,CA,CA_1,7
2012-01-19,CA,CA_2,2
2012-01-19,CA,CA_3,4
2012-01-19,CA,CA_4,4
2012-01-19,TX,TX_1,0
2012-01-19,TX,TX_2,2
2012-01-19,TX,TX_3,4
2012-01-19,WI,WI_1,3
2012-01-19,WI,WI_2,1
2012-01-19,WI,WI_3,2
2012-01-20,CA,CA_1,1
2012-01-20,CA,CA_2,2
2012-01-20,CA,CA_3,4
2012-01-20,CA,CA_4,4
2012-01-20,TX,TX_1,1
2012-01-20,TX,TX_2,4
2012-01-20,TX,TX_3,1
2012-01-20,WI,WI_1,1
2012-01-20,WI,WI_2,1
2012-01-20,WI,WI_3,10
2012-01-21,CA,CA_1,6
2012-01-21,CA,CA_2,2
2012-01-21,CA,CA_3,11
2012-01-21,CA,CA_4,7
2012-01-21,TX,TX_1,3
2012-01-21,TX,TX_2,1
2012-01-21,TX,TX_3,1
2012-01-21,WI,WI_1,7
2012-01-21,WI,WI_2,6
2012-01-21,WI,WI_3,9
2012-01-22,CA,CA_1,4
2012-01-22,CA,CA_2,1
2012-01-22,CA,CA_3,6
2012-01-22,CA,CA_4,1
2012-01-22,TX,TX_1,3
2012-01-22,TX,TX_2,3
2012-01-22,TX,TX_3,3
2012-01-22,WI,WI_1,4
2012-01-22,WI,WI_2,1
2012-01-22,WI,WI_3,9
2012-01-23,CA,CA_1,3
2012-01-23,CA,CA_2,2
2012-01-23,CA,CA_3,4
2012-01-23,CA,CA_4,3
2012-01-23,TX,TX_1,0
2012-01-23,TX,TX_2,5
2012-01-23,TX,TX_3,1
2012-01-23,WI,WI_1,1
2012-01-23,WI,WI_2,0
2012-01-23,WI,WI_3,1
2012-01-24,CA,CA_1,4
2012-01-24,CA,CA_2,3
2012-01-24,CA,CA_3,17
2012-01-24,CA,CA_4,2
2012-01-24,TX,TX_1,1
2012-01-24,TX,TX_2,4
2012-01-24,TX,TX_3,1
2012-01-24,WI,WI_1,3
2012-01-24,WI,WI_2,0
2012-01-24,WI,WI_3,11
2012-01-25,CA,CA_1,2
2012-01-25,CA,CA_2,1
2012-01-25,CA,CA_3,8
2012-01-25,CA,CA_4,0
2012-01-25,TX,TX_1,0
2012-01-25,TX,TX_2,6
2012-01-25,TX,TX_3,0
2012-01-25,WI,WI_1,5
2012-01-25,WI,WI_2,2
2012-01-25,WI,WI_3,4
2012-01-26,CA,CA_1,4
2012-01-26,CA,CA_2,3
2012-01-26,CA,CA_3,5
2012-01-26,CA,CA_4,3
2012-01-26,TX,TX_1,0
2012-01-26,TX,TX_2,3
2012-01-26,TX,TX_3,5
2012-01-26,WI,WI_1,1
2012-01-26,WI,WI_2,2
2012-01-26,WI,WI_3,1
2012-01-27,CA,CA_1,11
2012-01-27,CA,CA_2,2
2012-01-27,CA,CA_3,8
2012-01-27,CA,CA_4,4
2012-01-27,TX,TX_1,1
2012-01-27,TX,TX_2,1
2012-01-27,TX,TX_3,3
2012-01-27,WI,WI_1,0
2012-01-27,WI,WI_2,1
2012-01-27,WI,WI_3,5
2012-01-28,CA,CA_1,4
2012-01-28,CA,CA_2,3
2012-01-28,CA,CA_3,3
2012-01-28,CA,CA_4,2
2012-01-28,TX,TX_1,1
2012-01-28,TX,TX_2,4
2012-01-28,TX,TX_3,0
2012-01-28,WI,WI_1,5
2012-01-28,WI,WI_2,2
2012-01-28,WI,WI_3,5
2012-01-29,CA,CA_1,5
2012-01-29,CA,CA_2,2
2012-01-29,CA,CA_3,11
2012-01-29,CA,CA_4,1
2012-01-29,TX,TX_1,0
2012-01-29,TX,TX_2,2
2012-01-29,TX,TX_3,5
2012-01-29,WI,WI_1,7
2012-01-29,WI,WI_2,4
2012-01-29,WI,WI_3,5
2012-01-30,CA,CA_1,3
2012-01-30,CA,CA_2,2
2012-01-30,CA,CA_3,8
2012-01-30,CA,CA_4,6
2012-01-30,TX,TX_1,2
2012-01-30,TX,TX_2,2
2012-01-30,TX,TX_3,6
2012-01-30,WI,WI_1,12
2012-01-30,WI,WI_2,2
2012-01-30,WI,WI_3,2
2012-01-31,CA,CA_1,3
2012-01-31,CA,CA_2,2
2012-01-31,CA,CA_3,9
2012-01-31,CA,CA_4,0
2012-01-31,TX,TX_1,0
2012-01-31,TX,TX_2,0
2012-01-31,TX,TX_3,4
2012-01-31,WI,WI_1,5
2012-01-31,WI,WI_2,2
2012-01-31,WI,WI_3,1
2012-02-01,CA,CA_1,12
2012-02-01,CA,CA_2,1
2012-02-01,CA,CA_3,12
2012-02-01,CA,CA_4,2
2012-02-01,TX,TX_1,0
2012-02-01,TX,TX_2,2
2012-02-01,TX,TX_3,3
2012-02-01,WI,WI_1,2
2012-02-01,WI,WI_2,2
2012-02-01,WI,WI_3,12
2012-02-02,CA,CA_1,9
2012-02-02,CA,CA_2,2
2012-02-02,CA,CA_3,17
2012-02-02,CA,CA_4,1
2012-02-02,TX,TX_1,1
2012-02-02,TX,TX_2,2
2012-02-02,TX,TX_3,0
2012-02-02,WI,WI_1,1
2012-02-02,WI,WI_2,4
2012-02-02,WI,WI_3,1
2012-02-03,CA,CA_1,12
2012-02-03,CA,CA_2,2
2012-02-03,CA,CA_3,18
2012-02-03,CA,CA_4,0
2012-02-03,TX,TX_1,0
2012-02-03,TX,TX_2,1
2012-02-03,TX,TX_3,1
2012-02-03,WI,WI_1,4
2012-02-03,WI,WI_2,11
2012-02-03,WI,WI_3,0
2012-02-04,CA,CA_1,18
2012-02-04,CA,CA_2,2
2012-02-04,CA,CA_3,23
2012-02-04,CA,CA_4,5
2012-02-04,TX,TX_1,2
2012-02-04,TX,TX_2,8
2012-02-04,TX,TX_3,3
2012-02-04,WI,WI_1,11
2012-02-04,WI,WI_2,5
2012-02-04,WI,WI_3,0
2012-02-05,CA,CA_1,5
2012-02-05,CA,CA_2,4
2012-02-05,CA,CA_3,6
2012-02-05,CA,CA_4,3
2012-02-05,TX,TX_1,3
2012-02-05,TX,TX_2,5
2012-02-05,TX,TX_3,5
2012-02-05,WI,WI_1,6
2012-02-05,WI,WI_2,2
2012-02-05,WI,WI_3,7
2012-02-06,CA,CA_1,12
2012-02-06,CA,CA_2,2
2012-02-06,CA,CA_3,4
2012-02-06,CA,CA_4,4
2012-02-06,TX,TX_1,2
2012-02-06,TX,TX_2,5
2012-02-06,TX,TX_3,4
2012-02-06,WI,WI_1,6
2012-02-06,WI,WI_2,5
2012-02-06,WI,WI_3,4
2012-02-07,CA,CA_1,3
2012-02-07,CA,CA_2,3
2012-02-07,CA,CA_3,10
2012-02-07,CA,CA_4,2
2012-02-07,TX,TX_1,0
2012-02-07,TX,TX_2,4
2012-02-07,TX,TX_3,4
2012-02-07,WI,WI_1,0
2012-02-07,WI,WI_2,0
2012-02-07,WI,WI_3,6
2012-02-08,CA,CA_1,9
2012-02-08,CA,CA_2,0
2012-02-08,CA,CA_3,7
2012-02-08,CA,CA_4,1
2012-02-08,TX,TX_1,1
2012-02-08,TX,TX_2,1
2012-02-08,TX,TX_3,0
2012-02-08,WI,WI_1,6
2012-02-08,WI,WI_2,2
2012-02-08,WI,WI_3,18
2012-02-09,CA,CA_1,6
2012-02-09,CA,CA_2,1
2012-02-09,CA,CA_3,5
2012-02-09,CA,CA_4,6
2012-02-09,TX,TX_1,0
2012-02-09,TX,TX_2,0
2012-02-09,TX,TX_3,0
2012-02-09,WI,WI_1,6
2012-02-09,WI,WI_2,3
2012-02-09,WI,WI_3,1
2012-02-10,CA,CA_1,7
2012-02-10,CA,CA_2,5
2012-02-10,CA,CA_3,20
2012-02-10,CA,CA_4,0
2012-02-10,TX,TX_1,0
2012-02-10,TX,TX_2,1
2012-02-10,TX,TX_3,0
2012-02-10,WI,WI_1,0
2012-02-10,WI,WI_2,7
2012-02-10,WI,WI_3,6
2012-02-11,CA,CA_1,10
2012-02-11,CA,CA_2,6
2012-02-11,CA,CA_3,5
2012-02-11,CA,CA_4,0
2012-02-11,TX,TX_1,1
2012-02-11,TX,TX_2,2
2012-02-11,TX,TX_3,0
2012-02-11,WI,WI_1,6
2012-02-11,WI,WI_2,1
2012-02-11,WI,WI_3,7
2012-02-12,CA,CA_1,7
2012-02-12,CA,CA_2,4
2012-02-12,CA,CA_3,28
2012-02-12,CA,CA_4,4
2012-02-12,TX,TX_1,7
2012-02-12,TX,TX_2,3
2012-02-12,TX,TX_3,2
2012-02-12,WI,WI_1,4
2012-02-12,WI,WI_2,2
2012-02-12,WI,WI_3,12
2012-02-13,CA,CA_1,4
2012-02-13,CA,CA_2,4
2012-02-13,CA,CA_3,13
2012-02-13,CA,CA_4,2
2012-02-13,TX,TX_1,0
2012-02-13,TX,TX_2,1
2012-02-13,TX,TX_3,4
2012-02-13,WI,WI_1,5
2012-02-13,WI,WI_2,2
2012-02-13,WI,WI_3,8
2012-02-14,CA,CA_1,1
2012-02-14,CA,CA_2,4
2012-02-14,CA,CA_3,7
2012-02-14,CA,CA_4,3
2012-02-14,TX,TX_1,0
2012-02-14,TX,TX_2,6
2012-02-14,TX,TX_3,6
2012-02-14,WI,WI_1,1
2012-02-14,WI,WI_2,0
2012-02-14,WI,WI_3,3
2012-02-15,CA,CA_1,10
2012-02-15,CA,CA_2,4
2012-02-15,CA,CA_3,9
2012-02-15,CA,CA_4,2
2012-02-15,TX,TX_1,1
2012-02-15,TX,TX_2,3
2012-02-15,TX,TX_3,1
2012-02-15,WI,WI_1,5
2012-02-15,WI,WI_2,3
2012-02-15,WI,WI_3,11
2012-02-16,CA,CA_1,2
2012-02-16,CA,CA_2,2
2012-02-16,CA,CA_3,9
2012-02-16,CA,CA_4,0
2012-02-16,TX,TX_1,2
2012-02-16,TX,TX_2,1
2012-02-16,TX,TX_3,2
2012-02-16,WI,WI_1,5
2012-02-16,WI,WI_2,2
2012-02-16,WI,WI_3,8
2012-02-17,CA,CA_1,4
2012-02-17,CA,CA_2,1
2012-02-17,CA,CA_3,1
2012-02-17,CA,CA_4,0
2012-02-17,TX,TX_1,0
2012-02-17,TX,TX_2,0
2012-02-17,TX,TX_3,3
2012-02-17,WI,WI_1,1
2012-02-17,WI,WI_2,6
2012-02-17,WI,WI_3,7
2012-02-18,CA,CA_1,6
2012-02-18,CA,CA_2,6
2012-02-18,CA,CA_3,7
2012-02-18,CA,CA_4,2
2012-02-18,TX,TX_1,0
2012-02-18,TX,TX_2,0
2012-02-18,TX,TX_3,7
2012-02-18,WI,WI_1,6
2012-02-18,WI,WI_2,1
2012-02-18,WI,WI_3,6
2012-02-19,CA,CA_1,10
2012-02-19,CA,CA_2,8
2012-02-19,CA,CA_3,6
2012-02-19,CA,CA_4,4
2012-02-19,TX,TX_1,1
2012-02-19,TX,TX_2,7
2012-02-19,TX,TX_3,2
2012-02-19,WI,WI_1,0
2012-02-19,WI,WI_2,2
2012-02-19,WI,WI_3,6
2012-02-20,CA,CA_1,5
2012-02-20,CA,CA_2,2
2012-02-20,CA,CA_3,14
2012-02-20,CA,CA_4,2
2012-02-20,TX,TX_1,1
2012-02-20,TX,TX_2,1
2012-02-20,TX,TX_3,1
2012-02-20,WI,WI_1,2
2012-02-20,WI,WI_2,2
2012-02-20,WI,WI_3,7
2012-02-21,CA,CA_1,2
2012-02-21,CA,CA_2,1
2012-02-21,CA,CA_3,13
2012-02-21,CA,CA_4,3
2012-02-21,TX,TX_1,1
2012-02-21,TX,TX_2,4
2012-02-21,TX,TX_3,2
2012-02-21,WI,WI_1,2
2012-02-21,WI,WI_2,3
2012-02-21,WI,WI_3,4
2012-02-22,CA,CA_1,4
2012-02-22,CA,CA_2,6
2012-02-22,CA,CA_3,4
2012-02-22,CA,CA_4,0
2012-02-22,TX,TX_1,1
2012-02-22,TX,TX_2,0
2012-02-22,TX,TX_3,3
2012-02-22,WI,WI_1,4
2012-02-22,WI,WI_2,2
2012-02-22,WI,WI_3,3
2012-02-23,CA,CA_1,3
2012-02-23,CA,CA_2,2
2012-02-23,CA,CA_3,3
2012-02-23,CA,CA_4,0
2012-02-23,TX,TX_1,1
2012-02-23,TX,TX_2,0
2012-02-23,TX,TX_3,4
2012-02-23,WI,WI_1,7
2012-02-23,WI,WI_2,1
2012-02-23,WI,WI_3,4
2012-02-24,CA,CA_1,1
2012-02-24,CA,CA_2,1
2012-02-24,CA,CA_3,9
2012-02-24,CA,CA_4,4
2012-02-24,TX,TX_1,0
2012-02-24,TX,TX_2,0
2012-02-24,TX,TX_3,4
2012-02-24,WI,WI_1,5
2012-02-24,WI,WI_2,3
2012-02-24,WI,WI_3,9
2012-02-25,CA,CA_1,3
2012-02-25,CA,CA_2,4
2012-02-25,CA,CA_3,0
2012-02-25,CA,CA_4,8
2012-02-25,TX,TX_1,2
2012-02-25,TX,TX_2,3
2012-02-25,TX,TX_3,6
2012-02-25,WI,WI_1,3
2012-02-25,WI,WI_2,0
2012-02-25,WI,WI_3,0
2012-02-26,CA,CA_1,5
2012-02-26,CA,CA_2,2
2012-02-26,CA,CA_3,0
2012-02-26,CA,CA_4,0
2012-02-26,TX,TX_1,1
2012-02-26,TX,TX_2,1
2012-02-26,TX,TX_3,6
2012-02-26,WI,WI_1,5
2012-02-26,WI,WI_2,0
2012-02-26,WI,WI_3,0
2012-02-27,CA,CA_1,6
2012-02-27,CA,CA_2,5
2012-02-27,CA,CA_3,0
2012-02-27,CA,CA_4,0
2012-02-27,TX,TX_1,0
2012-02-27,TX,TX_2,1
2012-02-27,TX,TX_3,1
2012-02-27,WI,WI_1,3
2012-02-27,WI,WI_2,2
2012-02-27,WI,WI_3,0
2012-02-28,CA,CA_1,0
2012-02-28,CA,CA_2,1
2012-02-28,CA,CA_3,1
2012-02-28,CA,CA_4,0
2012-02-28,TX,TX_1,0
2012-02-28,TX,TX_2,0
2012-02-28,TX,TX_3,3
2012-02-28,WI,WI_1,9
2012-02-28,WI,WI_2,1
2012-02-28,WI,WI_3,0
2012-02-29,CA,CA_1,2
2012-02-29,CA,CA_2,0
2012-02-29,CA,CA_3,5
2012-02-29,CA,CA_4,0
2012-02-29,TX,TX_1,0
2012-02-29,TX,TX_2,0
2012-02-29,TX,TX_3,1
2012-02-29,WI,WI_1,0
2012-02-29,WI,WI_2,0
2012-02-29,WI,WI_3,10
2012-03-01,CA,CA_1,0
2012-03-01,CA,CA_2,0
2012-03-01,CA,CA_3,11
2012-03-01,CA,CA_4,0
2012-03-01,TX,TX_1,1
2012-03-01,TX,TX_2,1
2012-03-01,TX,TX_3,2
2012-03-01,WI,WI_1,2
2012-03-01,WI,WI_2,0
2012-03-01,WI,WI_3,7
2012-03-02,CA,CA_1,0
2012-03-02,CA,CA_2,0
2012-03-02,CA,CA_3,4
2012-03-02,CA,CA_4,0
2012-03-02,TX,TX_1,0
2012-03-02,TX,TX_2,10
2012-03-02,TX,TX_3,2
2012-03-02,WI,WI_1,1
2012-03-02,WI,WI_2,2
2012-03-02,WI,WI_3,12
2012-03-03,CA,CA_1,6
2012-03-03,CA,CA_2,5
2012-03-03,CA,CA_3,17
2012-03-03,CA,CA_4,4
2012-03-03,TX,TX_1,1
2012-03-03,TX,TX_2,3
2012-03-03,TX,TX_3,1
2012-03-03,WI,WI_1,7
2012-03-03,WI,WI_2,5
2012-03-03,WI,WI_3,12
2012-03-04,CA,CA_1,16
2012-03-04,CA,CA_2,2
2012-03-04,CA,CA_3,11
2012-03-04,CA,CA_4,5
2012-03-04,TX,TX_1,3
2012-03-04,TX,TX_2,6
2012-03-04,TX,TX_3,3
2012-03-04,WI,WI_1,0
2012-03-04,WI,WI_2,1
2012-03-04,WI,WI_3,4
2012-03-05,CA,CA_1,19
2012-03-05,CA,CA_2,1
2012-03-05,CA,CA_3,9
2012-03-05,CA,CA_4,0
2012-03-05,TX,TX_1,3
2012-03-05,TX,TX_2,4
2012-03-05,TX,TX_3,2
2012-03-05,WI,WI_1,0
2012-03-05,WI,WI_2,3
2012-03-05,WI,WI_3,10
2012-03-06,CA,CA_1,5
2012-03-06,CA,CA_2,2
2012-03-06,CA,CA_3,5
2012-03-06,CA,CA_4,0
2012-03-06,TX,TX_1,0
2012-03-06,TX,TX_2,2
2012-03-06,TX,TX_3,2
2012-03-06,WI,WI_1,6
2012-03-06,WI,WI_2,3
2012-03-06,WI,WI_3,4
2012-03-07,CA,CA_1,1
2012-03-07,CA,CA_2,2
2012-03-07,CA,CA_3,12
2012-03-07,CA,CA_4,1
2012-03-07,TX,TX_1,0
2012-03-07,TX,TX_2,3
2012-03-07,TX,TX_3,3
2012-03-07,WI,WI_1,1
2012-03-07,WI,WI_2,1
2012-03-07,WI,WI_3,4
2012-03-08,CA,CA_1,3
2012-03-08,CA,CA_2,0
2012-03-08,CA,CA_3,11
2012-03-08,CA,CA_4,0
2012-03-08,TX,TX_1,7
2012-03-08,TX,TX_2,0
2012-03-08,TX,TX_3,2
2012-03-08,WI,WI_1,1
2012-03-08,WI,WI_2,2
2012-03-08,WI,WI_3,6
2012-03-09,CA,CA_1,7
2012-03-09,CA,CA_2,2
2012-03-09,CA,CA_3,15
2012-03-09,CA,CA_4,2
2012-03-09,TX,TX_1,2
2012-03-09,TX,TX_2,0
2012-03-09,TX,TX_3,0
2012-03-09,WI,WI_1,4
2012-03-09,WI,WI_2,4
2012-03-09,WI,WI_3,11
2012-03-10,CA,CA_1,3
2012-03-10,CA,CA_2,5
2012-03-10,CA,CA_3,8
2012-03-10,CA,CA_4,5
2012-03-10,TX,TX_1,2
2012-03-10,TX,TX_2,5
2012-03-10,TX,TX_3,3
2012-03-10,WI,WI_1,11
2012-03-10,WI,WI_2,3
2012-03-10,WI,WI_3,9
2012-03-11,CA,CA_1,3
2012-03-11,CA,CA_2,2
2012-03-11,CA,CA_3,7
2012-03-11,CA,CA_4,2
2012-03-11,TX,TX_1,1
2012-03-11,TX,TX_2,3
2012-03-11,TX,TX_3,2
2012-03-11,WI,WI_1,0
2012-03-11,WI,WI_2,5
2012-03-11,WI,WI_3,7
2012-03-12,CA,CA_1,3
2012-03-12,CA,CA_2,11
2012-03-12,CA,CA_3,17
2012-03-12,CA,CA_4,2
2012-03-12,TX,TX_1,1
2012-03-12,TX,TX_2,3
2012-03-12,TX,TX_3,5
2012-03-12,WI,WI_1,1
2012-03-12,WI,WI_2,2
2012-03-12,WI,WI_3,8
2012-03-13,CA,CA_1,4
2012-03-13,CA,CA_2,2
2012-03-13,CA,CA_3,5
2012-03-13,CA,CA_4,4
2012-03-13,TX,TX_1,1
2012-03-13,TX,TX_2,2
2012-03-13,TX,TX_3,2
2012-03-13,WI,WI_1,0
2012-03-13,WI,WI_2,9
2012-03-13,WI,WI_3,3
2012-03-14,CA,CA_1,1
2012-03-14,CA,CA_2,0
2012-03-14,CA,CA_3,5
2012-03-14,CA,CA_4,1
2012-03-14,TX,TX_1,1
2012-03-14,TX,TX_2,1
2012-03-14,TX,TX_3,1
2012-03-14,WI,WI_1,3
2012-03-14,WI,WI_2,1
2012-03-14,WI,WI_3,10
2012-03-15,CA,CA_1,0
2012-03-15,CA,CA_2,5
2012-03-15,CA,CA_3,4
2012-03-15,CA,CA_4,1
2012-03-15,TX,TX_1,2
2012-03-15,TX,TX_2,5
2012-03-15,TX,TX_3,0
2012-03-15,WI,WI_1,8
2012-03-15,WI,WI_2,2
2012-03-15,WI,WI_3,8
2012-03-16,CA,CA_1,4
2012-03-16,CA,CA_2,4
2012-03-16,CA,CA_3,8
2012-03-16,CA,CA_4,1
2012-03-16,TX,TX_1,1
2012-03-16,TX,TX_2,3
2012-03-16,TX,TX_3,3
2012-03-16,WI,WI_1,3
2012-03-16,WI,WI_2,4
2012-03-16,WI,WI_3,5
2012-03-17,CA,CA_1,4
2012-03-17,CA,CA_2,0
2012-03-17,CA,CA_3,6
2012-03-17,CA,CA_4,7
2012-03-17,TX,TX_1,2
2012-03-17,TX,TX_2,2
2012-03-17,TX,TX_3,8
2012-03-17,WI,WI_1,9
2012-03-17,WI,WI_2,3
2012-03-17,WI,WI_3,9
2012-03-18,CA,CA_1,10
2012-03-18,CA,CA_2,2
2012-03-18,CA,CA_3,13
2012-03-18,CA,CA_4,0
2012-03-18,TX,TX_1,3
2012-03-18,TX,TX_2,5
2012-03-18,TX,TX_3,2
2012-03-18,WI,WI_1,1
2012-03-18,WI,WI_2,3
2012-03-18,WI,WI_3,11
2012-03-19,CA,CA_1,1
2012-03-19,CA,CA_2,4
2012-03-19,CA,CA_3,1
2012-03-19,CA,CA_4,0
2012-03-19,TX,TX_1,0
2012-03-19,TX,TX_2,1
2012-03-19,TX,TX_3,2
2012-03-19,WI,WI_1,2
2012-03-19,WI,WI_2,0
2012-03-19,WI,WI_3,2
2012-03-20,CA,CA_1,3
2012-03-20,CA,CA_2,0
2012-03-20,CA,CA_3,2
2012-03-20,CA,CA_4,1
2012-03-20,TX,TX_1,0
2012-03-20,TX,TX_2,3
2012-03-20,TX,TX_3,0
2012-03-20,WI,WI_1,3
2012-03-20,WI,WI_2,0
2012-03-20,WI,WI_3,9
2012-03-21,CA,CA_1,0
2012-03-21,CA,CA_2,0
2012-03-21,CA,CA_3,6
2012-03-21,CA,CA_4,4
2012-03-21,TX,TX_1,0
2012-03-21,TX,TX_2,2
2012-03-21,TX,TX_3,0
2012-03-21,WI,WI_1,11
2012-03-21,WI,WI_2,1
2012-03-21,WI,WI_3,10
2012-03-22,CA,CA_1,4
2012-03-22,CA,CA_2,0
2012-03-22,CA,CA_3,4
2012-03-22,CA,CA_4,1
2012-03-22,TX,TX_1,0
2012-03-22,TX,TX_2,0
2012-03-22,TX,TX_3,1
2012-03-22,WI,WI_1,4
2012-03-22,WI,WI_2,0
2012-03-22,WI,WI_3,4
2012-03-23,CA,CA_1,7
2012-03-23,CA,CA_2,2
2012-03-23,CA,CA_3,7
2012-03-23,CA,CA_4,5
2012-03-23,TX,TX_1,2
2012-03-23,TX,TX_2,1
2012-03-23,TX,TX_3,1
2012-03-23,WI,WI_1,2
2012-03-23,WI,WI_2,2
2012-03-23,WI,WI_3,10
2012-03-24,CA,CA_1,3
2012-03-24,CA,CA_2,0
2012-03-24,CA,CA_3,12
2012-03-24,CA,CA_4,0
2012-03-24,TX,TX_1,2
2012-03-24,TX,TX_2,6
2012-03-24,TX,TX_3,0
2012-03-24,WI,WI_1,1
2012-03-24,WI,WI_2,2
2012-03-24,WI,WI_3,12
2012-03-25,CA,CA_1,5
2012-03-25,CA,CA_2,1
2012-03-25,CA,CA_3,4
2012-03-25,CA,CA_4,6
2012-03-25,TX,TX_1,1
2012-03-25,TX,TX_2,4
2012-03-25,TX,TX_3,2
2012-03-25,WI,WI_1,3
2012-03-25,WI,WI_2,3
2012-03-25,WI,WI_3,5
2012-03-26,CA,CA_1,2
2012-03-26,CA,CA_2,5
2012-03-26,CA,CA_3,6
2012-03-26,CA,CA_4,3
2012-03-26,TX,TX_1,0
2012-03-26,TX,TX_2,4
2012-03-26,TX,TX_3,1
2012-03-26,WI,WI_1,2
2012-03-26,WI,WI_2,4
2012-03-26,WI,WI_3,5
2012-03-27,CA,CA_1,7
2012-03-27,CA,CA_2,1
2012-03-27,CA,CA_3,0
2012-03-27,CA,CA_4,3
2012-03-27,TX,TX_1,4
2012-03-27,TX,TX_2,1
2012-03-27,TX,TX_3,1
2012-03-27,WI,WI_1,1
2012-03-27,WI,WI_2,0
2012-03-27,WI,WI_3,9
2012-03-28,CA,CA_1,3
2012-03-28,CA,CA_2,4
2012-03-28,CA,CA_3,0
2012-03-28,CA,CA_4,0
2012-03-28,TX,TX_1,1
2012-03-28,TX,TX_2,2
2012-03-28,TX,TX_3,1
2012-03-28,WI,WI_1,4
2012-03-28,WI,WI_2,0
2012-03-28,WI,WI_3,0
2012-03-29,CA,CA_1,0
2012-03-29,CA,CA_2,6
2012-03-29,CA,CA_3,6
2012-03-29,CA,CA_4,1
2012-03-29,TX,TX_1,0
2012-03-29,TX,TX_2,2
2012-03-29,TX,TX_3,3
2012-03-29,WI,WI_1,1
2012-03-29,WI,WI_2,6
2012-03-29,WI,WI_3,6
2012-03-30,CA,CA_1,5
2012-03-30,CA,CA_2,2
2012-03-30,CA,CA_3,9
2012-03-30,CA,CA_4,2
2012-03-30,TX,TX_1,1
2012-03-30,TX,TX_2,3
2012-03-30,TX,TX_3,0
2012-03-30,WI,WI_1,2
2012-03-30,WI,WI_2,0
2012-03-30,WI,WI_3,6
2012-03-31,CA,CA_1,6
2012-03-31,CA,CA_2,3
2012-03-31,CA,CA_3,10
2012-03-31,CA,CA_4,4
2012-03-31,TX,TX_1,2
2012-03-31,TX,TX_2,2
2012-03-31,TX,TX_3,0
2012-03-31,WI,WI_1,6
2012-03-31,WI,WI_2,1
2012-03-31,WI,WI_3,8
2012-04-01,CA,CA_1,7
2012-04-01,CA,CA_2,4
2012-04-01,CA,CA_3,4
2012-04-01,CA,CA_4,2
2012-04-01,TX,TX_1,2
2012-04-01,TX,TX_2,4
2012-04-01,TX,TX_3,2
2012-04-01,WI,WI_1,5
2012-04-01,WI,WI_2,5
2012-04-01,WI,WI_3,4
2012-04-02,CA,CA_1,1
2012-04-02,CA,CA_2,5
2012-04-02,CA,CA_3,4
2012-04-02,CA,CA_4,2
2012-04-02,TX,TX_1,0
2012-04-02,TX,TX_2,2
2012-04-02,TX,TX_3,2
2012-04-02,WI,WI_1,2
2012-04-02,WI,WI_2,2
2012-04-02,WI,WI_3,12
2012-04-03,CA,CA_1,5
2012-04-03,CA,CA_2,5
2012-04-03,CA,CA_3,21
2012-04-03,CA,CA_4,0
2012-04-03,TX,TX_1,4
2012-04-03,TX,TX_2,2
2012-04-03,TX,TX_3,4
2012-04-03,WI,WI_1,4
2012-04-03,WI,WI_2,4
2012-04-03,WI,WI_3,10
2012-04-04,CA,CA_1,5
2012-04-04,CA,CA_2,1
2012-04-04,CA,CA_3,11
2012-04-04,CA,CA_4,3
2012-04-04,TX,TX_1,0
2012-04-04,TX,TX_2,3
2012-04-04,TX,TX_3,2
2012-04-04,WI,WI_1,5
2012-04-04,WI,WI_2,0
2012-04-04,WI,WI_3,4
2012-04-05,CA,CA_1,1
2012-04-05,CA,CA_2,0
2012-04-05,CA,CA_3,11
2012-04-05,CA,CA_4,1
2012-04-05,TX,TX_1,0
2012-04-05,TX,TX_2,1
2012-04-05,TX,TX_3,5
2012-04-05,WI,WI_1,1
2012-04-05,WI,WI_2,4
2012-04-05,WI,WI_3,3
2012-04-06,CA,CA_1,6
2012-04-06,CA,CA_2,2
2012-04-06,CA,CA_3,14
2012-04-06,CA,CA_4,0
2012-04-06,TX,TX_1,3
2012-04-06,TX,TX_2,0
2012-04-06,TX,TX_3,0
2012-04-06,WI,WI_1,3
2012-04-06,WI,WI_2,0
2012-04-06,WI,WI_3,28
2012-04-07,CA,CA_1,7
2012-04-07,CA,CA_2,9
2012-04-07,CA,CA_3,6
2012-04-07,CA,CA_4,2
2012-04-07,TX,TX_1,1
2012-04-07,TX,TX_2,1
2012-04-07,TX,TX_3,0
2012-04-07,WI,WI_1,1
2012-04-07,WI,WI_2,2
2012-04-07,WI,WI_3,4
2012-04-08,CA,CA_1,5
2012-04-08,CA,CA_2,3
2012-04-08,CA,CA_3,9
2012-04-08,CA,CA_4,1
2012-04-08,TX,TX_1,2
2012-04-08,TX,TX_2,0
2012-04-08,TX,TX_3,0
2012-04-08,WI,WI_1,5
2012-04-08,WI,WI_2,0
2012-04-08,WI,WI_3,4
2012-04-09,CA,CA_1,3
2012-04-09,CA,CA_2,5
2012-04-09,CA,CA_3,10
2012-04-09,CA,CA_4,3
2012-04-09,TX,TX_1,0
2012-04-09,TX,TX_2,4
2012-04-09,TX,TX_3,4
2012-04-09,WI,WI_1,3
2012-04-09,WI,WI_2,3
2012-04-09,WI,WI_3,7
2012-04-10,CA,CA_1,2
2012-04-10,CA,CA_2,0
2012-04-10,CA,CA_3,7
2012-04-10,CA,CA_4,2
2012-04-10,TX,TX_1,2
2012-04-10,TX,TX_2,1
2012-04-10,TX,TX_3,0
2012-04-10,WI,WI_1,3
2012-04-10,WI,WI_2,1
2012-04-10,WI,WI_3,2
2012-04-11,CA,CA_1,2
2012-04-11,CA,CA_2,0
2012-04-11,CA,CA_3,5
2012-04-11,CA,CA_4,2
2012-04-11,TX,TX_1,0
2012-04-11,TX,TX_2,4
2012-04-11,TX,TX_3,1
2012-04-11,WI,WI_1,2
2012-04-11,WI,WI_2,0
2012-04-11,WI,WI_3,6
2012-04-12,CA,CA_1,3
2012-04-12,CA,CA_2,1
2012-04-12,CA,CA_3,6
2012-04-12,CA,CA_4,1
2012-04-12,TX,TX_1,0
2012-04-12,TX,TX_2,7
2012-04-12,TX,TX_3,1
2012-04-12,WI,WI_1,3
2012-04-12,WI,WI_2,1
2012-04-12,WI,WI_3,3
2012-04-13,CA,CA_1,1
2012-04-13,CA,CA_2,0
2012-04-13,CA,CA_3,10
2012-04-13,CA,CA_4,1
2012-04-13,TX,TX_1,2
2012-04-13,TX,TX_2,1
2012-04-13,TX,TX_3,1
2012-04-13,WI,WI_1,5
2012-04-13,WI,WI_2,6
2012-04-13,WI,WI_3,4
2012-04-14,CA,CA_1,4
2012-04-14,CA,CA_2,16
2012-04-14,CA,CA_3,4
2012-04-14,CA,CA_4,4
2012-04-14,TX,TX_1,1
2012-04-14,TX,TX_2,0
2012-04-14,TX,TX_3,3
2012-04-14,WI,WI_1,5
2012-04-14,WI,WI_2,3
2012-04-14,WI,WI_3,3
2012-04-15,CA,CA_1,5
2012-04-15,CA,CA_2,2
2012-04-15,CA,CA_3,6
2012-04-15,CA,CA_4,5
2012-04-15,TX,TX_1,3
2012-04-15,TX,TX_2,11
2012-04-15,TX,TX_3,3
2012-04-15,WI,WI_1,3
2012-04-15,WI,WI_2,2
2012-04-15,WI,WI_3,7
2012-04-16,CA,CA_1,2
2012-04-16,CA,CA_2,1
2012-04-16,CA,CA_3,5
2012-04-16,CA,CA_4,0
2012-04-16,TX,TX_1,0
2012-04-16,TX,TX_2,3
2012-04-16,TX,TX_3,1
2012-04-16,WI,WI_1,1
2012-04-16,WI,WI_2,1
2012-04-16,WI,WI_3,4
2012-04-17,CA,CA_1,2
2012-04-17,CA,CA_2,1
2012-04-17,CA,CA_3,6
2012-04-17,CA,CA_4,0
2012-04-17,TX,TX_1,0
2012-04-17,TX,TX_2,0
2012-04-17,TX,TX_3,3
2012-04-17,WI,WI_1,3
2012-04-17,WI,WI_2,3
2012-04-17,WI,WI_3,5
2012-04-18,CA,CA_1,2
2012-04-18,CA,CA_2,0
2012-04-18,CA,CA_3,3
2012-04-18,CA,CA_4,2
2012-04-18,TX,TX_1,2
2012-04-18,TX,TX_2,0
2012-04-18,TX,TX_3,0
2012-04-18,WI,WI_1,5
2012-04-18,WI,WI_2,0
2012-04-18,WI,WI_3,2
2012-04-19,CA,CA_1,2
2012-04-19,CA,CA_2,2
2012-04-19,CA,CA_3,5
2012-04-19,CA,CA_4,1
2012-04-19,TX,TX_1,1
2012-04-19,TX,TX_2,5
2012-04-19,TX,TX_3,2
2012-04-19,WI,WI_1,5
2012-04-19,WI,WI_2,3
2012-04-19,WI,WI_3,3
2012-04-20,CA,CA_1,5
2012-04-20,CA,CA_2,1
2012-04-20,CA,CA_3,11
2012-04-20,CA,CA_4,11
2012-04-20,TX,TX_1,1
2012-04-20,TX,TX_2,5
2012-04-20,TX,TX_3,0
2012-04-20,WI,WI_1,2
2012-04-20,WI,WI_2,0
2012-04-20,WI,WI_3,8
2012-04-21,CA,CA_1,11
2012-04-21,CA,CA_2,8
2012-04-21,CA,CA_3,10
2012-04-21,CA,CA_4,1
2012-04-21,TX,TX_1,2
2012-04-21,TX,TX_2,3
2012-04-21,TX,TX_3,1
2012-04-21,WI,WI_1,3
2012-04-21,WI,WI_2,3
2012-04-21,WI,WI_3,8
2012-04-22,CA,CA_1,0
2012-04-22,CA,CA_2,7
2012-04-22,CA,CA_3,8
2012-04-22,CA,CA_4,0
2012-04-22,TX,TX_1,2
2012-04-22,TX,TX_2,7
2012-04-22,TX,TX_3,3
2012-04-22,WI,WI_1,3
2012-04-22,WI,WI_2,4
2012-04-22,WI,WI_3,5
2012-04-23,CA,CA_1,5
2012-04-23,CA,CA_2,8
2012-04-23,CA,CA_3,4
2012-04-23,CA,CA_4,5
2012-04-23,TX,TX_1,0
2012-04-23,TX,TX_2,1
2012-04-23,TX,TX_3,2
2012-04-23,WI,WI_1,2
2012-04-23,WI,WI_2,1
2012-04-23,WI,WI_3,2
2012-04-24,CA,CA_1,0
2012-04-24,CA,CA_2,1
2012-04-24,CA,CA_3,5
2012-04-24,CA,CA_4,2
2012-04-24,TX,TX_1,2
2012-04-24,TX,TX_2,7
2012-04-24,TX,TX_3,0
2012-04-24,WI,WI_1,4
2012-04-24,WI,WI_2,0
2012-04-24,WI,WI_3,12
2012-04-25,CA,CA_1,3
2012-04-25,CA,CA_2,4
2012-04-25,CA,CA_3,8
2012-04-25,CA,CA_4,0
2012-04-25,TX,TX_1,1
2012-04-25,TX,TX_2,2
2012-04-25,TX,TX_3,0
2012-04-25,WI,WI_1,0
2012-04-25,WI,WI_2,1
2012-04-25,WI,WI_3,2
2012-04-26,CA,CA_1,4
2012-04-26,CA,CA_2,1
2012-04-26,CA,CA_3,3
2012-04-26,CA,CA_4,1
2012-04-26,TX,TX_1,0
2012-04-26,TX,TX_2,0
2012-04-26,TX,TX_3,2
2012-04-26,WI,WI_1,0
2012-04-26,WI,WI_2,1
2012-04-26,WI,WI_3,4
2012-04-27,CA,CA_1,1
2012-04-27,CA,CA_2,3
2012-04-27,CA,CA_3,15
2012-04-27,CA,CA_4,3
2012-04-27,TX,TX_1,1
2012-04-27,TX,TX_2,0
2012-04-27,TX,TX_3,2
2012-04-27,WI,WI_1,1
2012-04-27,WI,WI_2,0
2012-04-27,WI,WI_3,6
2012-04-28,CA,CA_1,10
2012-04-28,CA,CA_2,1
2012-04-28,CA,CA_3,5
2012-04-28,CA,CA_4,1
2012-04-28,TX,TX_1,2
2012-04-28,TX,TX_2,2
2012-04-28,TX,TX_3,2
2012-04-28,WI,WI_1,6
2012-04-28,WI,WI_2,2
2012-04-28,WI,WI_3,4
2012-04-29,CA,CA_1,10
2012-04-29,CA,CA_2,0
2012-04-29,CA,CA_3,3
2012-04-29,CA,CA_4,2
2012-04-29,TX,TX_1,2
2012-04-29,TX,TX_2,1
2012-04-29,TX,TX_3,1
2012-04-29,WI,WI_1,4
2012-04-29,WI,WI_2,1
2012-04-29,WI,WI_3,3
2012-04-30,CA,CA_1,3
2012-04-30,CA,CA_2,1
2012-04-30,CA,CA_3,5
2012-04-30,CA,CA_4,8
2012-04-30,TX,TX_1,1
2012-04-30,TX,TX_2,1
2012-04-30,TX,TX_3,0
2012-04-30,WI,WI_1,1
2012-04-30,WI,WI_2,2
2012-04-30,WI,WI_3,1
2012-05-01,CA,CA_1,4
2012-05-01,CA,CA_2,2
2012-05-01,CA,CA_3,4
2012-05-01,CA,CA_4,3
2012-05-01,TX,TX_1,1
2012-05-01,TX,TX_2,2
2012-05-01,TX,TX_3,2
2012-05-01,WI,WI_1,12
2012-05-01,WI,WI_2,1
2012-05-01,WI,WI_3,11
2012-05-02,CA,CA_1,5
2012-05-02,CA,CA_2,5
2012-05-02,CA,CA_3,12
2012-05-02,CA,CA_4,1
2012-05-02,TX,TX_1,1
2012-05-02,TX,TX_2,0
2012-05-02,TX,TX_3,2
2012-05-02,WI,WI_1,7
2012-05-02,WI,WI_2,0
2012-05-02,WI,WI_3,7
2012-05-03,CA,CA_1,10
2012-05-03,CA,CA_2,1
2012-05-03,CA,CA_3,11
2012-05-03,CA,CA_4,1
2012-05-03,TX,TX_1,1
2012-05-03,TX,TX_2,1
2012-05-03,TX,TX_3,1
2012-05-03,WI,WI_1,3
2012-05-03,WI,WI_2,0
2012-05-03,WI,WI_3,5
2012-05-04,CA,CA_1,4
2012-05-04,CA,CA_2,2
2012-05-04,CA,CA_3,3
2012-05-04,CA,CA_4,4
2012-05-04,TX,TX_1,2
2012-05-04,TX,TX_2,0
2012-05-04,TX,TX_3,1
2012-05-04,WI,WI_1,2
2012-05-04,WI,WI_2,0
2012-05-04,WI,WI_3,17
2012-05-05,CA,CA_1,8
2012-05-05,CA,CA_2,4
2012-05-05,CA,CA_3,2
2012-05-05,CA,CA_4,1
2012-05-05,TX,TX_1,2
2012-05-05,TX,TX_2,1
2012-05-05,TX,TX_3,3
2012-05-05,WI,WI_1,1
2012-05-05,WI,WI_2,1
2012-05-05,WI,WI_3,7
2012-05-06,CA,CA_1,20
2012-05-06,CA,CA_2,7
2012-05-06,CA,CA_3,8
2012-05-06,CA,CA_4,3
2012-05-06,TX,TX_1,5
2012-05-06,TX,TX_2,4
2012-05-06,TX,TX_3,4
2012-05-06,WI,WI_1,2
2012-05-06,WI,WI_2,0
2012-05-06,WI,WI_3,6
2012-05-07,CA,CA_1,8
2012-05-07,CA,CA_2,0
2012-05-07,CA,CA_3,9
2012-05-07,CA,CA_4,3
2012-05-07,TX,TX_1,9
2012-05-07,TX,TX_2,4
2012-05-07,TX,TX_3,7
2012-05-07,WI,WI_1,4
2012-05-07,WI,WI_2,0
2012-05-07,WI,WI_3,0
2012-05-08,CA,CA_1,4
2012-05-08,CA,CA_2,5
2012-05-08,CA,CA_3,11
2012-05-08,CA,CA_4,0
2012-05-08,TX,TX_1,0
2012-05-08,TX,TX_2,3
2012-05-08,TX,TX_3,0
2012-05-08,WI,WI_1,1
2012-05-08,WI,WI_2,0
2012-05-08,WI,WI_3,3
2012-05-09,CA,CA_1,14
2012-05-09,CA,CA_2,2
2012-05-09,CA,CA_3,12
2012-05-09,CA,CA_4,1
2012-05-09,TX,TX_1,0
2012-05-09,TX,TX_2,3
2012-05-09,TX,TX_3,1
2012-05-09,WI,WI_1,2
2012-05-09,WI,WI_2,1
2012-05-09,WI,WI_3,7
2012-05-10,CA,CA_1,10
2012-05-10,CA,CA_2,0
2012-05-10,CA,CA_3,3
2012-05-10,CA,CA_4,1
2012-05-10,TX,TX_1,0
2012-05-10,TX,TX_2,1
2012-05-10,TX,TX_3,4
2012-05-10,WI,WI_1,6
2012-05-10,WI,WI_2,6
2012-05-10,WI,WI_3,1
2012-05-11,CA,CA_1,3
2012-05-11,CA,CA_2,8
2012-05-11,CA,CA_3,3
2012-05-11,CA,CA_4,2
2012-05-11,TX,TX_1,1
2012-05-11,TX,TX_2,1
2012-05-11,TX,TX_3,1
2012-05-11,WI,WI_1,9
2012-05-11,WI,WI_2,1
2012-05-11,WI,WI_3,3
2012-05-12,CA,CA_1,8
2012-05-12,CA,CA_2,5
2012-05-12,CA,CA_3,14
2012-05-12,CA,CA_4,0
2012-05-12,TX,TX_1,1
2012-05-12,TX,TX_2,3
2012-05-12,TX,TX_3,2
2012-05-12,WI,WI_1,2
2012-05-12,WI,WI_2,2
2012-05-12,WI,WI_3,4
2012-05-13,CA,CA_1,6
2012-05-13,CA,CA_2,2
2012-05-13,CA,CA_3,4
2012-05-13,CA,CA_4,0
2012-05-13,TX,TX_1,1
2012-05-13,TX,TX_2,3
2012-05-13,TX,TX_3,2
2012-05-13,WI,WI_1,0
2012-05-13,WI,WI_2,1
2012-05-13,WI,WI_3,4
2012-05-14,CA,CA_1,3
2012-05-14,CA,CA_2,2
2012-05-14,CA,CA_3,8
2012-05-14,CA,CA_4,3
2012-05-14,TX,TX_1,2
2012-05-14,TX,TX_2,1
2012-05-14,TX,TX_3,0
2012-05-14,WI,WI_1,2
2012-05-14,WI,WI_2,0
2012-05-14,WI,WI_3,13
2012-05-15,CA,CA_1,1
2012-05-15,CA,CA_2,0
2012-05-15,CA,CA_3,4
2012-05-15,CA,CA_4,3
2012-05-15,TX,TX_1,0
2012-05-15,TX,TX_2,4
2012-05-15,TX,TX_3,3
2012-05-15,WI,WI_1,1
2012-05-15,WI,WI_2,2
2012-05-15,WI,WI_3,7
2012-05-16,CA,CA_1,7
2012-05-16,CA,CA_2,3
2012-05-16,CA,CA_3,4
2012-05-16,CA,CA_4,4
2012-05-16,TX,TX_1,0
2012-05-16,TX,TX_2,0
2012-05-16,TX,TX_3,3
2012-05-16,WI,WI_1,3
2012-05-16,WI,WI_2,3
2012-05-16,WI,WI_3,7
2012-05-17,CA,CA_1,4
2012-05-17,CA,CA_2,0
2012-05-17,CA,CA_3,1
2012-05-17,CA,CA_4,1
2012-05-17,TX,TX_1,2
2012-05-17,TX,TX_2,1
2012-05-17,TX,TX_3,1
2012-05-17,WI,WI_1,3
2012-05-17,WI,WI_2,2
2012-05-17,WI,WI_3,7
2012-05-18,CA,CA_1,5
2012-05-18,CA,CA_2,2
2012-05-18,CA,CA_3,5
2012-05-18,CA,CA_4,0
2012-05-18,TX,TX_1,1
2012-05-18,TX,TX_2,4
2012-05-18,TX,TX_3,3
2012-05-18,WI,WI_1,2
2012-05-18,WI,WI_2,1
2012-05-18,WI,WI_3,5
2012-05-19,CA,CA_1,3
2012-05-19,CA,CA_2,14
2012-05-19,CA,CA_3,3
2012-05-19,CA,CA_4,2
2012-05-19,TX,TX_1,3
2012-05-19,TX,TX_2,1
2012-05-19,TX,TX_3,2
2012-05-19,WI,WI_1,8
2012-05-19,WI,WI_2,0
2012-05-19,WI,WI_3,16
2012-05-20,CA,CA_1,7
2012-05-20,CA,CA_2,10
2012-05-20,CA,CA_3,2
2012-05-20,CA,CA_4,8
2012-05-20,TX,TX_1,0
2012-05-20,TX,TX_2,3
2012-05-20,TX,TX_3,2
2012-05-20,WI,WI_1,3
2012-05-20,WI,WI_2,5
2012-05-20,WI,WI_3,5
2012-05-21,CA,CA_1,1
2012-05-21,CA,CA_2,4
2012-05-21,CA,CA_3,4
2012-05-21,CA,CA_4,1
2012-05-21,TX,TX_1,1
2012-05-21,TX,TX_2,5
2012-05-21,TX,TX_3,2
2012-05-21,WI,WI_1,3
2012-05-21,WI,WI_2,2
2012-05-21,WI,WI_3,5
2012-05-22,CA,CA_1,2
2012-05-22,CA,CA_2,2
2012-05-22,CA,CA_3,4
2012-05-22,CA,CA_4,1
2012-05-22,TX,TX_1,2
2012-05-22,TX,TX_2,3
2012-05-22,TX,TX_3,3
2012-05-22,WI,WI_1,3
2012-05-22,WI,WI_2,2
2012-05-22,WI,WI_3,1
2012-05-23,CA,CA_1,0
2012-05-23,CA,CA_2,4
2012-05-23,CA,CA_3,3
2012-05-23,CA,CA_4,0
2012-05-23,TX,TX_1,1
2012-05-23,TX,TX_2,1
2012-05-23,TX,TX_3,2
2012-05-23,WI,WI_1,1
2012-05-23,WI,WI_2,1
2012-05-23,WI,WI_3,4
2012-05-24,CA,CA_1,6
2012-05-24,CA,CA_2,3
2012-05-24,CA,CA_3,5
2012-05-24,CA,CA_4,1
2012-05-24,TX,TX_1,1
2012-05-24,TX,TX_2,5
2012-05-24,TX,TX_3,2
2012-05-24,WI,WI_1,2
2012-05-24,WI,WI_2,0
2012-05-24,WI,WI_3,2
2012-05-25,CA,CA_1,3
2012-05-25,CA,CA_2,5
2012-05-25,CA,CA_3,4
2012-05-25,CA,CA_4,3
2012-05-25,TX,TX_1,1
2012-05-25,TX,TX_2,3
2012-05-25,TX,TX_3,4
2012-05-25,WI,WI_1,2
2012-05-25,WI,WI_2,7
2012-05-25,WI,WI_3,2
2012-05-26,CA,CA_1,8
2012-05-26,CA,CA_2,1
2012-05-26,CA,CA_3,4
2012-05-26,CA,CA_4,3
2012-05-26,TX,TX_1,0
2012-05-26,TX,TX_2,5
2012-05-26,TX,TX_3,7
2012-05-26,WI,WI_1,12
2012-05-26,WI,WI_2,0
2012-05-26,WI,WI_3,4
2012-05-27,CA,CA_1,9
2012-05-27,CA,CA_2,1
2012-05-27,CA,CA_3,6
2012-05-27,CA,CA_4,1
2012-05-27,TX,TX_1,5
2012-05-27,TX,TX_2,3
2012-05-27,TX,TX_3,3
2012-05-27,WI,WI_1,1
2012-05-27,WI,WI_2,0
2012-05-27,WI,WI_3,5
2012-05-28,CA,CA_1,2
2012-05-28,CA,CA_2,2
2012-05-28,CA,CA_3,2
2012-05-28,CA,CA_4,0
2012-05-28,TX,TX_1,0
2012-05-28,TX,TX_2,6
2012-05-28,TX,TX_3,2
2012-05-28,WI,WI_1,1
2012-05-28,WI,WI_2,2
2012-05-28,WI,WI_3,1
2012-05-29,CA,CA_1,4
2012-05-29,CA,CA_2,1
2012-05-29,CA,CA_3,1
2012-05-29,CA,CA_4,11
2012-05-29,TX,TX_1,3
2012-05-29,TX,TX_2,7
2012-05-29,TX,TX_3,2
2012-05-29,WI,WI_1,0
2012-05-29,WI,WI_2,0
2012-05-29,WI,WI_3,2
2012-05-30,CA,CA_1,6
2012-05-30,CA,CA_2,0
2012-05-30,CA,CA_3,10
2012-05-30,CA,CA_4,2
2012-05-30,TX,TX_1,0
2012-05-30,TX,TX_2,5
2012-05-30,TX,TX_3,2
2012-05-30,WI,WI_1,3
2012-05-30,WI,WI_2,1
2012-05-30,WI,WI_3,8
2012-05-31,CA,CA_1,4
2012-05-31,CA,CA_2,7
2012-05-31,CA,CA_3,1
2012-05-31,CA,CA_4,1
2012-05-31,TX,TX_1,0
2012-05-31,TX,TX_2,7
2012-05-31,TX,TX_3,0
2012-05-31,WI,WI_1,4
2012-05-31,WI,WI_2,1
2012-05-31,WI,WI_3,2
2012-06-01,CA,CA_1,2
2012-06-01,CA,CA_2,4
2012-06-01,CA,CA_3,11
2012-06-01,CA,CA_4,3
2012-06-01,TX,TX_1,4
2012-06-01,TX,TX_2,11
2012-06-01,TX,TX_3,2
2012-06-01,WI,WI_1,1
2012-06-01,WI,WI_2,1
2012-06-01,WI,WI_3,7
2012-06-02,CA,CA_1,15
2012-06-02,CA,CA_2,7
2012-06-02,CA,CA_3,8
2012-06-02,CA,CA_4,1
2012-06-02,TX,TX_1,0
2012-06-02,TX,TX_2,10
2012-06-02,TX,TX_3,2
2012-06-02,WI,WI_1,9
2012-06-02,WI,WI_2,6
2012-06-02,WI,WI_3,6
2012-06-03,CA,CA_1,6
2012-06-03,CA,CA_2,2
2012-06-03,CA,CA_3,12
2012-06-03,CA,CA_4,0
2012-06-03,TX,TX_1,2
2012-06-03,TX,TX_2,6
2012-06-03,TX,TX_3,2
2012-06-03,WI,WI_1,1
2012-06-03,WI,WI_2,3
2012-06-03,WI,WI_3,6
2012-06-04,CA,CA_1,15
2012-06-04,CA,CA_2,4
2012-06-04,CA,CA_3,8
2012-06-04,CA,CA_4,2
2012-06-04,TX,TX_1,2
2012-06-04,TX,TX_2,8
2012-06-04,TX,TX_3,4
2012-06-04,WI,WI_1,3
2012-06-04,WI,WI_2,1
2012-06-04,WI,WI_3,0
2012-06-05,CA,CA_1,10
2012-06-05,CA,CA_2,1
2012-06-05,CA,CA_3,12
2012-06-05,CA,CA_4,1
2012-06-05,TX,TX_1,2
2012-06-05,TX,TX_2,8
2012-06-05,TX,TX_3,3
2012-06-05,WI,WI_1,6
2012-06-05,WI,WI_2,5
2012-06-05,WI,WI_3,0
2012-06-06,CA,CA_1,9
2012-06-06,CA,CA_2,9
2012-06-06,CA,CA_3,6
2012-06-06,CA,CA_4,1
2012-06-06,TX,TX_1,1
2012-06-06,TX,TX_2,13
2012-06-06,TX,TX_3,2
2012-06-06,WI,WI_1,5
2012-06-06,WI,WI_2,2
2012-06-06,WI,WI_3,0
2012-06-07,CA,CA_1,7
2012-06-07,CA,CA_2,3
2012-06-07,CA,CA_3,6
2012-06-07,CA,CA_4,2
2012-06-07,TX,TX_1,1
2012-06-07,TX,TX_2,7
2012-06-07,TX,TX_3,3
2012-06-07,WI,WI_1,1
2012-06-07,WI,WI_2,7
2012-06-07,WI,WI_3,0
2012-06-08,CA,CA_1,5
2012-06-08,CA,CA_2,0
2012-06-08,CA,CA_3,4
2012-06-08,CA,CA_4,2
2012-06-08,TX,TX_1,1
2012-06-08,TX,TX_2,4
2012-06-08,TX,TX_3,7
2012-06-08,WI,WI_1,1
2012-06-08,WI,WI_2,2
2012-06-08,WI,WI_3,0
2012-06-09,CA,CA_1,15
2012-06-09,CA,CA_2,5
2012-06-09,CA,CA_3,4
2012-06-09,CA,CA_4,2
2012-06-09,TX,TX_1,1
2012-06-09,TX,TX_2,10
2012-06-09,TX,TX_3,11
2012-06-09,WI,WI_1,10
2012-06-09,WI,WI_2,4
2012-06-09,WI,WI_3,0
2012-06-10,CA,CA_1,6
2012-06-10,CA,CA_2,0
2012-06-10,CA,CA_3,7
2012-06-10,CA,CA_4,0
2012-06-10,TX,TX_1,5
2012-06-10,TX,TX_2,9
2012-06-10,TX,TX_3,1
2012-06-10,WI,WI_1,0
2012-06-10,WI,WI_2,0
2012-06-10,WI,WI_3,0
2012-06-11,CA,CA_1,4
2012-06-11,CA,CA_2,3
2012-06-11,CA,CA_3,5
2012-06-11,CA,CA_4,0
2012-06-11,TX,TX_1,1
2012-06-11,TX,TX_2,6
2012-06-11,TX,TX_3,3
2012-06-11,WI,WI_1,1
2012-06-11,WI,WI_2,1
2012-06-11,WI,WI_3,0
2012-06-12,CA,CA_1,4
2012-06-12,CA,CA_2,3
2012-06-12,CA,CA_3,4
2012-06-12,CA,CA_4,0
2012-06-12,TX,TX_1,1
2012-06-12,TX,TX_2,3
2012-06-12,TX,TX_3,0
2012-06-12,WI,WI_1,8
2012-06-12,WI,WI_2,7
2012-06-12,WI,WI_3,0
2012-06-13,CA,CA_1,6
2012-06-13,CA,CA_2,5
2012-06-13,CA,CA_3,11
2012-06-13,CA,CA_4,0
2012-06-13,TX,TX_1,0
2012-06-13,TX,TX_2,4
2012-06-13,TX,TX_3,3
2012-06-13,WI,WI_1,7
2012-06-13,WI,WI_2,1
2012-06-13,WI,WI_3,0
2012-06-14,CA,CA_1,1
2012-06-14,CA,CA_2,2
2012-06-14,CA,CA_3,6
2012-06-14,CA,CA_4,3
2012-06-14,TX,TX_1,2
2012-06-14,TX,TX_2,5
2012-06-14,TX,TX_3,3
2012-06-14,WI,WI_1,4
2012-06-14,WI,WI_2,3
2012-06-14,WI,WI_3,0
2012-06-15,CA,CA_1,17
2012-06-15,CA,CA_2,4
2012-06-15,CA,CA_3,9
2012-06-15,CA,CA_4,3
2012-06-15,TX,TX_1,0
2012-06-15,TX,TX_2,4
2012-06-15,TX,TX_3,4
2012-06-15,WI,WI_1,7
2012-06-15,WI,WI_2,10
2012-06-15,WI,WI_3,1
2012-06-16,CA,CA_1,2
2012-06-16,CA,CA_2,1
2012-06-16,CA,CA_3,1
2012-06-16,CA,CA_4,5
2012-06-16,TX,TX_1,3
2012-06-16,TX,TX_2,6
2012-06-16,TX,TX_3,2
2012-06-16,WI,WI_1,11
2012-06-16,WI,WI_2,1
2012-06-16,WI,WI_3,4
2012-06-17,CA,CA_1,6
2012-06-17,CA,CA_2,2
2012-06-17,CA,CA_3,8
2012-06-17,CA,CA_4,2
2012-06-17,TX,TX_1,2
2012-06-17,TX,TX_2,4
2012-06-17,TX,TX_3,5
2012-06-17,WI,WI_1,5
2012-06-17,WI,WI_2,0
2012-06-17,WI,WI_3,0
2012-06-18,CA,CA_1,4
2012-06-18,CA,CA_2,3
2012-06-18,CA,CA_3,16
2012-06-18,CA,CA_4,3
2012-06-18,TX,TX_1,3
2012-06-18,TX,TX_2,4
2012-06-18,TX,TX_3,2
2012-06-18,WI,WI_1,1
2012-06-18,WI,WI_2,2
2012-06-18,WI,WI_3,1
2012-06-19,CA,CA_1,4
2012-06-19,CA,CA_2,5
2012-06-19,CA,CA_3,6
2012-06-19,CA,CA_4,3
2012-06-19,TX,TX_1,1
2012-06-19,TX,TX_2,2
2012-06-19,TX,TX_3,2
2012-06-19,WI,WI_1,3
2012-06-19,WI,WI_2,5
2012-06-19,WI,WI_3,2
2012-06-20,CA,CA_1,5
2012-06-20,CA,CA_2,0
2012-06-20,CA,CA_3,2
2012-06-20,CA,CA_4,0
2012-06-20,TX,TX_1,0
2012-06-20,TX,TX_2,4
2012-06-20,TX,TX_3,3
2012-06-20,WI,WI_1,4
2012-06-20,WI,WI_2,2
2012-06-20,WI,WI_3,3
2012-06-21,CA,CA_1,3
2012-06-21,CA,CA_2,4
2012-06-21,CA,CA_3,5
2012-06-21,CA,CA_4,0
2012-06-21,TX,TX_1,1
2012-06-21,TX,TX_2,0
2012-06-21,TX,TX_3,1
2012-06-21,WI,WI_1,3
2012-06-21,WI,WI_2,2
2012-06-21,WI,WI_3,2
2012-06-22,CA,CA_1,7
2012-06-22,CA,CA_2,3
2012-06-22,CA,CA_3,5
2012-06-22,CA,CA_4,3
2012-06-22,TX,TX_1,1
2012-06-22,TX,TX_2,0
2012-06-22,TX,TX_3,1
2012-06-22,WI,WI_1,0
2012-06-22,WI,WI_2,0
2012-06-22,WI,WI_3,1
2012-06-23,CA,CA_1,5
2012-06-23,CA,CA_2,3
2012-06-23,CA,CA_3,7
2012-06-23,CA,CA_4,2
2012-06-23,TX,TX_1,1
2012-06-23,TX,TX_2,1
2012-06-23,TX,TX_3,12
2012-06-23,WI,WI_1,4
2012-06-23,WI,WI_2,1
2012-06-23,WI,WI_3,0
2012-06-24,CA,CA_1,5
2012-06-24,CA,CA_2,4
2012-06-24,CA,CA_3,8
2012-06-24,CA,CA_4,0
2012-06-24,TX,TX_1,3
2012-06-24,TX,TX_2,2
2012-06-24,TX,TX_3,2
2012-06-24,WI,WI_1,3
2012-06-24,WI,WI_2,3
2012-06-24,WI,WI_3,3
2012-06-25,CA,CA_1,3
2012-06-25,CA,CA_2,3
2012-06-25,CA,CA_3,4
2012-06-25,CA,CA_4,2
2012-06-25,TX,TX_1,0
2012-06-25,TX,TX_2,2
2012-06-25,TX,TX_3,0
2012-06-25,WI,WI_1,0
2012-06-25,WI,WI_2,4
2012-06-25,WI,WI_3,3
2012-06-26,CA,CA_1,2
2012-06-26,CA,CA_2,3
2012-06-26,CA,CA_3,3
2012-06-26,CA,CA_4,0
2012-06-26,TX,TX_1,1
2012-06-26,TX,TX_2,0
2012-06-26,TX,TX_3,2
2012-06-26,WI,WI_1,3
2012-06-26,WI,WI_2,3
2012-06-26,WI,WI_3,0
2012-06-27,CA,CA_1,6
2012-06-27,CA,CA_2,3
2012-06-27,CA,CA_3,3
2012-06-27,CA,CA_4,1
2012-06-27,TX,TX_1,4
2012-06-27,TX,TX_2,2
2012-06-27,TX,TX_3,1
2012-06-27,WI,WI_1,8
2012-06-27,WI,WI_2,2
2012-06-27,WI,WI_3,1
2012-06-28,CA,CA_1,3
2012-06-28,CA,CA_2,6
2012-06-28,CA,CA_3,6
2012-06-28,CA,CA_4,4
2012-06-28,TX,TX_1,0
2012-06-28,TX,TX_2,3
2012-06-28,TX,TX_3,1
2012-06-28,WI,WI_1,7
2012-06-28,WI,WI_2,1
2012-06-28,WI,WI_3,1
2012-06-29,CA,CA_1,10
2012-06-29,CA,CA_2,4
2012-06-29,CA,CA_3,6
2012-06-29,CA,CA_4,6
2012-06-29,TX,TX_1,2
2012-06-29,TX,TX_2,4
2012-06-29,TX,TX_3,2
2012-06-29,WI,WI_1,5
2012-06-29,WI,WI_2,4
2012-06-29,WI,WI_3,2
2012-06-30,CA,CA_1,2
2012-06-30,CA,CA_2,1
2012-06-30,CA,CA_3,3
2012-06-30,CA,CA_4,1
2012-06-30,TX,TX_1,0
2012-06-30,TX,TX_2,3
2012-06-30,TX,TX_3,3
2012-06-30,WI,WI_1,2
2012-06-30,WI,WI_2,1
2012-06-30,WI,WI_3,1
2012-07-01,CA,CA_1,2
2012-07-01,CA,CA_2,8
2012-07-01,CA,CA_3,6
2012-07-01,CA,CA_4,2
2012-07-01,TX,TX_1,1
2012-07-01,TX,TX_2,6
2012-07-01,TX,TX_3,0
2012-07-01,WI,WI_1,7
2012-07-01,WI,WI_2,4
2012-07-01,WI,WI_3,1
2012-07-02,CA,CA_1,0
2012-07-02,CA,CA_2,8
2012-07-02,CA,CA_3,1
2012-07-02,CA,CA_4,0
2012-07-02,TX,TX_1,3
2012-07-02,TX,TX_2,0
2012-07-02,TX,TX_3,5
2012-07-02,WI,WI_1,3
2012-07-02,WI,WI_2,6
2012-07-02,WI,WI_3,1
2012-07-03,CA,CA_1,0
2012-07-03,CA,CA_2,0
2012-07-03,CA,CA_3,0
2012-07-03,CA,CA_4,0
2012-07-03,TX,TX_1,2
2012-07-03,TX,TX_2,7
2012-07-03,TX,TX_3,5
2012-07-03,WI,WI_1,10
2012-07-03,WI,WI_2,1
2012-07-03,WI,WI_3,6
2012-07-04,CA,CA_1,0
2012-07-04,CA,CA_2,0
2012-07-04,CA,CA_3,0
2012-07-04,CA,CA_4,0
2012-07-04,TX,TX_1,2
2012-07-04,TX,TX_2,3
2012-07-04,TX,TX_3,0
2012-07-04,WI,WI_1,5
2012-07-04,WI,WI_2,1
2012-07-04,WI,WI_3,5
2012-07-05,CA,CA_1,0
2012-07-05,CA,CA_2,0
2012-07-05,CA,CA_3,0
2012-07-05,CA,CA_4,0
2012-07-05,TX,TX_1,2
2012-07-05,TX,TX_2,2
2012-07-05,TX,TX_3,8
2012-07-05,WI,WI_1,0
2012-07-05,WI,WI_2,0
2012-07-05,WI,WI_3,1
2012-07-06,CA,CA_1,0
2012-07-06,CA,CA_2,0
2012-07-06,CA,CA_3,0
2012-07-06,CA,CA_4,0
2012-07-06,TX,TX_1,4
2012-07-06,TX,TX_2,1
2012-07-06,TX,TX_3,2
2012-07-06,WI,WI_1,0
2012-07-06,WI,WI_2,4
2012-07-06,WI,WI_3,6
2012-07-07,CA,CA_1,0
2012-07-07,CA,CA_2,0
2012-07-07,CA,CA_3,0
2012-07-07,CA,CA_4,0
2012-07-07,TX,TX_1,1
2012-07-07,TX,TX_2,3
2012-07-07,TX,TX_3,1
2012-07-07,WI,WI_1,0
2012-07-07,WI,WI_2,3
2012-07-07,WI,WI_3,1
2012-07-08,CA,CA_1,0
2012-07-08,CA,CA_2,0
2012-07-08,CA,CA_3,0
2012-07-08,CA,CA_4,0
2012-07-08,TX,TX_1,1
2012-07-08,TX,TX_2,3
2012-07-08,TX,TX_3,3
2012-07-08,WI,WI_1,0
2012-07-08,WI,WI_2,2
2012-07-08,WI,WI_3,5
2012-07-09,CA,CA_1,0
2012-07-09,CA,CA_2,0
2012-07-09,CA,CA_3,0
2012-07-09,CA,CA_4,0
2012-07-09,TX,TX_1,3
2012-07-09,TX,TX_2,2
2012-07-09,TX,TX_3,3
2012-07-09,WI,WI_1,0
2012-07-09,WI,WI_2,3
2012-07-09,WI,WI_3,2
2012-07-10,CA,CA_1,0
2012-07-10,CA,CA_2,0
2012-07-10,CA,CA_3,0
2012-07-10,CA,CA_4,0
2012-07-10,TX,TX_1,0
2012-07-10,TX,TX_2,5
2012-07-10,TX,TX_3,0
2012-07-10,WI,WI_1,0
2012-07-10,WI,WI_2,5
2012-07-10,WI,WI_3,0
2012-07-11,CA,CA_1,0
2012-07-11,CA,CA_2,0
2012-07-11,CA,CA_3,0
2012-07-11,CA,CA_4,0
2012-07-11,TX,TX_1,4
2012-07-11,TX,TX_2,3
2012-07-11,TX,TX_3,1
2012-07-11,WI,WI_1,0
2012-07-11,WI,WI_2,8
2012-07-11,WI,WI_3,0
2012-07-12,CA,CA_1,0
2012-07-12,CA,CA_2,0
2012-07-12,CA,CA_3,0
2012-07-12,CA,CA_4,0
2012-07-12,TX,TX_1,2
2012-07-12,TX,TX_2,1
2012-07-12,TX,TX_3,3
2012-07-12,WI,WI_1,0
2012-07-12,WI,WI_2,0
2012-07-12,WI,WI_3,0
2012-07-13,CA,CA_1,0
2012-07-13,CA,CA_2,0
2012-07-13,CA,CA_3,0
2012-07-13,CA,CA_4,0
2012-07-13,TX,TX_1,4
2012-07-13,TX,TX_2,2
2012-07-13,TX,TX_3,1
2012-07-13,WI,WI_1,0
2012-07-13,WI,WI_2,0
2012-07-13,WI,WI_3,0
2012-07-14,CA,CA_1,0
2012-07-14,CA,CA_2,0
2012-07-14,CA,CA_3,0
2012-07-14,CA,CA_4,0
2012-07-14,TX,TX_1,2
2012-07-14,TX,TX_2,1
2012-07-14,TX,TX_3,5
2012-07-14,WI,WI_1,0
2012-07-14,WI,WI_2,0
2012-07-14,WI,WI_3,0
2012-07-15,CA,CA_1,0
2012-07-15,CA,CA_2,0
2012-07-15,CA,CA_3,0
2012-07-15,CA,CA_4,0
2012-07-15,TX,TX_1,3
2012-07-15,TX,TX_2,6
2012-07-15,TX,TX_3,3
2012-07-15,WI,WI_1,0
2012-07-15,WI,WI_2,0
2012-07-15,WI,WI_3,0
2012-07-16,CA,CA_1,0
2012-07-16,CA,CA_2,0
2012-07-16,CA,CA_3,0
2012-07-16,CA,CA_4,0
2012-07-16,TX,TX_1,1
2012-07-16,TX,TX_2,2
2012-07-16,TX,TX_3,0
2012-07-16,WI,WI_1,0
2012-07-16,WI,WI_2,0
2012-07-16,WI,WI_3,0
2012-07-17,CA,CA_1,0
2012-07-17,CA,CA_2,0
2012-07-17,CA,CA_3,2
2012-07-17,CA,CA_4,0
2012-07-17,TX,TX_1,0
2012-07-17,TX,TX_2,2
2012-07-17,TX,TX_3,0
2012-07-17,WI,WI_1,0
2012-07-17,WI,WI_2,0
2012-07-17,WI,WI_3,0
2012-07-18,CA,CA_1,0
2012-07-18,CA,CA_2,0
2012-07-18,CA,CA_3,0
2012-07-18,CA,CA_4,0
2012-07-18,TX,TX_1,1
2012-07-18,TX,TX_2,4
2012-07-18,TX,TX_3,0
2012-07-18,WI,WI_1,0
2012-07-18,WI,WI_2,0
2012-07-18,WI,WI_3,0
2012-07-19,CA,CA_1,0
2012-07-19,CA,CA_2,0
2012-07-19,CA,CA_3,0
2012-07-19,CA,CA_4,0
2012-07-19,TX,TX_1,2
2012-07-19,TX,TX_2,0
2012-07-19,TX,TX_3,0
2012-07-19,WI,WI_1,0
2012-07-19,WI,WI_2,0
2012-07-19,WI,WI_3,0
2012-07-20,CA,CA_1,0
2012-07-20,CA,CA_2,0
2012-07-20,CA,CA_3,0
2012-07-20,CA,CA_4,0
2012-07-20,TX,TX_1,0
2012-07-20,TX,TX_2,3
2012-07-20,TX,TX_3,0
2012-07-20,WI,WI_1,0
2012-07-20,WI,WI_2,0
2012-07-20,WI,WI_3,0
2012-07-21,CA,CA_1,0
2012-07-21,CA,CA_2,0
2012-07-21,CA,CA_3,0
2012-07-21,CA,CA_4,0
2012-07-21,TX,TX_1,0
2012-07-21,TX,TX_2,3
2012-07-21,TX,TX_3,0
2012-07-21,WI,WI_1,0
2012-07-21,WI,WI_2,0
2012-07-21,WI,WI_3,0
2012-07-22,CA,CA_1,0
2012-07-22,CA,CA_2,0
2012-07-22,CA,CA_3,0
2012-07-22,CA,CA_4,0
2012-07-22,TX,TX_1,6
2012-07-22,TX,TX_2,3
2012-07-22,TX,TX_3,1
2012-07-22,WI,WI_1,0
2012-07-22,WI,WI_2,0
2012-07-22,WI,WI_3,0
2012-07-23,CA,CA_1,0
2012-07-23,CA,CA_2,0
2012-07-23,CA,CA_3,0
2012-07-23,CA,CA_4,0
2012-07-23,TX,TX_1,0
2012-07-23,TX,TX_2,5
2012-07-23,TX,TX_3,5
2012-07-23,WI,WI_1,0
2012-07-23,WI,WI_2,0
2012-07-23,WI,WI_3,0
2012-07-24,CA,CA_1,0
2012-07-24,CA,CA_2,0
2012-07-24,CA,CA_3,0
2012-07-24,CA,CA_4,0
2012-07-24,TX,TX_1,0
2012-07-24,TX,TX_2,4
2012-07-24,TX,TX_3,5
2012-07-24,WI,WI_1,0
2012-07-24,WI,WI_2,0
2012-07-24,WI,WI_3,0
2012-07-25,CA,CA_1,0
2012-07-25,CA,CA_2,0
2012-07-25,CA,CA_3,0
2012-07-25,CA,CA_4,0
2012-07-25,TX,TX_1,0
2012-07-25,TX,TX_2,1
2012-07-25,TX,TX_3,1
2012-07-25,WI,WI_1,0
2012-07-25,WI,WI_2,0
2012-07-25,WI,WI_3,0
2012-07-26,CA,CA_1,0
2012-07-26,CA,CA_2,0
2012-07-26,CA,CA_3,0
2012-07-26,CA,CA_4,0
2012-07-26,TX,TX_1,0
2012-07-26,TX,TX_2,0
2012-07-26,TX,TX_3,0
2012-07-26,WI,WI_1,0
2012-07-26,WI,WI_2,0
2012-07-26,WI,WI_3,0
2012-07-27,CA,CA_1,0
2012-07-27,CA,CA_2,0
2012-07-27,CA,CA_3,0
2012-07-27,CA,CA_4,0
2012-07-27,TX,TX_1,4
2012-07-27,TX,TX_2,0
2012-07-27,TX,TX_3,0
2012-07-27,WI,WI_1,0
2012-07-27,WI,WI_2,0
2012-07-27,WI,WI_3,0
2012-07-28,CA,CA_1,0
2012-07-28,CA,CA_2,0
2012-07-28,CA,CA_3,0
2012-07-28,CA,CA_4,0
2012-07-28,TX,TX_1,5
2012-07-28,TX,TX_2,1
2012-07-28,TX,TX_3,3
2012-07-28,WI,WI_1,0
2012-07-28,WI,WI_2,0
2012-07-28,WI,WI_3,0
2012-07-29,CA,CA_1,0
2012-07-29,CA,CA_2,0
2012-07-29,CA,CA_3,0
2012-07-29,CA,CA_4,0
2012-07-29,TX,TX_1,3
2012-07-29,TX,TX_2,4
2012-07-29,TX,TX_3,9
2012-07-29,WI,WI_1,0
2012-07-29,WI,WI_2,0
2012-07-29,WI,WI_3,0
2012-07-30,CA,CA_1,0
2012-07-30,CA,CA_2,0
2012-07-30,CA,CA_3,0
2012-07-30,CA,CA_4,0
2012-07-30,TX,TX_1,0
2012-07-30,TX,TX_2,3
2012-07-30,TX,TX_3,0
2012-07-30,WI,WI_1,0
2012-07-30,WI,WI_2,0
2012-07-30,WI,WI_3,0
2012-07-31,CA,CA_1,0
2012-07-31,CA,CA_2,0
2012-07-31,CA,CA_3,0
2012-07-31,CA,CA_4,0
2012-07-31,TX,TX_1,0
2012-07-31,TX,TX_2,4
2012-07-31,TX,TX_3,0
2012-07-31,WI,WI_1,0
2012-07-31,WI,WI_2,0
2012-07-31,WI,WI_3,0
2012-08-01,CA,CA_1,0
2012-08-01,CA,CA_2,0
2012-08-01,CA,CA_3,0
2012-08-01,CA,CA_4,0
2012-08-01,TX,TX_1,3
2012-08-01,TX,TX_2,1
2012-08-01,TX,TX_3,0
2012-08-01,WI,WI_1,0
2012-08-01,WI,WI_2,0
2012-08-01,WI,WI_3,0
2012-08-02,CA,CA_1,0
2012-08-02,CA,CA_2,0
2012-08-02,CA,CA_3,0
2012-08-02,CA,CA_4,0
2012-08-02,TX,TX_1,0
2012-08-02,TX,TX_2,5
2012-08-02,TX,TX_3,1
2012-08-02,WI,WI_1,0
2012-08-02,WI,WI_2,0
2012-08-02,WI,WI_3,0
2012-08-03,CA,CA_1,0
2012-08-03,CA,CA_2,0
2012-08-03,CA,CA_3,0
2012-08-03,CA,CA_4,0
2012-08-03,TX,TX_1,1
2012-08-03,TX,TX_2,0
2012-08-03,TX,TX_3,6
2012-08-03,WI,WI_1,0
2012-08-03,WI,WI_2,0
2012-08-03,WI,WI_3,0
2012-08-04,CA,CA_1,0
2012-08-04,CA,CA_2,0
2012-08-04,CA,CA_3,0
2012-08-04,CA,CA_4,0
2012-08-04,TX,TX_1,2
2012-08-04,TX,TX_2,9
2012-08-04,TX,TX_3,3
2012-08-04,WI,WI_1,0
2012-08-04,WI,WI_2,0
2012-08-04,WI,WI_3,0
2012-08-05,CA,CA_1,0
2012-08-05,CA,CA_2,0
2012-08-05,CA,CA_3,0
2012-08-05,CA,CA_4,0
2012-08-05,TX,TX_1,4
2012-08-05,TX,TX_2,4
2012-08-05,TX,TX_3,3
2012-08-05,WI,WI_1,0
2012-08-05,WI,WI_2,0
2012-08-05,WI,WI_3,0
2012-08-06,CA,CA_1,0
2012-08-06,CA,CA_2,0
2012-08-06,CA,CA_3,0
2012-08-06,CA,CA_4,0
2012-08-06,TX,TX_1,1
2012-08-06,TX,TX_2,0
2012-08-06,TX,TX_3,3
2012-08-06,WI,WI_1,0
2012-08-06,WI,WI_2,0
2012-08-06,WI,WI_3,0
2012-08-07,CA,CA_1,0
2012-08-07,CA,CA_2,0
2012-08-07,CA,CA_3,0
2012-08-07,CA,CA_4,0
2012-08-07,TX,TX_1,1
2012-08-07,TX,TX_2,2
2012-08-07,TX,TX_3,4
2012-08-07,WI,WI_1,0
2012-08-07,WI,WI_2,0
2012-08-07,WI,WI_3,0
2012-08-08,CA,CA_1,0
2012-08-08,CA,CA_2,0
2012-08-08,CA,CA_3,0
2012-08-08,CA,CA_4,0
2012-08-08,TX,TX_1,1
2012-08-08,TX,TX_2,1
2012-08-08,TX,TX_3,1
2012-08-08,WI,WI_1,0
2012-08-08,WI,WI_2,0
2012-08-08,WI,WI_3,0
2012-08-09,CA,CA_1,0
2012-08-09,CA,CA_2,0
2012-08-09,CA,CA_3,0
2012-08-09,CA,CA_4,0
2012-08-09,TX,TX_1,3
2012-08-09,TX,TX_2,1
2012-08-09,TX,TX_3,3
2012-08-09,WI,WI_1,0
2012-08-09,WI,WI_2,0
2012-08-09,WI,WI_3,0
2012-08-10,CA,CA_1,0
2012-08-10,CA,CA_2,0
2012-08-10,CA,CA_3,0
2012-08-10,CA,CA_4,0
2012-08-10,TX,TX_1,0
2012-08-10,TX,TX_2,0
2012-08-10,TX,TX_3,0
2012-08-10,WI,WI_1,0
2012-08-10,WI,WI_2,0
2012-08-10,WI,WI_3,0
2012-08-11,CA,CA_1,0
2012-08-11,CA,CA_2,0
2012-08-11,CA,CA_3,0
2012-08-11,CA,CA_4,0
2012-08-11,TX,TX_1,4
2012-08-11,TX,TX_2,0
2012-08-11,TX,TX_3,1
2012-08-11,WI,WI_1,0
2012-08-11,WI,WI_2,0
2012-08-11,WI,WI_3,0
2012-08-12,CA,CA_1,0
2012-08-12,CA,CA_2,0
2012-08-12,CA,CA_3,0
2012-08-12,CA,CA_4,0
2012-08-12,TX,TX_1,2
2012-08-12,TX,TX_2,0
2012-08-12,TX,TX_3,2
2012-08-12,WI,WI_1,0
2012-08-12,WI,WI_2,0
2012-08-12,WI,WI_3,0
2012-08-13,CA,CA_1,0
2012-08-13,CA,CA_2,0
2012-08-13,CA,CA_3,0
2012-08-13,CA,CA_4,0
2012-08-13,TX,TX_1,1
2012-08-13,TX,TX_2,0
2012-08-13,TX,TX_3,3
2012-08-13,WI,WI_1,0
2012-08-13,WI,WI_2,0
2012-08-13,WI,WI_3,0
2012-08-14,CA,CA_1,0
2012-08-14,CA,CA_2,0
2012-08-14,CA,CA_3,0
2012-08-14,CA,CA_4,0
2012-08-14,TX,TX_1,1
2012-08-14,TX,TX_2,3
2012-08-14,TX,TX_3,1
2012-08-14,WI,WI_1,0
2012-08-14,WI,WI_2,0
2012-08-14,WI,WI_3,0
2012-08-15,CA,CA_1,0
2012-08-15,CA,CA_2,0
2012-08-15,CA,CA_3,0
2012-08-15,CA,CA_4,0
2012-08-15,TX,TX_1,3
2012-08-15,TX,TX_2,5
2012-08-15,TX,TX_3,2
2012-08-15,WI,WI_1,0
2012-08-15,WI,WI_2,0
2012-08-15,WI,WI_3,0
2012-08-16,CA,CA_1,0
2012-08-16,CA,CA_2,0
2012-08-16,CA,CA_3,0
2012-08-16,CA,CA_4,0
2012-08-16,TX,TX_1,0
2012-08-16,TX,TX_2,6
2012-08-16,TX,TX_3,1
2012-08-16,WI,WI_1,0
2012-08-16,WI,WI_2,0
2012-08-16,WI,WI_3,0
2012-08-17,CA,CA_1,0
2012-08-17,CA,CA_2,3
2012-08-17,CA,CA_3,1
2012-08-17,CA,CA_4,0
2012-08-17,TX,TX_1,1
2012-08-17,TX,TX_2,4
2012-08-17,TX,TX_3,1
2012-08-17,WI,WI_1,0
2012-08-17,WI,WI_2,0
2012-08-17,WI,WI_3,0
2012-08-18,CA,CA_1,0
2012-08-18,CA,CA_2,0
2012-08-18,CA,CA_3,4
2012-08-18,CA,CA_4,0
2012-08-18,TX,TX_1,2
2012-08-18,TX,TX_2,4
2012-08-18,TX,TX_3,3
2012-08-18,WI,WI_1,0
2012-08-18,WI,WI_2,0
2012-08-18,WI,WI_3,0
2012-08-19,CA,CA_1,0
2012-08-19,CA,CA_2,0
2012-08-19,CA,CA_3,2
2012-08-19,CA,CA_4,0
2012-08-19,TX,TX_1,4
2012-08-19,TX,TX_2,2
2012-08-19,TX,TX_3,2
2012-08-19,WI,WI_1,0
2012-08-19,WI,WI_2,0
2012-08-19,WI,WI_3,0
2012-08-20,CA,CA_1,0
2012-08-20,CA,CA_2,0
2012-08-20,CA,CA_3,0
2012-08-20,CA,CA_4,0
2012-08-20,TX,TX_1,1
2012-08-20,TX,TX_2,0
2012-08-20,TX,TX_3,2
2012-08-20,WI,WI_1,0
2012-08-20,WI,WI_2,0
2012-08-20,WI,WI_3,0
2012-08-21,CA,CA_1,0
2012-08-21,CA,CA_2,0
2012-08-21,CA,CA_3,0
2012-08-21,CA,CA_4,0
2012-08-21,TX,TX_1,2
2012-08-21,TX,TX_2,5
2012-08-21,TX,TX_3,1
2012-08-21,WI,WI_1,0
2012-08-21,WI,WI_2,0
2012-08-21,WI,WI_3,0
2012-08-22,CA,CA_1,0
2012-08-22,CA,CA_2,0
2012-08-22,CA,CA_3,0
2012-08-22,CA,CA_4,0
2012-08-22,TX,TX_1,0
2012-08-22,TX,TX_2,1
2012-08-22,TX,TX_3,4
2012-08-22,WI,WI_1,0
2012-08-22,WI,WI_2,0
2012-08-22,WI,WI_3,0
2012-08-23,CA,CA_1,0
2012-08-23,CA,CA_2,0
2012-08-23,CA,CA_3,0
2012-08-23,CA,CA_4,0
2012-08-23,TX,TX_1,2
2012-08-23,TX,TX_2,2
2012-08-23,TX,TX_3,0
2012-08-23,WI,WI_1,0
2012-08-23,WI,WI_2,0
2012-08-23,WI,WI_3,0
2012-08-24,CA,CA_1,0
2012-08-24,CA,CA_2,0
2012-08-24,CA,CA_3,0
2012-08-24,CA,CA_4,0
2012-08-24,TX,TX_1,0
2012-08-24,TX,TX_2,3
2012-08-24,TX,TX_3,0
2012-08-24,WI,WI_1,0
2012-08-24,WI,WI_2,0
2012-08-24,WI,WI_3,0
2012-08-25,CA,CA_1,0
2012-08-25,CA,CA_2,0
2012-08-25,CA,CA_3,0
2012-08-25,CA,CA_4,0
2012-08-25,TX,TX_1,0
2012-08-25,TX,TX_2,4
2012-08-25,TX,TX_3,2
2012-08-25,WI,WI_1,0
2012-08-25,WI,WI_2,0
2012-08-25,WI,WI_3,0
2012-08-26,CA,CA_1,0
2012-08-26,CA,CA_2,0
2012-08-26,CA,CA_3,0
2012-08-26,CA,CA_4,0
2012-08-26,TX,TX_1,1
2012-08-26,TX,TX_2,1
2012-08-26,TX,TX_3,3
2012-08-26,WI,WI_1,0
2012-08-26,WI,WI_2,0
2012-08-26,WI,WI_3,0
2012-08-27,CA,CA_1,0
2012-08-27,CA,CA_2,0
2012-08-27,CA,CA_3,0
2012-08-27,CA,CA_4,0
2012-08-27,TX,TX_1,0
2012-08-27,TX,TX_2,2
2012-08-27,TX,TX_3,1
2012-08-27,WI,WI_1,0
2012-08-27,WI,WI_2,0
2012-08-27,WI,WI_3,0
2012-08-28,CA,CA_1,0
2012-08-28,CA,CA_2,0
2012-08-28,CA,CA_3,0
2012-08-28,CA,CA_4,0
2012-08-28,TX,TX_1,2
2012-08-28,TX,TX_2,2
2012-08-28,TX,TX_3,0
2012-08-28,WI,WI_1,0
2012-08-28,WI,WI_2,0
2012-08-28,WI,WI_3,0
2012-08-29,CA,CA_1,0
2012-08-29,CA,CA_2,0
2012-08-29,CA,CA_3,0
2012-08-29,CA,CA_4,0
2012-08-29,TX,TX_1,0
2012-08-29,TX,TX_2,5
2012-08-29,TX,TX_3,1
2012-08-29,WI,WI_1,0
2012-08-29,WI,WI_2,0
2012-08-29,WI,WI_3,0
2012-08-30,CA,CA_1,0
2012-08-30,CA,CA_2,0
2012-08-30,CA,CA_3,0
2012-08-30,CA,CA_4,0
2012-08-30,TX,TX_1,2
2012-08-30,TX,TX_2,1
2012-08-30,TX,TX_3,3
2012-08-30,WI,WI_1,0
2012-08-30,WI,WI_2,0
2012-08-30,WI,WI_3,0
2012-08-31,CA,CA_1,0
2012-08-31,CA,CA_2,0
2012-08-31,CA,CA_3,0
2012-08-31,CA,CA_4,0
2012-08-31,TX,TX_1,0
2012-08-31,TX,TX_2,6
2012-08-31,TX,TX_3,1
2012-08-31,WI,WI_1,0
2012-08-31,WI,WI_2,0
2012-08-31,WI,WI_3,0
2012-09-01,CA,CA_1,0
2012-09-01,CA,CA_2,0
2012-09-01,CA,CA_3,0
2012-09-01,CA,CA_4,0
2012-09-01,TX,TX_1,5
2012-09-01,TX,TX_2,5
2012-09-01,TX,TX_3,3
2012-09-01,WI,WI_1,0
2012-09-01,WI,WI_2,0
2012-09-01,WI,WI_3,0
2012-09-02,CA,CA_1,0
2012-09-02,CA,CA_2,0
2012-09-02,CA,CA_3,0
2012-09-02,CA,CA_4,0
2012-09-02,TX,TX_1,1
2012-09-02,TX,TX_2,0
2012-09-02,TX,TX_3,0
2012-09-02,WI,WI_1,0
2012-09-02,WI,WI_2,0
2012-09-02,WI,WI_3,0
2012-09-03,CA,CA_1,0
2012-09-03,CA,CA_2,0
2012-09-03,CA,CA_3,0
2012-09-03,CA,CA_4,0
2012-09-03,TX,TX_1,2
2012-09-03,TX,TX_2,5
2012-09-03,TX,TX_3,5
2012-09-03,WI,WI_1,0
2012-09-03,WI,WI_2,0
2012-09-03,WI,WI_3,0
2012-09-04,CA,CA_1,0
2012-09-04,CA,CA_2,0
2012-09-04,CA,CA_3,0
2012-09-04,CA,CA_4,0
2012-09-04,TX,TX_1,1
2012-09-04,TX,TX_2,3
2012-09-04,TX,TX_3,2
2012-09-04,WI,WI_1,0
2012-09-04,WI,WI_2,0
2012-09-04,WI,WI_3,0
2012-09-05,CA,CA_1,0
2012-09-05,CA,CA_2,0
2012-09-05,CA,CA_3,0
2012-09-05,CA,CA_4,0
2012-09-05,TX,TX_1,3
2012-09-05,TX,TX_2,1
2012-09-05,TX,TX_3,0
2012-09-05,WI,WI_1,0
2012-09-05,WI,WI_2,0
2012-09-05,WI,WI_3,0
2012-09-06,CA,CA_1,0
2012-09-06,CA,CA_2,0
2012-09-06,CA,CA_3,0
2012-09-06,CA,CA_4,0
2012-09-06,TX,TX_1,1
2012-09-06,TX,TX_2,2
2012-09-06,TX,TX_3,2
2012-09-06,WI,WI_1,0
2012-09-06,WI,WI_2,0
2012-09-06,WI,WI_3,0
2012-09-07,CA,CA_1,0
2012-09-07,CA,CA_2,0
2012-09-07,CA,CA_3,0
2012-09-07,CA,CA_4,0
2012-09-07,TX,TX_1,1
2012-09-07,TX,TX_2,0
2012-09-07,TX,TX_3,1
2012-09-07,WI,WI_1,0
2012-09-07,WI,WI_2,0
2012-09-07,WI,WI_3,0
2012-09-08,CA,CA_1,0
2012-09-08,CA,CA_2,0
2012-09-08,CA,CA_3,0
2012-09-08,CA,CA_4,0
2012-09-08,TX,TX_1,3
2012-09-08,TX,TX_2,3
2012-09-08,TX,TX_3,1
2012-09-08,WI,WI_1,0
2012-09-08,WI,WI_2,0
2012-09-08,WI,WI_3,0
2012-09-09,CA,CA_1,0
2012-09-09,CA,CA_2,0
2012-09-09,CA,CA_3,0
2012-09-09,CA,CA_4,0
2012-09-09,TX,TX_1,0
2012-09-09,TX,TX_2,6
2012-09-09,TX,TX_3,10
2012-09-09,WI,WI_1,0
2012-09-09,WI,WI_2,0
2012-09-09,WI,WI_3,0
2012-09-10,CA,CA_1,0
2012-09-10,CA,CA_2,0
2012-09-10,CA,CA_3,0
2012-09-10,CA,CA_4,0
2012-09-10,TX,TX_1,1
2012-09-10,TX,TX_2,1
2012-09-10,TX,TX_3,0
2012-09-10,WI,WI_1,0
2012-09-10,WI,WI_2,0
2012-09-10,WI,WI_3,0
2012-09-11,CA,CA_1,0
2012-09-11,CA,CA_2,0
2012-09-11,CA,CA_3,0
2012-09-11,CA,CA_4,0
2012-09-11,TX,TX_1,2
2012-09-11,TX,TX_2,6
2012-09-11,TX,TX_3,0
2012-09-11,WI,WI_1,0
2012-09-11,WI,WI_2,0
2012-09-11,WI,WI_3,0
2012-09-12,CA,CA_1,0
2012-09-12,CA,CA_2,0
2012-09-12,CA,CA_3,0
2012-09-12,CA,CA_4,0
2012-09-12,TX,TX_1,1
2012-09-12,TX,TX_2,1
2012-09-12,TX,TX_3,2
2012-09-12,WI,WI_1,0
2012-09-12,WI,WI_2,0
2012-09-12,WI,WI_3,0
2012-09-13,CA,CA_1,0
2012-09-13,CA,CA_2,0
2012-09-13,CA,CA_3,0
2012-09-13,CA,CA_4,0
2012-09-13,TX,TX_1,0
2012-09-13,TX,TX_2,1
2012-09-13,TX,TX_3,3
2012-09-13,WI,WI_1,0
2012-09-13,WI,WI_2,0
2012-09-13,WI,WI_3,0
2012-09-14,CA,CA_1,0
2012-09-14,CA,CA_2,0
2012-09-14,CA,CA_3,0
2012-09-14,CA,CA_4,0
2012-09-14,TX,TX_1,3
2012-09-14,TX,TX_2,3
2012-09-14,TX,TX_3,4
2012-09-14,WI,WI_1,0
2012-09-14,WI,WI_2,0
2012-09-14,WI,WI_3,0
2012-09-15,CA,CA_1,0
2012-09-15,CA,CA_2,0
2012-09-15,CA,CA_3,0
2012-09-15,CA,CA_4,0
2012-09-15,TX,TX_1,1
2012-09-15,TX,TX_2,1
2012-09-15,TX,TX_3,4
2012-09-15,WI,WI_1,0
2012-09-15,WI,WI_2,0
2012-09-15,WI,WI_3,0
2012-09-16,CA,CA_1,0
2012-09-16,CA,CA_2,0
2012-09-16,CA,CA_3,0
2012-09-16,CA,CA_4,0
2012-09-16,TX,TX_1,4
2012-09-16,TX,TX_2,9
2012-09-16,TX,TX_3,1
2012-09-16,WI,WI_1,0
2012-09-16,WI,WI_2,0
2012-09-16,WI,WI_3,0
2012-09-17,CA,CA_1,0
2012-09-17,CA,CA_2,0
2012-09-17,CA,CA_3,0
2012-09-17,CA,CA_4,0
2012-09-17,TX,TX_1,0
2012-09-17,TX,TX_2,1
2012-09-17,TX,TX_3,0
2012-09-17,WI,WI_1,0
2012-09-17,WI,WI_2,0
2012-09-17,WI,WI_3,0
2012-09-18,CA,CA_1,0
2012-09-18,CA,CA_2,0
2012-09-18,CA,CA_3,0
2012-09-18,CA,CA_4,0
2012-09-18,TX,TX_1,1
2012-09-18,TX,TX_2,2
2012-09-18,TX,TX_3,0
2012-09-18,WI,WI_1,0
2012-09-18,WI,WI_2,0
2012-09-18,WI,WI_3,0
2012-09-19,CA,CA_1,0
2012-09-19,CA,CA_2,0
2012-09-19,CA,CA_3,0
2012-09-19,CA,CA_4,0
2012-09-19,TX,TX_1,0
2012-09-19,TX,TX_2,2
2012-09-19,TX,TX_3,3
2012-09-19,WI,WI_1,0
2012-09-19,WI,WI_2,0
2012-09-19,WI,WI_3,0
2012-09-20,CA,CA_1,0
2012-09-20,CA,CA_2,0
2012-09-20,CA,CA_3,0
2012-09-20,CA,CA_4,0
2012-09-20,TX,TX_1,0
2012-09-20,TX,TX_2,2
2012-09-20,TX,TX_3,1
2012-09-20,WI,WI_1,0
2012-09-20,WI,WI_2,0
2012-09-20,WI,WI_3,0
2012-09-21,CA,CA_1,0
2012-09-21,CA,CA_2,0
2012-09-21,CA,CA_3,0
2012-09-21,CA,CA_4,0
2012-09-21,TX,TX_1,1
2012-09-21,TX,TX_2,2
2012-09-21,TX,TX_3,4
2012-09-21,WI,WI_1,0
2012-09-21,WI,WI_2,0
2012-09-21,WI,WI_3,0
2012-09-22,CA,CA_1,0
2012-09-22,CA,CA_2,0
2012-09-22,CA,CA_3,0
2012-09-22,CA,CA_4,0
2012-09-22,TX,TX_1,2
2012-09-22,TX,TX_2,2
2012-09-22,TX,TX_3,3
2012-09-22,WI,WI_1,0
2012-09-22,WI,WI_2,0
2012-09-22,WI,WI_3,0
2012-09-23,CA,CA_1,0
2012-09-23,CA,CA_2,0
2012-09-23,CA,CA_3,0
2012-09-23,CA,CA_4,0
2012-09-23,TX,TX_1,1
2012-09-23,TX,TX_2,3
2012-09-23,TX,TX_3,0
2012-09-23,WI,WI_1,0
2012-09-23,WI,WI_2,0
2012-09-23,WI,WI_3,0
2012-09-24,CA,CA_1,0
2012-09-24,CA,CA_2,0
2012-09-24,CA,CA_3,0
2012-09-24,CA,CA_4,0
2012-09-24,TX,TX_1,0
2012-09-24,TX,TX_2,1
2012-09-24,TX,TX_3,0
2012-09-24,WI,WI_1,0
2012-09-24,WI,WI_2,0
2012-09-24,WI,WI_3,0
2012-09-25,CA,CA_1,0
2012-09-25,CA,CA_2,0
2012-09-25,CA,CA_3,0
2012-09-25,CA,CA_4,0
2012-09-25,TX,TX_1,1
2012-09-25,TX,TX_2,3
2012-09-25,TX,TX_3,1
2012-09-25,WI,WI_1,0
2012-09-25,WI,WI_2,0
2012-09-25,WI,WI_3,0
2012-09-26,CA,CA_1,0
2012-09-26,CA,CA_2,0
2012-09-26,CA,CA_3,0
2012-09-26,CA,CA_4,0
2012-09-26,TX,TX_1,0
2012-09-26,TX,TX_2,2
2012-09-26,TX,TX_3,3
2012-09-26,WI,WI_1,0
2012-09-26,WI,WI_2,0
2012-09-26,WI,WI_3,0
2012-09-27,CA,CA_1,0
2012-09-27,CA,CA_2,0
2012-09-27,CA,CA_3,0
2012-09-27,CA,CA_4,0
2012-09-27,TX,TX_1,5
2012-09-27,TX,TX_2,5
2012-09-27,TX,TX_3,1
2012-09-27,WI,WI_1,0
2012-09-27,WI,WI_2,0
2012-09-27,WI,WI_3,0
2012-09-28,CA,CA_1,0
2012-09-28,CA,CA_2,0
2012-09-28,CA,CA_3,0
2012-09-28,CA,CA_4,0
2012-09-28,TX,TX_1,0
2012-09-28,TX,TX_2,2
2012-09-28,TX,TX_3,2
2012-09-28,WI,WI_1,0
2012-09-28,WI,WI_2,0
2012-09-28,WI,WI_3,0
2012-09-29,CA,CA_1,0
2012-09-29,CA,CA_2,0
2012-09-29,CA,CA_3,0
2012-09-29,CA,CA_4,0
2012-09-29,TX,TX_1,0
2012-09-29,TX,TX_2,2
2012-09-29,TX,TX_3,2
2012-09-29,WI,WI_1,0
2012-09-29,WI,WI_2,0
2012-09-29,WI,WI_3,0
2012-09-30,CA,CA_1,0
2012-09-30,CA,CA_2,0
2012-09-30,CA,CA_3,0
2012-09-30,CA,CA_4,0
2012-09-30,TX,TX_1,1
2012-09-30,TX,TX_2,7
2012-09-30,TX,TX_3,2
2012-09-30,WI,WI_1,0
2012-09-30,WI,WI_2,0
2012-09-30,WI,WI_3,0
2012-10-01,CA,CA_1,0
2012-10-01,CA,CA_2,0
2012-10-01,CA,CA_3,0
2012-10-01,CA,CA_4,0
2012-10-01,TX,TX_1,1
2012-10-01,TX,TX_2,1
2012-10-01,TX,TX_3,2
2012-10-01,WI,WI_1,0
2012-10-01,WI,WI_2,0
2012-10-01,WI,WI_3,0
2012-10-02,CA,CA_1,0
2012-10-02,CA,CA_2,0
2012-10-02,CA,CA_3,1
2012-10-02,CA,CA_4,0
2012-10-02,TX,TX_1,4
2012-10-02,TX,TX_2,4
2012-10-02,TX,TX_3,0
2012-10-02,WI,WI_1,0
2012-10-02,WI,WI_2,0
2012-10-02,WI,WI_3,0
2012-10-03,CA,CA_1,0
2012-10-03,CA,CA_2,0
2012-10-03,CA,CA_3,0
2012-10-03,CA,CA_4,0
2012-10-03,TX,TX_1,3
2012-10-03,TX,TX_2,1
2012-10-03,TX,TX_3,0
2012-10-03,WI,WI_1,0
2012-10-03,WI,WI_2,0
2012-10-03,WI,WI_3,0
2012-10-04,CA,CA_1,0
2012-10-04,CA,CA_2,0
2012-10-04,CA,CA_3,0
2012-10-04,CA,CA_4,0
2012-10-04,TX,TX_1,0
2012-10-04,TX,TX_2,1
2012-10-04,TX,TX_3,2
2012-10-04,WI,WI_1,0
2012-10-04,WI,WI_2,0
2012-10-04,WI,WI_3,0
2012-10-05,CA,CA_1,0
2012-10-05,CA,CA_2,0
2012-10-05,CA,CA_3,0
2012-10-05,CA,CA_4,0
2012-10-05,TX,TX_1,1
2012-10-05,TX,TX_2,1
2012-10-05,TX,TX_3,1
2012-10-05,WI,WI_1,0
2012-10-05,WI,WI_2,0
2012-10-05,WI,WI_3,0
2012-10-06,CA,CA_1,0
2012-10-06,CA,CA_2,0
2012-10-06,CA,CA_3,0
2012-10-06,CA,CA_4,0
2012-10-06,TX,TX_1,4
2012-10-06,TX,TX_2,2
2012-10-06,TX,TX_3,2
2012-10-06,WI,WI_1,0
2012-10-06,WI,WI_2,0
2012-10-06,WI,WI_3,0
2012-10-07,CA,CA_1,0
2012-10-07,CA,CA_2,0
2012-10-07,CA,CA_3,0
2012-10-07,CA,CA_4,0
2012-10-07,TX,TX_1,0
2012-10-07,TX,TX_2,3
2012-10-07,TX,TX_3,3
2012-10-07,WI,WI_1,0
2012-10-07,WI,WI_2,0
2012-10-07,WI,WI_3,0
2012-10-08,CA,CA_1,0
2012-10-08,CA,CA_2,0
2012-10-08,CA,CA_3,0
2012-10-08,CA,CA_4,0
2012-10-08,TX,TX_1,1
2012-10-08,TX,TX_2,2
2012-10-08,TX,TX_3,1
2012-10-08,WI,WI_1,0
2012-10-08,WI,WI_2,0
2012-10-08,WI,WI_3,0
2012-10-09,CA,CA_1,0
2012-10-09,CA,CA_2,0
2012-10-09,CA,CA_3,1
2012-10-09,CA,CA_4,0
2012-10-09,TX,TX_1,1
2012-10-09,TX,TX_2,3
2012-10-09,TX,TX_3,2
2012-10-09,WI,WI_1,0
2012-10-09,WI,WI_2,0
2012-10-09,WI,WI_3,0
2012-10-10,CA,CA_1,0
2012-10-10,CA,CA_2,0
2012-10-10,CA,CA_3,0
2012-10-10,CA,CA_4,0
2012-10-10,TX,TX_1,0
2012-10-10,TX,TX_2,1
2012-10-10,TX,TX_3,0
2012-10-10,WI,WI_1,0
2012-10-10,WI,WI_2,0
2012-10-10,WI,WI_3,0
2012-10-11,CA,CA_1,0
2012-10-11,CA,CA_2,0
2012-10-11,CA,CA_3,0
2012-10-11,CA,CA_4,0
2012-10-11,TX,TX_1,1
2012-10-11,TX,TX_2,3
2012-10-11,TX,TX_3,0
2012-10-11,WI,WI_1,0
2012-10-11,WI,WI_2,0
2012-10-11,WI,WI_3,0
2012-10-12,CA,CA_1,0
2012-10-12,CA,CA_2,0
2012-10-12,CA,CA_3,0
2012-10-12,CA,CA_4,0
2012-10-12,TX,TX_1,3
2012-10-12,TX,TX_2,0
2012-10-12,TX,TX_3,0
2012-10-12,WI,WI_1,0
2012-10-12,WI,WI_2,0
2012-10-12,WI,WI_3,0
2012-10-13,CA,CA_1,0
2012-10-13,CA,CA_2,0
2012-10-13,CA,CA_3,0
2012-10-13,CA,CA_4,0
2012-10-13,TX,TX_1,4
2012-10-13,TX,TX_2,2
2012-10-13,TX,TX_3,2
2012-10-13,WI,WI_1,0
2012-10-13,WI,WI_2,0
2012-10-13,WI,WI_3,0
2012-10-14,CA,CA_1,0
2012-10-14,CA,CA_2,0
2012-10-14,CA,CA_3,0
2012-10-14,CA,CA_4,0
2012-10-14,TX,TX_1,1
2012-10-14,TX,TX_2,1
2012-10-14,TX,TX_3,4
2012-10-14,WI,WI_1,0
2012-10-14,WI,WI_2,0
2012-10-14,WI,WI_3,0
2012-10-15,CA,CA_1,0
2012-10-15,CA,CA_2,0
2012-10-15,CA,CA_3,0
2012-10-15,CA,CA_4,0
2012-10-15,TX,TX_1,1
2012-10-15,TX,TX_2,3
2012-10-15,TX,TX_3,0
2012-10-15,WI,WI_1,0
2012-10-15,WI,WI_2,0
2012-10-15,WI,WI_3,0
2012-10-16,CA,CA_1,0
2012-10-16,CA,CA_2,0
2012-10-16,CA,CA_3,1
2012-10-16,CA,CA_4,0
2012-10-16,TX,TX_1,1
2012-10-16,TX,TX_2,4
2012-10-16,TX,TX_3,1
2012-10-16,WI,WI_1,0
2012-10-16,WI,WI_2,0
2012-10-16,WI,WI_3,0
2012-10-17,CA,CA_1,0
2012-10-17,CA,CA_2,0
2012-10-17,CA,CA_3,0
2012-10-17,CA,CA_4,0
2012-10-17,TX,TX_1,0
2012-10-17,TX,TX_2,0
2012-10-17,TX,TX_3,1
2012-10-17,WI,WI_1,0
2012-10-17,WI,WI_2,0
2012-10-17,WI,WI_3,0
2012-10-18,CA,CA_1,0
2012-10-18,CA,CA_2,0
2012-10-18,CA,CA_3,0
2012-10-18,CA,CA_4,0
2012-10-18,TX,TX_1,0
2012-10-18,TX,TX_2,3
2012-10-18,TX,TX_3,1
2012-10-18,WI,WI_1,0
2012-10-18,WI,WI_2,0
2012-10-18,WI,WI_3,0
2012-10-19,CA,CA_1,0
2012-10-19,CA,CA_2,0
2012-10-19,CA,CA_3,0
2012-10-19,CA,CA_4,0
2012-10-19,TX,TX_1,0
2012-10-19,TX,TX_2,3
2012-10-19,TX,TX_3,0
2012-10-19,WI,WI_1,0
2012-10-19,WI,WI_2,0
2012-10-19,WI,WI_3,0
2012-10-20,CA,CA_1,0
2012-10-20,CA,CA_2,0
2012-10-20,CA,CA_3,0
2012-10-20,CA,CA_4,0
2012-10-20,TX,TX_1,1
2012-10-20,TX,TX_2,0
2012-10-20,TX,TX_3,2
2012-10-20,WI,WI_1,0
2012-10-20,WI,WI_2,0
2012-10-20,WI,WI_3,0
2012-10-21,CA,CA_1,0
2012-10-21,CA,CA_2,0
2012-10-21,CA,CA_3,1
2012-10-21,CA,CA_4,0
2012-10-21,TX,TX_1,4
2012-10-21,TX,TX_2,1
2012-10-21,TX,TX_3,2
2012-10-21,WI,WI_1,0
2012-10-21,WI,WI_2,0
2012-10-21,WI,WI_3,0
2012-10-22,CA,CA_1,0
2012-10-22,CA,CA_2,0
2012-10-22,CA,CA_3,0
2012-10-22,CA,CA_4,0
2012-10-22,TX,TX_1,2
2012-10-22,TX,TX_2,5
2012-10-22,TX,TX_3,4
2012-10-22,WI,WI_1,0
2012-10-22,WI,WI_2,0
2012-10-22,WI,WI_3,0
2012-10-23,CA,CA_1,0
2012-10-23,CA,CA_2,0
2012-10-23,CA,CA_3,0
2012-10-23,CA,CA_4,0
2012-10-23,TX,TX_1,1
2012-10-23,TX,TX_2,1
2012-10-23,TX,TX_3,2
2012-10-23,WI,WI_1,0
2012-10-23,WI,WI_2,0
2012-10-23,WI,WI_3,0
2012-10-24,CA,CA_1,0
2012-10-24,CA,CA_2,0
2012-10-24,CA,CA_3,0
2012-10-24,CA,CA_4,0
2012-10-24,TX,TX_1,0
2012-10-24,TX,TX_2,3
2012-10-24,TX,TX_3,5
2012-10-24,WI,WI_1,0
2012-10-24,WI,WI_2,0
2012-10-24,WI,WI_3,0
2012-10-25,CA,CA_1,0
2012-10-25,CA,CA_2,0
2012-10-25,CA,CA_3,0
2012-10-25,CA,CA_4,0
2012-10-25,TX,TX_1,1
2012-10-25,TX,TX_2,3
2012-10-25,TX,TX_3,2
2012-10-25,WI,WI_1,0
2012-10-25,WI,WI_2,0
2012-10-25,WI,WI_3,0
2012-10-26,CA,CA_1,0
2012-10-26,CA,CA_2,0
2012-10-26,CA,CA_3,0
2012-10-26,CA,CA_4,0
2012-10-26,TX,TX_1,0
2012-10-26,TX,TX_2,3
2012-10-26,TX,TX_3,3
2012-10-26,WI,WI_1,0
2012-10-26,WI,WI_2,0
2012-10-26,WI,WI_3,0
2012-10-27,CA,CA_1,0
2012-10-27,CA,CA_2,0
2012-10-27,CA,CA_3,0
2012-10-27,CA,CA_4,0
2012-10-27,TX,TX_1,2
2012-10-27,TX,TX_2,2
2012-10-27,TX,TX_3,2
2012-10-27,WI,WI_1,0
2012-10-27,WI,WI_2,0
2012-10-27,WI,WI_3,0
2012-10-28,CA,CA_1,0
2012-10-28,CA,CA_2,0
2012-10-28,CA,CA_3,0
2012-10-28,CA,CA_4,0
2012-10-28,TX,TX_1,2
2012-10-28,TX,TX_2,1
2012-10-28,TX,TX_3,0
2012-10-28,WI,WI_1,0
2012-10-28,WI,WI_2,0
2012-10-28,WI,WI_3,0
2012-10-29,CA,CA_1,0
2012-10-29,CA,CA_2,0
2012-10-29,CA,CA_3,0
2012-10-29,CA,CA_4,0
2012-10-29,TX,TX_1,6
2012-10-29,TX,TX_2,1
2012-10-29,TX,TX_3,1
2012-10-29,WI,WI_1,0
2012-10-29,WI,WI_2,0
2012-10-29,WI,WI_3,0
2012-10-30,CA,CA_1,0
2012-10-30,CA,CA_2,0
2012-10-30,CA,CA_3,0
2012-10-30,CA,CA_4,0
2012-10-30,TX,TX_1,2
2012-10-30,TX,TX_2,6
2012-10-30,TX,TX_3,1
2012-10-30,WI,WI_1,0
2012-10-30,WI,WI_2,0
2012-10-30,WI,WI_3,0
2012-10-31,CA,CA_1,0
2012-10-31,CA,CA_2,0
2012-10-31,CA,CA_3,0
2012-10-31,CA,CA_4,0
2012-10-31,TX,TX_1,1
2012-10-31,TX,TX_2,0
2012-10-31,TX,TX_3,0
2012-10-31,WI,WI_1,0
2012-10-31,WI,WI_2,0
2012-10-31,WI,WI_3,0
2012-11-01,CA,CA_1,0
2012-11-01,CA,CA_2,0
2012-11-01,CA,CA_3,0
2012-11-01,CA,CA_4,0
2012-11-01,TX,TX_1,0
2012-11-01,TX,TX_2,1
2012-11-01,TX,TX_3,4
2012-11-01,WI,WI_1,0
2012-11-01,WI,WI_2,0
2012-11-01,WI,WI_3,0
2012-11-02,CA,CA_1,0
2012-11-02,CA,CA_2,0
2012-11-02,CA,CA_3,0
2012-11-02,CA,CA_4,0
2012-11-02,TX,TX_1,1
2012-11-02,TX,TX_2,2
2012-11-02,TX,TX_3,1
2012-11-02,WI,WI_1,0
2012-11-02,WI,WI_2,0
2012-11-02,WI,WI_3,0
2012-11-03,CA,CA_1,0
2012-11-03,CA,CA_2,0
2012-11-03,CA,CA_3,0
2012-11-03,CA,CA_4,0
2012-11-03,TX,TX_1,0
2012-11-03,TX,TX_2,6
2012-11-03,TX,TX_3,6
2012-11-03,WI,WI_1,0
2012-11-03,WI,WI_2,0
2012-11-03,WI,WI_3,0
2012-11-04,CA,CA_1,0
2012-11-04,CA,CA_2,0
2012-11-04,CA,CA_3,0
2012-11-04,CA,CA_4,0
2012-11-04,TX,TX_1,5
2012-11-04,TX,TX_2,5
2012-11-04,TX,TX_3,0
2012-11-04,WI,WI_1,0
2012-11-04,WI,WI_2,0
2012-11-04,WI,WI_3,0
2012-11-05,CA,CA_1,0
2012-11-05,CA,CA_2,0
2012-11-05,CA,CA_3,0
2012-11-05,CA,CA_4,0
2012-11-05,TX,TX_1,5
2012-11-05,TX,TX_2,0
2012-11-05,TX,TX_3,4
2012-11-05,WI,WI_1,0
2012-11-05,WI,WI_2,0
2012-11-05,WI,WI_3,0
2012-11-06,CA,CA_1,0
2012-11-06,CA,CA_2,0
2012-11-06,CA,CA_3,0
2012-11-06,CA,CA_4,0
2012-11-06,TX,TX_1,3
2012-11-06,TX,TX_2,0
2012-11-06,TX,TX_3,0
2012-11-06,WI,WI_1,0
2012-11-06,WI,WI_2,0
2012-11-06,WI,WI_3,0
2012-11-07,CA,CA_1,0
2012-11-07,CA,CA_2,0
2012-11-07,CA,CA_3,0
2012-11-07,CA,CA_4,0
2012-11-07,TX,TX_1,1
2012-11-07,TX,TX_2,2
2012-11-07,TX,TX_3,0
2012-11-07,WI,WI_1,0
2012-11-07,WI,WI_2,0
2012-11-07,WI,WI_3,0
2012-11-08,CA,CA_1,0
2012-11-08,CA,CA_2,0
2012-11-08,CA,CA_3,0
2012-11-08,CA,CA_4,0
2012-11-08,TX,TX_1,1
2012-11-08,TX,TX_2,3
2012-11-08,TX,TX_3,2
2012-11-08,WI,WI_1,0
2012-11-08,WI,WI_2,0
2012-11-08,WI,WI_3,0
2012-11-09,CA,CA_1,0
2012-11-09,CA,CA_2,0
2012-11-09,CA,CA_3,0
2012-11-09,CA,CA_4,0
2012-11-09,TX,TX_1,0
2012-11-09,TX,TX_2,2
2012-11-09,TX,TX_3,0
2012-11-09,WI,WI_1,0
2012-11-09,WI,WI_2,0
2012-11-09,WI,WI_3,0
2012-11-10,CA,CA_1,0
2012-11-10,CA,CA_2,0
2012-11-10,CA,CA_3,0
2012-11-10,CA,CA_4,0
2012-11-10,TX,TX_1,1
2012-11-10,TX,TX_2,3
2012-11-10,TX,TX_3,2
2012-11-10,WI,WI_1,0
2012-11-10,WI,WI_2,0
2012-11-10,WI,WI_3,0
2012-11-11,CA,CA_1,0
2012-11-11,CA,CA_2,0
2012-11-11,CA,CA_3,0
2012-11-11,CA,CA_4,0
2012-11-11,TX,TX_1,2
2012-11-11,TX,TX_2,1
2012-11-11,TX,TX_3,3
2012-11-11,WI,WI_1,0
2012-11-11,WI,WI_2,0
2012-11-11,WI,WI_3,0
2012-11-12,CA,CA_1,0
2012-11-12,CA,CA_2,0
2012-11-12,CA,CA_3,0
2012-11-12,CA,CA_4,0
2012-11-12,TX,TX_1,2
2012-11-12,TX,TX_2,0
2012-11-12,TX,TX_3,1
2012-11-12,WI,WI_1,0
2012-11-12,WI,WI_2,0
2012-11-12,WI,WI_3,0
2012-11-13,CA,CA_1,0
2012-11-13,CA,CA_2,0
2012-11-13,CA,CA_3,0
2012-11-13,CA,CA_4,0
2012-11-13,TX,TX_1,2
2012-11-13,TX,TX_2,5
2012-11-13,TX,TX_3,1
2012-11-13,WI,WI_1,0
2012-11-13,WI,WI_2,0
2012-11-13,WI,WI_3,0
2012-11-14,CA,CA_1,0
2012-11-14,CA,CA_2,0
2012-11-14,CA,CA_3,0
2012-11-14,CA,CA_4,0
2012-11-14,TX,TX_1,3
2012-11-14,TX,TX_2,5
2012-11-14,TX,TX_3,1
2012-11-14,WI,WI_1,0
2012-11-14,WI,WI_2,0
2012-11-14,WI,WI_3,0
2012-11-15,CA,CA_1,0
2012-11-15,CA,CA_2,0
2012-11-15,CA,CA_3,0
2012-11-15,CA,CA_4,0
2012-11-15,TX,TX_1,2
2012-11-15,TX,TX_2,1
2012-11-15,TX,TX_3,2
2012-11-15,WI,WI_1,0
2012-11-15,WI,WI_2,0
2012-11-15,WI,WI_3,0
2012-11-16,CA,CA_1,0
2012-11-16,CA,CA_2,0
2012-11-16,CA,CA_3,0
2012-11-16,CA,CA_4,0
2012-11-16,TX,TX_1,0
2012-11-16,TX,TX_2,1
2012-11-16,TX,TX_3,2
2012-11-16,WI,WI_1,0
2012-11-16,WI,WI_2,0
2012-11-16,WI,WI_3,0
2012-11-17,CA,CA_1,0
2012-11-17,CA,CA_2,0
2012-11-17,CA,CA_3,0
2012-11-17,CA,CA_4,0
2012-11-17,TX,TX_1,0
2012-11-17,TX,TX_2,4
2012-11-17,TX,TX_3,1
2012-11-17,WI,WI_1,0
2012-11-17,WI,WI_2,0
2012-11-17,WI,WI_3,0
2012-11-18,CA,CA_1,0
2012-11-18,CA,CA_2,0
2012-11-18,CA,CA_3,0
2012-11-18,CA,CA_4,0
2012-11-18,TX,TX_1,1
2012-11-18,TX,TX_2,3
2012-11-18,TX,TX_3,2
2012-11-18,WI,WI_1,0
2012-11-18,WI,WI_2,0
2012-11-18,WI,WI_3,0
2012-11-19,CA,CA_1,0
2012-11-19,CA,CA_2,0
2012-11-19,CA,CA_3,0
2012-11-19,CA,CA_4,0
2012-11-19,TX,TX_1,0
2012-11-19,TX,TX_2,2
2012-11-19,TX,TX_3,0
2012-11-19,WI,WI_1,0
2012-11-19,WI,WI_2,0
2012-11-19,WI,WI_3,0
2012-11-20,CA,CA_1,0
2012-11-20,CA,CA_2,0
2012-11-20,CA,CA_3,0
2012-11-20,CA,CA_4,0
2012-11-20,TX,TX_1,4
2012-11-20,TX,TX_2,1
2012-11-20,TX,TX_3,2
2012-11-20,WI,WI_1,0
2012-11-20,WI,WI_2,0
2012-11-20,WI,WI_3,0
2012-11-21,CA,CA_1,0
2012-11-21,CA,CA_2,0
2012-11-21,CA,CA_3,0
2012-11-21,CA,CA_4,0
2012-11-21,TX,TX_1,2
2012-11-21,TX,TX_2,7
2012-11-21,TX,TX_3,2
2012-11-21,WI,WI_1,0
2012-11-21,WI,WI_2,0
2012-11-21,WI,WI_3,0
2012-11-22,CA,CA_1,0
2012-11-22,CA,CA_2,0
2012-11-22,CA,CA_3,0
2012-11-22,CA,CA_4,0
2012-11-22,TX,TX_1,0
2012-11-22,TX,TX_2,1
2012-11-22,TX,TX_3,0
2012-11-22,WI,WI_1,0
2012-11-22,WI,WI_2,0
2012-11-22,WI,WI_3,0
2012-11-23,CA,CA_1,0
2012-11-23,CA,CA_2,0
2012-11-23,CA,CA_3,0
2012-11-23,CA,CA_4,0
2012-11-23,TX,TX_1,0
2012-11-23,TX,TX_2,2
2012-11-23,TX,TX_3,1
2012-11-23,WI,WI_1,0
2012-11-23,WI,WI_2,0
2012-11-23,WI,WI_3,0
2012-11-24,CA,CA_1,0
2012-11-24,CA,CA_2,0
2012-11-24,CA,CA_3,0
2012-11-24,CA,CA_4,0
2012-11-24,TX,TX_1,2
2012-11-24,TX,TX_2,4
2012-11-24,TX,TX_3,1
2012-11-24,WI,WI_1,0
2012-11-24,WI,WI_2,0
2012-11-24,WI,WI_3,0
2012-11-25,CA,CA_1,0
2012-11-25,CA,CA_2,0
2012-11-25,CA,CA_3,0
2012-11-25,CA,CA_4,0
2012-11-25,TX,TX_1,3
2012-11-25,TX,TX_2,4
2012-11-25,TX,TX_3,0
2012-11-25,WI,WI_1,0
2012-11-25,WI,WI_2,0
2012-11-25,WI,WI_3,0
2012-11-26,CA,CA_1,0
2012-11-26,CA,CA_2,0
2012-11-26,CA,CA_3,0
2012-11-26,CA,CA_4,0
2012-11-26,TX,TX_1,0
2012-11-26,TX,TX_2,1
2012-11-26,TX,TX_3,0
2012-11-26,WI,WI_1,0
2012-11-26,WI,WI_2,0
2012-11-26,WI,WI_3,0
2012-11-27,CA,CA_1,0
2012-11-27,CA,CA_2,0
2012-11-27,CA,CA_3,0
2012-11-27,CA,CA_4,0
2012-11-27,TX,TX_1,0
2012-11-27,TX,TX_2,0
2012-11-27,TX,TX_3,5
2012-11-27,WI,WI_1,0
2012-11-27,WI,WI_2,0
2012-11-27,WI,WI_3,0
2012-11-28,CA,CA_1,0
2012-11-28,CA,CA_2,0
2012-11-28,CA,CA_3,0
2012-11-28,CA,CA_4,0
2012-11-28,TX,TX_1,1
2012-11-28,TX,TX_2,4
2012-11-28,TX,TX_3,1
2012-11-28,WI,WI_1,0
2012-11-28,WI,WI_2,0
2012-11-28,WI,WI_3,0
2012-11-29,CA,CA_1,0
2012-11-29,CA,CA_2,0
2012-11-29,CA,CA_3,0
2012-11-29,CA,CA_4,0
2012-11-29,TX,TX_1,0
2012-11-29,TX,TX_2,0
2012-11-29,TX,TX_3,1
2012-11-29,WI,WI_1,0
2012-11-29,WI,WI_2,0
2012-11-29,WI,WI_3,0
2012-11-30,CA,CA_1,0
2012-11-30,CA,CA_2,0
2012-11-30,CA,CA_3,0
2012-11-30,CA,CA_4,0
2012-11-30,TX,TX_1,0
2012-11-30,TX,TX_2,0
2012-11-30,TX,TX_3,0
2012-11-30,WI,WI_1,0
2012-11-30,WI,WI_2,0
2012-11-30,WI,WI_3,0
2012-12-01,CA,CA_1,0
2012-12-01,CA,CA_2,0
2012-12-01,CA,CA_3,0
2012-12-01,CA,CA_4,0
2012-12-01,TX,TX_1,1
2012-12-01,TX,TX_2,1
2012-12-01,TX,TX_3,2
2012-12-01,WI,WI_1,0
2012-12-01,WI,WI_2,0
2012-12-01,WI,WI_3,0
2012-12-02,CA,CA_1,0
2012-12-02,CA,CA_2,0
2012-12-02,CA,CA_3,0
2012-12-02,CA,CA_4,0
2012-12-02,TX,TX_1,0
2012-12-02,TX,TX_2,3
2012-12-02,TX,TX_3,0
2012-12-02,WI,WI_1,0
2012-12-02,WI,WI_2,0
2012-12-02,WI,WI_3,0
2012-12-03,CA,CA_1,0
2012-12-03,CA,CA_2,0
2012-12-03,CA,CA_3,0
2012-12-03,CA,CA_4,0
2012-12-03,TX,TX_1,6
2012-12-03,TX,TX_2,2
2012-12-03,TX,TX_3,1
2012-12-03,WI,WI_1,0
2012-12-03,WI,WI_2,0
2012-12-03,WI,WI_3,0
2012-12-04,CA,CA_1,0
2012-12-04,CA,CA_2,0
2012-12-04,CA,CA_3,0
2012-12-04,CA,CA_4,0
2012-12-04,TX,TX_1,0
2012-12-04,TX,TX_2,0
2012-12-04,TX,TX_3,0
2012-12-04,WI,WI_1,0
2012-12-04,WI,WI_2,0
2012-12-04,WI,WI_3,0
2012-12-05,CA,CA_1,0
2012-12-05,CA,CA_2,0
2012-12-05,CA,CA_3,0
2012-12-05,CA,CA_4,0
2012-12-05,TX,TX_1,2
2012-12-05,TX,TX_2,4
2012-12-05,TX,TX_3,0
2012-12-05,WI,WI_1,0
2012-12-05,WI,WI_2,0
2012-12-05,WI,WI_3,0
2012-12-06,CA,CA_1,0
2012-12-06,CA,CA_2,0
2012-12-06,CA,CA_3,0
2012-12-06,CA,CA_4,0
2012-12-06,TX,TX_1,0
2012-12-06,TX,TX_2,1
2012-12-06,TX,TX_3,4
2012-12-06,WI,WI_1,0
2012-12-06,WI,WI_2,0
2012-12-06,WI,WI_3,0
2012-12-07,CA,CA_1,0
2012-12-07,CA,CA_2,0
2012-12-07,CA,CA_3,0
2012-12-07,CA,CA_4,0
2012-12-07,TX,TX_1,1
2012-12-07,TX,TX_2,1
2012-12-07,TX,TX_3,3
2012-12-07,WI,WI_1,0
2012-12-07,WI,WI_2,0
2012-12-07,WI,WI_3,0
2012-12-08,CA,CA_1,0
2012-12-08,CA,CA_2,0
2012-12-08,CA,CA_3,0
2012-12-08,CA,CA_4,0
2012-12-08,TX,TX_1,0
2012-12-08,TX,TX_2,0
2012-12-08,TX,TX_3,0
2012-12-08,WI,WI_1,0
2012-12-08,WI,WI_2,0
2012-12-08,WI,WI_3,0
2012-12-09,CA,CA_1,0
2012-12-09,CA,CA_2,0
2012-12-09,CA,CA_3,0
2012-12-09,CA,CA_4,0
2012-12-09,TX,TX_1,6
2012-12-09,TX,TX_2,0
2012-12-09,TX,TX_3,1
2012-12-09,WI,WI_1,0
2012-12-09,WI,WI_2,0
2012-12-09,WI,WI_3,0
2012-12-10,CA,CA_1,0
2012-12-10,CA,CA_2,0
2012-12-10,CA,CA_3,0
2012-12-10,CA,CA_4,0
2012-12-10,TX,TX_1,0
2012-12-10,TX,TX_2,2
2012-12-10,TX,TX_3,3
2012-12-10,WI,WI_1,0
2012-12-10,WI,WI_2,0
2012-12-10,WI,WI_3,0
2012-12-11,CA,CA_1,0
2012-12-11,CA,CA_2,0
2012-12-11,CA,CA_3,0
2012-12-11,CA,CA_4,0
2012-12-11,TX,TX_1,2
2012-12-11,TX,TX_2,2
2012-12-11,TX,TX_3,0
2012-12-11,WI,WI_1,0
2012-12-11,WI,WI_2,0
2012-12-11,WI,WI_3,0
2012-12-12,CA,CA_1,0
2012-12-12,CA,CA_2,0
2012-12-12,CA,CA_3,0
2012-12-12,CA,CA_4,0
2012-12-12,TX,TX_1,0
2012-12-12,TX,TX_2,1
2012-12-12,TX,TX_3,2
2012-12-12,WI,WI_1,0
2012-12-12,WI,WI_2,0
2012-12-12,WI,WI_3,0
2012-12-13,CA,CA_1,0
2012-12-13,CA,CA_2,0
2012-12-13,CA,CA_3,0
2012-12-13,CA,CA_4,0
2012-12-13,TX,TX_1,4
2012-12-13,TX,TX_2,3
2012-12-13,TX,TX_3,5
2012-12-13,WI,WI_1,0
2012-12-13,WI,WI_2,0
2012-12-13,WI,WI_3,0
2012-12-14,CA,CA_1,0
2012-12-14,CA,CA_2,0
2012-12-14,CA,CA_3,0
2012-12-14,CA,CA_4,0
2012-12-14,TX,TX_1,1
2012-12-14,TX,TX_2,1
2012-12-14,TX,TX_3,1
2012-12-14,WI,WI_1,0
2012-12-14,WI,WI_2,0
2012-12-14,WI,WI_3,0
2012-12-15,CA,CA_1,0
2012-12-15,CA,CA_2,0
2012-12-15,CA,CA_3,0
2012-12-15,CA,CA_4,0
2012-12-15,TX,TX_1,2
2012-12-15,TX,TX_2,2
2012-12-15,TX,TX_3,0
2012-12-15,WI,WI_1,0
2012-12-15,WI,WI_2,0
2012-12-15,WI,WI_3,0
2012-12-16,CA,CA_1,0
2012-12-16,CA,CA_2,0
2012-12-16,CA,CA_3,0
2012-12-16,CA,CA_4,0
2012-12-16,TX,TX_1,3
2012-12-16,TX,TX_2,1
2012-12-16,TX,TX_3,1
2012-12-16,WI,WI_1,0
2012-12-16,WI,WI_2,0
2012-12-16,WI,WI_3,0
2012-12-17,CA,CA_1,0
2012-12-17,CA,CA_2,0
2012-12-17,CA,CA_3,0
2012-12-17,CA,CA_4,0
2012-12-17,TX,TX_1,3
2012-12-17,TX,TX_2,1
2012-12-17,TX,TX_3,0
2012-12-17,WI,WI_1,0
2012-12-17,WI,WI_2,0
2012-12-17,WI,WI_3,0
2012-12-18,CA,CA_1,0
2012-12-18,CA,CA_2,0
2012-12-18,CA,CA_3,0
2012-12-18,CA,CA_4,0
2012-12-18,TX,TX_1,2
2012-12-18,TX,TX_2,2
2012-12-18,TX,TX_3,0
2012-12-18,WI,WI_1,0
2012-12-18,WI,WI_2,0
2012-12-18,WI,WI_3,0
2012-12-19,CA,CA_1,0
2012-12-19,CA,CA_2,0
2012-12-19,CA,CA_3,1
2012-12-19,CA,CA_4,0
2012-12-19,TX,TX_1,0
2012-12-19,TX,TX_2,3
2012-12-19,TX,TX_3,0
2012-12-19,WI,WI_1,0
2012-12-19,WI,WI_2,0
2012-12-19,WI,WI_3,0
2012-12-20,CA,CA_1,0
2012-12-20,CA,CA_2,0
2012-12-20,CA,CA_3,0
2012-12-20,CA,CA_4,0
2012-12-20,TX,TX_1,0
2012-12-20,TX,TX_2,2
2012-12-20,TX,TX_3,0
2012-12-20,WI,WI_1,0
2012-12-20,WI,WI_2,0
2012-12-20,WI,WI_3,0
2012-12-21,CA,CA_1,0
2012-12-21,CA,CA_2,0
2012-12-21,CA,CA_3,0
2012-12-21,CA,CA_4,0
2012-12-21,TX,TX_1,0
2012-12-21,TX,TX_2,0
2012-12-21,TX,TX_3,0
2012-12-21,WI,WI_1,0
2012-12-21,WI,WI_2,0
2012-12-21,WI,WI_3,0
2012-12-22,CA,CA_1,0
2012-12-22,CA,CA_2,0
2012-12-22,CA,CA_3,0
2012-12-22,CA,CA_4,0
2012-12-22,TX,TX_1,2
2012-12-22,TX,TX_2,4
2012-12-22,TX,TX_3,0
2012-12-22,WI,WI_1,0
2012-12-22,WI,WI_2,0
2012-12-22,WI,WI_3,0
2012-12-23,CA,CA_1,0
2012-12-23,CA,CA_2,0
2012-12-23,CA,CA_3,0
2012-12-23,CA,CA_4,0
2012-12-23,TX,TX_1,2
2012-12-23,TX,TX_2,0
2012-12-23,TX,TX_3,0
2012-12-23,WI,WI_1,0
2012-12-23,WI,WI_2,0
2012-12-23,WI,WI_3,0
2012-12-24,CA,CA_1,0
2012-12-24,CA,CA_2,0
2012-12-24,CA,CA_3,0
2012-12-24,CA,CA_4,0
2012-12-24,TX,TX_1,0
2012-12-24,TX,TX_2,2
2012-12-24,TX,TX_3,0
2012-12-24,WI,WI_1,0
2012-12-24,WI,WI_2,0
2012-12-24,WI,WI_3,0
2012-12-25,CA,CA_1,0
2012-12-25,CA,CA_2,0
2012-12-25,CA,CA_3,0
2012-12-25,CA,CA_4,0
2012-12-25,TX,TX_1,0
2012-12-25,TX,TX_2,0
2012-12-25,TX,TX_3,0
2012-12-25,WI,WI_1,0
2012-12-25,WI,WI_2,0
2012-12-25,WI,WI_3,0
2012-12-26,CA,CA_1,0
2012-12-26,CA,CA_2,0
2012-12-26,CA,CA_3,0
2012-12-26,CA,CA_4,0
2012-12-26,TX,TX_1,2
2012-12-26,TX,TX_2,3
2012-12-26,TX,TX_3,0
2012-12-26,WI,WI_1,0
2012-12-26,WI,WI_2,0
2012-12-26,WI,WI_3,0
2012-12-27,CA,CA_1,0
2012-12-27,CA,CA_2,0
2012-12-27,CA,CA_3,0
2012-12-27,CA,CA_4,0
2012-12-27,TX,TX_1,0
2012-12-27,TX,TX_2,3
2012-12-27,TX,TX_3,0
2012-12-27,WI,WI_1,0
2012-12-27,WI,WI_2,0
2012-12-27,WI,WI_3,0
2012-12-28,CA,CA_1,0
2012-12-28,CA,CA_2,0
2012-12-28,CA,CA_3,0
2012-12-28,CA,CA_4,0
2012-12-28,TX,TX_1,1
2012-12-28,TX,TX_2,2
2012-12-28,TX,TX_3,1
2012-12-28,WI,WI_1,0
2012-12-28,WI,WI_2,0
2012-12-28,WI,WI_3,0
2012-12-29,CA,CA_1,0
2012-12-29,CA,CA_2,0
2012-12-29,CA,CA_3,0
2012-12-29,CA,CA_4,0
2012-12-29,TX,TX_1,2
2012-12-29,TX,TX_2,3
2012-12-29,TX,TX_3,0
2012-12-29,WI,WI_1,0
2012-12-29,WI,WI_2,0
2012-12-29,WI,WI_3,0
2012-12-30,CA,CA_1,0
2012-12-30,CA,CA_2,0
2012-12-30,CA,CA_3,0
2012-12-30,CA,CA_4,0
2012-12-30,TX,TX_1,1
2012-12-30,TX,TX_2,1
2012-12-30,TX,TX_3,1
2012-12-30,WI,WI_1,0
2012-12-30,WI,WI_2,0
2012-12-30,WI,WI_3,0
2012-12-31,CA,CA_1,0
2012-12-31,CA,CA_2,0
2012-12-31,CA,CA_3,0
2012-12-31,CA,CA_4,0
2012-12-31,TX,TX_1,1
2012-12-31,TX,TX_2,0
2012-12-31,TX,TX_3,1
2012-12-31,WI,WI_1,0
2012-12-31,WI,WI_2,0
2012-12-31,WI,WI_3,0
2013-01-01,CA,CA_1,0
2013-01-01,CA,CA_2,0
2013-01-01,CA,CA_3,0
2013-01-01,CA,CA_4,0
2013-01-01,TX,TX_1,0
2013-01-01,TX,TX_2,0
2013-01-01,TX,TX_3,3
2013-01-01,WI,WI_1,0
2013-01-01,WI,WI_2,0
2013-01-01,WI,WI_3,0
2013-01-02,CA,CA_1,0
2013-01-02,CA,CA_2,0
2013-01-02,CA,CA_3,0
2013-01-02,CA,CA_4,0
2013-01-02,TX,TX_1,2
2013-01-02,TX,TX_2,1
2013-01-02,TX,TX_3,0
2013-01-02,WI,WI_1,0
2013-01-02,WI,WI_2,0
2013-01-02,WI,WI_3,0
2013-01-03,CA,CA_1,0
2013-01-03,CA,CA_2,0
2013-01-03,CA,CA_3,0
2013-01-03,CA,CA_4,0
2013-01-03,TX,TX_1,1
2013-01-03,TX,TX_2,6
2013-01-03,TX,TX_3,2
2013-01-03,WI,WI_1,0
2013-01-03,WI,WI_2,0
2013-01-03,WI,WI_3,0
2013-01-04,CA,CA_1,0
2013-01-04,CA,CA_2,0
2013-01-04,CA,CA_3,0
2013-01-04,CA,CA_4,0
2013-01-04,TX,TX_1,1
2013-01-04,TX,TX_2,2
2013-01-04,TX,TX_3,0
2013-01-04,WI,WI_1,0
2013-01-04,WI,WI_2,0
2013-01-04,WI,WI_3,0
2013-01-05,CA,CA_1,0
2013-01-05,CA,CA_2,0
2013-01-05,CA,CA_3,0
2013-01-05,CA,CA_4,0
2013-01-05,TX,TX_1,3
2013-01-05,TX,TX_2,2
2013-01-05,TX,TX_3,1
2013-01-05,WI,WI_1,0
2013-01-05,WI,WI_2,0
2013-01-05,WI,WI_3,0
2013-01-06,CA,CA_1,0
2013-01-06,CA,CA_2,0
2013-01-06,CA,CA_3,0
2013-01-06,CA,CA_4,0
2013-01-06,TX,TX_1,0
2013-01-06,TX,TX_2,3
2013-01-06,TX,TX_3,6
2013-01-06,WI,WI_1,0
2013-01-06,WI,WI_2,0
2013-01-06,WI,WI_3,0
2013-01-07,CA,CA_1,0
2013-01-07,CA,CA_2,0
2013-01-07,CA,CA_3,0
2013-01-07,CA,CA_4,0
2013-01-07,TX,TX_1,1
2013-01-07,TX,TX_2,2
2013-01-07,TX,TX_3,0
2013-01-07,WI,WI_1,0
2013-01-07,WI,WI_2,0
2013-01-07,WI,WI_3,0
2013-01-08,CA,CA_1,0
2013-01-08,CA,CA_2,0
2013-01-08,CA,CA_3,0
2013-01-08,CA,CA_4,0
2013-01-08,TX,TX_1,0
2013-01-08,TX,TX_2,0
2013-01-08,TX,TX_3,0
2013-01-08,WI,WI_1,0
2013-01-08,WI,WI_2,0
2013-01-08,WI,WI_3,0
2013-01-09,CA,CA_1,0
2013-01-09,CA,CA_2,0
2013-01-09,CA,CA_3,0
2013-01-09,CA,CA_4,0
2013-01-09,TX,TX_1,1
2013-01-09,TX,TX_2,3
2013-01-09,TX,TX_3,0
2013-01-09,WI,WI_1,0
2013-01-09,WI,WI_2,0
2013-01-09,WI,WI_3,0
2013-01-10,CA,CA_1,0
2013-01-10,CA,CA_2,0
2013-01-10,CA,CA_3,0
2013-01-10,CA,CA_4,0
2013-01-10,TX,TX_1,0
2013-01-10,TX,TX_2,1
2013-01-10,TX,TX_3,2
2013-01-10,WI,WI_1,0
2013-01-10,WI,WI_2,0
2013-01-10,WI,WI_3,0
2013-01-11,CA,CA_1,0
2013-01-11,CA,CA_2,0
2013-01-11,CA,CA_3,0
2013-01-11,CA,CA_4,0
2013-01-11,TX,TX_1,2
2013-01-11,TX,TX_2,0
2013-01-11,TX,TX_3,0
2013-01-11,WI,WI_1,0
2013-01-11,WI,WI_2,0
2013-01-11,WI,WI_3,0
2013-01-12,CA,CA_1,0
2013-01-12,CA,CA_2,0
2013-01-12,CA,CA_3,0
2013-01-12,CA,CA_4,0
2013-01-12,TX,TX_1,2
2013-01-12,TX,TX_2,0
2013-01-12,TX,TX_3,1
2013-01-12,WI,WI_1,0
2013-01-12,WI,WI_2,0
2013-01-12,WI,WI_3,0
2013-01-13,CA,CA_1,0
2013-01-13,CA,CA_2,0
2013-01-13,CA,CA_3,0
2013-01-13,CA,CA_4,0
2013-01-13,TX,TX_1,4
2013-01-13,TX,TX_2,0
2013-01-13,TX,TX_3,1
2013-01-13,WI,WI_1,0
2013-01-13,WI,WI_2,0
2013-01-13,WI,WI_3,0
2013-01-14,CA,CA_1,0
2013-01-14,CA,CA_2,0
2013-01-14,CA,CA_3,0
2013-01-14,CA,CA_4,0
2013-01-14,TX,TX_1,0
2013-01-14,TX,TX_2,2
2013-01-14,TX,TX_3,0
2013-01-14,WI,WI_1,0
2013-01-14,WI,WI_2,0
2013-01-14,WI,WI_3,0
2013-01-15,CA,CA_1,0
2013-01-15,CA,CA_2,0
2013-01-15,CA,CA_3,0
2013-01-15,CA,CA_4,0
2013-01-15,TX,TX_1,1
2013-01-15,TX,TX_2,3
2013-01-15,TX,TX_3,1
2013-01-15,WI,WI_1,0
2013-01-15,WI,WI_2,0
2013-01-15,WI,WI_3,0
2013-01-16,CA,CA_1,0
2013-01-16,CA,CA_2,0
2013-01-16,CA,CA_3,0
2013-01-16,CA,CA_4,0
2013-01-16,TX,TX_1,0
2013-01-16,TX,TX_2,0
2013-01-16,TX,TX_3,2
2013-01-16,WI,WI_1,0
2013-01-16,WI,WI_2,0
2013-01-16,WI,WI_3,0
2013-01-17,CA,CA_1,0
2013-01-17,CA,CA_2,0
2013-01-17,CA,CA_3,0
2013-01-17,CA,CA_4,0
2013-01-17,TX,TX_1,0
2013-01-17,TX,TX_2,1
2013-01-17,TX,TX_3,2
2013-01-17,WI,WI_1,0
2013-01-17,WI,WI_2,0
2013-01-17,WI,WI_3,0
2013-01-18,CA,CA_1,0
2013-01-18,CA,CA_2,0
2013-01-18,CA,CA_3,0
2013-01-18,CA,CA_4,0
2013-01-18,TX,TX_1,2
2013-01-18,TX,TX_2,3
2013-01-18,TX,TX_3,0
2013-01-18,WI,WI_1,0
2013-01-18,WI,WI_2,0
2013-01-18,WI,WI_3,0
2013-01-19,CA,CA_1,0
2013-01-19,CA,CA_2,0
2013-01-19,CA,CA_3,0
2013-01-19,CA,CA_4,0
2013-01-19,TX,TX_1,0
2013-01-19,TX,TX_2,1
2013-01-19,TX,TX_3,1
2013-01-19,WI,WI_1,0
2013-01-19,WI,WI_2,0
2013-01-19,WI,WI_3,0
2013-01-20,CA,CA_1,0
2013-01-20,CA,CA_2,0
2013-01-20,CA,CA_3,0
2013-01-20,CA,CA_4,0
2013-01-20,TX,TX_1,2
2013-01-20,TX,TX_2,7
2013-01-20,TX,TX_3,1
2013-01-20,WI,WI_1,0
2013-01-20,WI,WI_2,0
2013-01-20,WI,WI_3,0
2013-01-21,CA,CA_1,0
2013-01-21,CA,CA_2,0
2013-01-21,CA,CA_3,0
2013-01-21,CA,CA_4,0
2013-01-21,TX,TX_1,0
2013-01-21,TX,TX_2,2
2013-01-21,TX,TX_3,1
2013-01-21,WI,WI_1,0
2013-01-21,WI,WI_2,0
2013-01-21,WI,WI_3,0
2013-01-22,CA,CA_1,0
2013-01-22,CA,CA_2,0
2013-01-22,CA,CA_3,0
2013-01-22,CA,CA_4,0
2013-01-22,TX,TX_1,2
2013-01-22,TX,TX_2,4
2013-01-22,TX,TX_3,2
2013-01-22,WI,WI_1,0
2013-01-22,WI,WI_2,0
2013-01-22,WI,WI_3,0
2013-01-23,CA,CA_1,0
2013-01-23,CA,CA_2,0
2013-01-23,CA,CA_3,0
2013-01-23,CA,CA_4,0
2013-01-23,TX,TX_1,0
2013-01-23,TX,TX_2,1
2013-01-23,TX,TX_3,0
2013-01-23,WI,WI_1,0
2013-01-23,WI,WI_2,0
2013-01-23,WI,WI_3,0
2013-01-24,CA,CA_1,0
2013-01-24,CA,CA_2,0
2013-01-24,CA,CA_3,0
2013-01-24,CA,CA_4,0
2013-01-24,TX,TX_1,0
2013-01-24,TX,TX_2,1
2013-01-24,TX,TX_3,1
2013-01-24,WI,WI_1,0
2013-01-24,WI,WI_2,0
2013-01-24,WI,WI_3,0
2013-01-25,CA,CA_1,0
2013-01-25,CA,CA_2,0
2013-01-25,CA,CA_3,0
2013-01-25,CA,CA_4,0
2013-01-25,TX,TX_1,0
2013-01-25,TX,TX_2,0
2013-01-25,TX,TX_3,0
2013-01-25,WI,WI_1,0
2013-01-25,WI,WI_2,0
2013-01-25,WI,WI_3,0
2013-01-26,CA,CA_1,0
2013-01-26,CA,CA_2,0
2013-01-26,CA,CA_3,0
2013-01-26,CA,CA_4,0
2013-01-26,TX,TX_1,0
2013-01-26,TX,TX_2,1
2013-01-26,TX,TX_3,5
2013-01-26,WI,WI_1,0
2013-01-26,WI,WI_2,0
2013-01-26,WI,WI_3,0
2013-01-27,CA,CA_1,0
2013-01-27,CA,CA_2,0
2013-01-27,CA,CA_3,0
2013-01-27,CA,CA_4,0
2013-01-27,TX,TX_1,2
2013-01-27,TX,TX_2,2
2013-01-27,TX,TX_3,2
2013-01-27,WI,WI_1,0
2013-01-27,WI,WI_2,0
2013-01-27,WI,WI_3,0
2013-01-28,CA,CA_1,0
2013-01-28,CA,CA_2,0
2013-01-28,CA,CA_3,0
2013-01-28,CA,CA_4,0
2013-01-28,TX,TX_1,1
2013-01-28,TX,TX_2,2
2013-01-28,TX,TX_3,0
2013-01-28,WI,WI_1,0
2013-01-28,WI,WI_2,0
2013-01-28,WI,WI_3,0
2013-01-29,CA,CA_1,0
2013-01-29,CA,CA_2,0
2013-01-29,CA,CA_3,0
2013-01-29,CA,CA_4,0
2013-01-29,TX,TX_1,0
2013-01-29,TX,TX_2,0
2013-01-29,TX,TX_3,5
2013-01-29,WI,WI_1,0
2013-01-29,WI,WI_2,0
2013-01-29,WI,WI_3,0
2013-01-30,CA,CA_1,0
2013-01-30,CA,CA_2,0
2013-01-30,CA,CA_3,0
2013-01-30,CA,CA_4,0
2013-01-30,TX,TX_1,0
2013-01-30,TX,TX_2,3
2013-01-30,TX,TX_3,1
2013-01-30,WI,WI_1,0
2013-01-30,WI,WI_2,0
2013-01-30,WI,WI_3,0
2013-01-31,CA,CA_1,0
2013-01-31,CA,CA_2,0
2013-01-31,CA,CA_3,0
2013-01-31,CA,CA_4,0
2013-01-31,TX,TX_1,0
2013-01-31,TX,TX_2,0
2013-01-31,TX,TX_3,2
2013-01-31,WI,WI_1,0
2013-01-31,WI,WI_2,0
2013-01-31,WI,WI_3,0
2013-02-01,CA,CA_1,0
2013-02-01,CA,CA_2,0
2013-02-01,CA,CA_3,0
2013-02-01,CA,CA_4,0
2013-02-01,TX,TX_1,1
2013-02-01,TX,TX_2,3
2013-02-01,TX,TX_3,0
2013-02-01,WI,WI_1,0
2013-02-01,WI,WI_2,0
2013-02-01,WI,WI_3,0
2013-02-02,CA,CA_1,0
2013-02-02,CA,CA_2,0
2013-02-02,CA,CA_3,0
2013-02-02,CA,CA_4,0
2013-02-02,TX,TX_1,2
2013-02-02,TX,TX_2,1
2013-02-02,TX,TX_3,3
2013-02-02,WI,WI_1,0
2013-02-02,WI,WI_2,0
2013-02-02,WI,WI_3,0
2013-02-03,CA,CA_1,0
2013-02-03,CA,CA_2,0
2013-02-03,CA,CA_3,0
2013-02-03,CA,CA_4,0
2013-02-03,TX,TX_1,0
2013-02-03,TX,TX_2,3
2013-02-03,TX,TX_3,2
2013-02-03,WI,WI_1,0
2013-02-03,WI,WI_2,0
2013-02-03,WI,WI_3,0
2013-02-04,CA,CA_1,0
2013-02-04,CA,CA_2,0
2013-02-04,CA,CA_3,0
2013-02-04,CA,CA_4,0
2013-02-04,TX,TX_1,0
2013-02-04,TX,TX_2,0
2013-02-04,TX,TX_3,2
2013-02-04,WI,WI_1,0
2013-02-04,WI,WI_2,0
2013-02-04,WI,WI_3,0
2013-02-05,CA,CA_1,0
2013-02-05,CA,CA_2,0
2013-02-05,CA,CA_3,0
2013-02-05,CA,CA_4,0
2013-02-05,TX,TX_1,2
2013-02-05,TX,TX_2,0
2013-02-05,TX,TX_3,2
2013-02-05,WI,WI_1,0
2013-02-05,WI,WI_2,0
2013-02-05,WI,WI_3,0
2013-02-06,CA,CA_1,0
2013-02-06,CA,CA_2,0
2013-02-06,CA,CA_3,0
2013-02-06,CA,CA_4,0
2013-02-06,TX,TX_1,0
2013-02-06,TX,TX_2,2
2013-02-06,TX,TX_3,1
2013-02-06,WI,WI_1,0
2013-02-06,WI,WI_2,0
2013-02-06,WI,WI_3,0
2013-02-07,CA,CA_1,0
2013-02-07,CA,CA_2,0
2013-02-07,CA,CA_3,0
2013-02-07,CA,CA_4,0
2013-02-07,TX,TX_1,0
2013-02-07,TX,TX_2,0
2013-02-07,TX,TX_3,5
2013-02-07,WI,WI_1,0
2013-02-07,WI,WI_2,0
2013-02-07,WI,WI_3,0
2013-02-08,CA,CA_1,0
2013-02-08,CA,CA_2,0
2013-02-08,CA,CA_3,0
2013-02-08,CA,CA_4,0
2013-02-08,TX,TX_1,5
2013-02-08,TX,TX_2,3
2013-02-08,TX,TX_3,1
2013-02-08,WI,WI_1,0
2013-02-08,WI,WI_2,0
2013-02-08,WI,WI_3,0
2013-02-09,CA,CA_1,0
2013-02-09,CA,CA_2,0
2013-02-09,CA,CA_3,0
2013-02-09,CA,CA_4,0
2013-02-09,TX,TX_1,0
2013-02-09,TX,TX_2,3
2013-02-09,TX,TX_3,0
2013-02-09,WI,WI_1,0
2013-02-09,WI,WI_2,0
2013-02-09,WI,WI_3,0
2013-02-10,CA,CA_1,0
2013-02-10,CA,CA_2,0
2013-02-10,CA,CA_3,0
2013-02-10,CA,CA_4,0
2013-02-10,TX,TX_1,0
2013-02-10,TX,TX_2,1
2013-02-10,TX,TX_3,1
2013-02-10,WI,WI_1,0
2013-02-10,WI,WI_2,0
2013-02-10,WI,WI_3,0
2013-02-11,CA,CA_1,0
2013-02-11,CA,CA_2,0
2013-02-11,CA,CA_3,0
2013-02-11,CA,CA_4,0
2013-02-11,TX,TX_1,1
2013-02-11,TX,TX_2,0
2013-02-11,TX,TX_3,6
2013-02-11,WI,WI_1,0
2013-02-11,WI,WI_2,0
2013-02-11,WI,WI_3,0
2013-02-12,CA,CA_1,0
2013-02-12,CA,CA_2,0
2013-02-12,CA,CA_3,0
2013-02-12,CA,CA_4,0
2013-02-12,TX,TX_1,0
2013-02-12,TX,TX_2,2
2013-02-12,TX,TX_3,1
2013-02-12,WI,WI_1,0
2013-02-12,WI,WI_2,0
2013-02-12,WI,WI_3,0
2013-02-13,CA,CA_1,0
2013-02-13,CA,CA_2,0
2013-02-13,CA,CA_3,0
2013-02-13,CA,CA_4,0
2013-02-13,TX,TX_1,0
2013-02-13,TX,TX_2,2
2013-02-13,TX,TX_3,1
2013-02-13,WI,WI_1,0
2013-02-13,WI,WI_2,0
2013-02-13,WI,WI_3,0
2013-02-14,CA,CA_1,0
2013-02-14,CA,CA_2,0
2013-02-14,CA,CA_3,0
2013-02-14,CA,CA_4,0
2013-02-14,TX,TX_1,0
2013-02-14,TX,TX_2,4
2013-02-14,TX,TX_3,0
2013-02-14,WI,WI_1,0
2013-02-14,WI,WI_2,0
2013-02-14,WI,WI_3,0
2013-02-15,CA,CA_1,0
2013-02-15,CA,CA_2,0
2013-02-15,CA,CA_3,0
2013-02-15,CA,CA_4,0
2013-02-15,TX,TX_1,0
2013-02-15,TX,TX_2,2
2013-02-15,TX,TX_3,1
2013-02-15,WI,WI_1,0
2013-02-15,WI,WI_2,0
2013-02-15,WI,WI_3,0
2013-02-16,CA,CA_1,0
2013-02-16,CA,CA_2,0
2013-02-16,CA,CA_3,0
2013-02-16,CA,CA_4,0
2013-02-16,TX,TX_1,2
2013-02-16,TX,TX_2,0
2013-02-16,TX,TX_3,1
2013-02-16,WI,WI_1,0
2013-02-16,WI,WI_2,0
2013-02-16,WI,WI_3,0
2013-02-17,CA,CA_1,0
2013-02-17,CA,CA_2,0
2013-02-17,CA,CA_3,0
2013-02-17,CA,CA_4,0
2013-02-17,TX,TX_1,0
2013-02-17,TX,TX_2,4
2013-02-17,TX,TX_3,0
2013-02-17,WI,WI_1,0
2013-02-17,WI,WI_2,0
2013-02-17,WI,WI_3,0
2013-02-18,CA,CA_1,0
2013-02-18,CA,CA_2,0
2013-02-18,CA,CA_3,0
2013-02-18,CA,CA_4,0
2013-02-18,TX,TX_1,1
2013-02-18,TX,TX_2,0
2013-02-18,TX,TX_3,5
2013-02-18,WI,WI_1,0
2013-02-18,WI,WI_2,0
2013-02-18,WI,WI_3,0
2013-02-19,CA,CA_1,0
2013-02-19,CA,CA_2,0
2013-02-19,CA,CA_3,0
2013-02-19,CA,CA_4,0
2013-02-19,TX,TX_1,4
2013-02-19,TX,TX_2,4
2013-02-19,TX,TX_3,8
2013-02-19,WI,WI_1,0
2013-02-19,WI,WI_2,0
2013-02-19,WI,WI_3,0
2013-02-20,CA,CA_1,0
2013-02-20,CA,CA_2,0
2013-02-20,CA,CA_3,0
2013-02-20,CA,CA_4,0
2013-02-20,TX,TX_1,0
2013-02-20,TX,TX_2,1
2013-02-20,TX,TX_3,0
2013-02-20,WI,WI_1,0
2013-02-20,WI,WI_2,0
2013-02-20,WI,WI_3,0
2013-02-21,CA,CA_1,0
2013-02-21,CA,CA_2,0
2013-02-21,CA,CA_3,0
2013-02-21,CA,CA_4,0
2013-02-21,TX,TX_1,1
2013-02-21,TX,TX_2,0
2013-02-21,TX,TX_3,4
2013-02-21,WI,WI_1,0
2013-02-21,WI,WI_2,0
2013-02-21,WI,WI_3,0
2013-02-22,CA,CA_1,0
2013-02-22,CA,CA_2,0
2013-02-22,CA,CA_3,0
2013-02-22,CA,CA_4,0
2013-02-22,TX,TX_1,1
2013-02-22,TX,TX_2,1
2013-02-22,TX,TX_3,0
2013-02-22,WI,WI_1,0
2013-02-22,WI,WI_2,0
2013-02-22,WI,WI_3,0
2013-02-23,CA,CA_1,0
2013-02-23,CA,CA_2,0
2013-02-23,CA,CA_3,0
2013-02-23,CA,CA_4,0
2013-02-23,TX,TX_1,0
2013-02-23,TX,TX_2,1
2013-02-23,TX,TX_3,0
2013-02-23,WI,WI_1,0
2013-02-23,WI,WI_2,0
2013-02-23,WI,WI_3,0
2013-02-24,CA,CA_1,0
2013-02-24,CA,CA_2,0
2013-02-24,CA,CA_3,0
2013-02-24,CA,CA_4,0
2013-02-24,TX,TX_1,6
2013-02-24,TX,TX_2,2
2013-02-24,TX,TX_3,8
2013-02-24,WI,WI_1,0
2013-02-24,WI,WI_2,0
2013-02-24,WI,WI_3,0
2013-02-25,CA,CA_1,0
2013-02-25,CA,CA_2,0
2013-02-25,CA,CA_3,0
2013-02-25,CA,CA_4,0
2013-02-25,TX,TX_1,0
2013-02-25,TX,TX_2,0
2013-02-25,TX,TX_3,1
2013-02-25,WI,WI_1,0
2013-02-25,WI,WI_2,0
2013-02-25,WI,WI_3,0
2013-02-26,CA,CA_1,0
2013-02-26,CA,CA_2,0
2013-02-26,CA,CA_3,0
2013-02-26,CA,CA_4,0
2013-02-26,TX,TX_1,0
2013-02-26,TX,TX_2,2
2013-02-26,TX,TX_3,1
2013-02-26,WI,WI_1,0
2013-02-26,WI,WI_2,0
2013-02-26,WI,WI_3,0
2013-02-27,CA,CA_1,0
2013-02-27,CA,CA_2,0
2013-02-27,CA,CA_3,0
2013-02-27,CA,CA_4,0
2013-02-27,TX,TX_1,0
2013-02-27,TX,TX_2,0
2013-02-27,TX,TX_3,0
2013-02-27,WI,WI_1,0
2013-02-27,WI,WI_2,0
2013-02-27,WI,WI_3,0
2013-02-28,CA,CA_1,0
2013-02-28,CA,CA_2,0
2013-02-28,CA,CA_3,0
2013-02-28,CA,CA_4,0
2013-02-28,TX,TX_1,0
2013-02-28,TX,TX_2,0
2013-02-28,TX,TX_3,0
2013-02-28,WI,WI_1,0
2013-02-28,WI,WI_2,0
2013-02-28,WI,WI_3,0
2013-03-01,CA,CA_1,0
2013-03-01,CA,CA_2,0
2013-03-01,CA,CA_3,0
2013-03-01,CA,CA_4,0
2013-03-01,TX,TX_1,0
2013-03-01,TX,TX_2,1
2013-03-01,TX,TX_3,1
2013-03-01,WI,WI_1,0
2013-03-01,WI,WI_2,0
2013-03-01,WI,WI_3,0
2013-03-02,CA,CA_1,0
2013-03-02,CA,CA_2,0
2013-03-02,CA,CA_3,0
2013-03-02,CA,CA_4,0
2013-03-02,TX,TX_1,0
2013-03-02,TX,TX_2,3
2013-03-02,TX,TX_3,0
2013-03-02,WI,WI_1,0
2013-03-02,WI,WI_2,0
2013-03-02,WI,WI_3,0
2013-03-03,CA,CA_1,0
2013-03-03,CA,CA_2,0
2013-03-03,CA,CA_3,0
2013-03-03,CA,CA_4,0
2013-03-03,TX,TX_1,1
2013-03-03,TX,TX_2,1
2013-03-03,TX,TX_3,3
2013-03-03,WI,WI_1,0
2013-03-03,WI,WI_2,0
2013-03-03,WI,WI_3,0
2013-03-04,CA,CA_1,0
2013-03-04,CA,CA_2,0
2013-03-04,CA,CA_3,0
2013-03-04,CA,CA_4,0
2013-03-04,TX,TX_1,0
2013-03-04,TX,TX_2,3
2013-03-04,TX,TX_3,1
2013-03-04,WI,WI_1,0
2013-03-04,WI,WI_2,0
2013-03-04,WI,WI_3,0
2013-03-05,CA,CA_1,0
2013-03-05,CA,CA_2,0
2013-03-05,CA,CA_3,0
2013-03-05,CA,CA_4,0
2013-03-05,TX,TX_1,1
2013-03-05,TX,TX_2,0
2013-03-05,TX,TX_3,4
2013-03-05,WI,WI_1,0
2013-03-05,WI,WI_2,0
2013-03-05,WI,WI_3,0
2013-03-06,CA,CA_1,0
2013-03-06,CA,CA_2,0
2013-03-06,CA,CA_3,0
2013-03-06,CA,CA_4,0
2013-03-06,TX,TX_1,0
2013-03-06,TX,TX_2,2
2013-03-06,TX,TX_3,1
2013-03-06,WI,WI_1,0
2013-03-06,WI,WI_2,0
2013-03-06,WI,WI_3,0
2013-03-07,CA,CA_1,0
2013-03-07,CA,CA_2,0
2013-03-07,CA,CA_3,0
2013-03-07,CA,CA_4,0
2013-03-07,TX,TX_1,0
2013-03-07,TX,TX_2,2
2013-03-07,TX,TX_3,1
2013-03-07,WI,WI_1,0
2013-03-07,WI,WI_2,0
2013-03-07,WI,WI_3,0
2013-03-08,CA,CA_1,0
2013-03-08,CA,CA_2,0
2013-03-08,CA,CA_3,0
2013-03-08,CA,CA_4,0
2013-03-08,TX,TX_1,0
2013-03-08,TX,TX_2,3
2013-03-08,TX,TX_3,1
2013-03-08,WI,WI_1,0
2013-03-08,WI,WI_2,0
2013-03-08,WI,WI_3,0
2013-03-09,CA,CA_1,0
2013-03-09,CA,CA_2,0
2013-03-09,CA,CA_3,0
2013-03-09,CA,CA_4,0
2013-03-09,TX,TX_1,0
2013-03-09,TX,TX_2,7
2013-03-09,TX,TX_3,1
2013-03-09,WI,WI_1,0
2013-03-09,WI,WI_2,0
2013-03-09,WI,WI_3,0
2013-03-10,CA,CA_1,0
2013-03-10,CA,CA_2,0
2013-03-10,CA,CA_3,0
2013-03-10,CA,CA_4,0
2013-03-10,TX,TX_1,2
2013-03-10,TX,TX_2,1
2013-03-10,TX,TX_3,2
2013-03-10,WI,WI_1,0
2013-03-10,WI,WI_2,0
2013-03-10,WI,WI_3,0
2013-03-11,CA,CA_1,0
2013-03-11,CA,CA_2,0
2013-03-11,CA,CA_3,0
2013-03-11,CA,CA_4,0
2013-03-11,TX,TX_1,0
2013-03-11,TX,TX_2,4
2013-03-11,TX,TX_3,0
2013-03-11,WI,WI_1,0
2013-03-11,WI,WI_2,0
2013-03-11,WI,WI_3,0
2013-03-12,CA,CA_1,0
2013-03-12,CA,CA_2,0
2013-03-12,CA,CA_3,0
2013-03-12,CA,CA_4,0
2013-03-12,TX,TX_1,2
2013-03-12,TX,TX_2,2
2013-03-12,TX,TX_3,1
2013-03-12,WI,WI_1,0
2013-03-12,WI,WI_2,0
2013-03-12,WI,WI_3,0
2013-03-13,CA,CA_1,0
2013-03-13,CA,CA_2,0
2013-03-13,CA,CA_3,0
2013-03-13,CA,CA_4,0
2013-03-13,TX,TX_1,1
2013-03-13,TX,TX_2,0
2013-03-13,TX,TX_3,3
2013-03-13,WI,WI_1,0
2013-03-13,WI,WI_2,0
2013-03-13,WI,WI_3,0
2013-03-14,CA,CA_1,0
2013-03-14,CA,CA_2,0
2013-03-14,CA,CA_3,0
2013-03-14,CA,CA_4,0
2013-03-14,TX,TX_1,0
2013-03-14,TX,TX_2,0
2013-03-14,TX,TX_3,1
2013-03-14,WI,WI_1,0
2013-03-14,WI,WI_2,0
2013-03-14,WI,WI_3,0
2013-03-15,CA,CA_1,0
2013-03-15,CA,CA_2,0
2013-03-15,CA,CA_3,4
2013-03-15,CA,CA_4,0
2013-03-15,TX,TX_1,1
2013-03-15,TX,TX_2,4
2013-03-15,TX,TX_3,0
2013-03-15,WI,WI_1,0
2013-03-15,WI,WI_2,0
2013-03-15,WI,WI_3,0
2013-03-16,CA,CA_1,0
2013-03-16,CA,CA_2,0
2013-03-16,CA,CA_3,0
2013-03-16,CA,CA_4,0
2013-03-16,TX,TX_1,2
2013-03-16,TX,TX_2,0
2013-03-16,TX,TX_3,2
2013-03-16,WI,WI_1,0
2013-03-16,WI,WI_2,0
2013-03-16,WI,WI_3,0
2013-03-17,CA,CA_1,0
2013-03-17,CA,CA_2,0
2013-03-17,CA,CA_3,0
2013-03-17,CA,CA_4,0
2013-03-17,TX,TX_1,0
2013-03-17,TX,TX_2,5
2013-03-17,TX,TX_3,0
2013-03-17,WI,WI_1,0
2013-03-17,WI,WI_2,0
2013-03-17,WI,WI_3,0
2013-03-18,CA,CA_1,0
2013-03-18,CA,CA_2,0
2013-03-18,CA,CA_3,0
2013-03-18,CA,CA_4,0
2013-03-18,TX,TX_1,0
2013-03-18,TX,TX_2,4
2013-03-18,TX,TX_3,5
2013-03-18,WI,WI_1,0
2013-03-18,WI,WI_2,0
2013-03-18,WI,WI_3,0
2013-03-19,CA,CA_1,0
2013-03-19,CA,CA_2,0
2013-03-19,CA,CA_3,0
2013-03-19,CA,CA_4,0
2013-03-19,TX,TX_1,0
2013-03-19,TX,TX_2,1
2013-03-19,TX,TX_3,1
2013-03-19,WI,WI_1,0
2013-03-19,WI,WI_2,0
2013-03-19,WI,WI_3,0
2013-03-20,CA,CA_1,0
2013-03-20,CA,CA_2,0
2013-03-20,CA,CA_3,0
2013-03-20,CA,CA_4,0
2013-03-20,TX,TX_1,0
2013-03-20,TX,TX_2,3
2013-03-20,TX,TX_3,2
2013-03-20,WI,WI_1,0
2013-03-20,WI,WI_2,0
2013-03-20,WI,WI_3,0
2013-03-21,CA,CA_1,0
2013-03-21,CA,CA_2,0
2013-03-21,CA,CA_3,0
2013-03-21,CA,CA_4,0
2013-03-21,TX,TX_1,0
2013-03-21,TX,TX_2,2
2013-03-21,TX,TX_3,0
2013-03-21,WI,WI_1,0
2013-03-21,WI,WI_2,0
2013-03-21,WI,WI_3,0
2013-03-22,CA,CA_1,0
2013-03-22,CA,CA_2,0
2013-03-22,CA,CA_3,1
2013-03-22,CA,CA_4,0
2013-03-22,TX,TX_1,1
2013-03-22,TX,TX_2,0
2013-03-22,TX,TX_3,3
2013-03-22,WI,WI_1,0
2013-03-22,WI,WI_2,0
2013-03-22,WI,WI_3,0
2013-03-23,CA,CA_1,0
2013-03-23,CA,CA_2,0
2013-03-23,CA,CA_3,0
2013-03-23,CA,CA_4,0
2013-03-23,TX,TX_1,2
2013-03-23,TX,TX_2,1
2013-03-23,TX,TX_3,0
2013-03-23,WI,WI_1,0
2013-03-23,WI,WI_2,0
2013-03-23,WI,WI_3,0
2013-03-24,CA,CA_1,0
2013-03-24,CA,CA_2,0
2013-03-24,CA,CA_3,0
2013-03-24,CA,CA_4,0
2013-03-24,TX,TX_1,0
2013-03-24,TX,TX_2,0
2013-03-24,TX,TX_3,1
2013-03-24,WI,WI_1,0
2013-03-24,WI,WI_2,0
2013-03-24,WI,WI_3,0
2013-03-25,CA,CA_1,0
2013-03-25,CA,CA_2,0
2013-03-25,CA,CA_3,0
2013-03-25,CA,CA_4,0
2013-03-25,TX,TX_1,0
2013-03-25,TX,TX_2,3
2013-03-25,TX,TX_3,0
2013-03-25,WI,WI_1,0
2013-03-25,WI,WI_2,0
2013-03-25,WI,WI_3,0
2013-03-26,CA,CA_1,0
2013-03-26,CA,CA_2,0
2013-03-26,CA,CA_3,0
2013-03-26,CA,CA_4,0
2013-03-26,TX,TX_1,0
2013-03-26,TX,TX_2,0
2013-03-26,TX,TX_3,1
2013-03-26,WI,WI_1,0
2013-03-26,WI,WI_2,0
2013-03-26,WI,WI_3,0
2013-03-27,CA,CA_1,0
2013-03-27,CA,CA_2,0
2013-03-27,CA,CA_3,0
2013-03-27,CA,CA_4,0
2013-03-27,TX,TX_1,0
2013-03-27,TX,TX_2,0
2013-03-27,TX,TX_3,0
2013-03-27,WI,WI_1,0
2013-03-27,WI,WI_2,0
2013-03-27,WI,WI_3,0
2013-03-28,CA,CA_1,0
2013-03-28,CA,CA_2,0
2013-03-28,CA,CA_3,0
2013-03-28,CA,CA_4,0
2013-03-28,TX,TX_1,3
2013-03-28,TX,TX_2,3
2013-03-28,TX,TX_3,0
2013-03-28,WI,WI_1,0
2013-03-28,WI,WI_2,0
2013-03-28,WI,WI_3,0
2013-03-29,CA,CA_1,0
2013-03-29,CA,CA_2,0
2013-03-29,CA,CA_3,1
2013-03-29,CA,CA_4,0
2013-03-29,TX,TX_1,0
2013-03-29,TX,TX_2,2
2013-03-29,TX,TX_3,2
2013-03-29,WI,WI_1,0
2013-03-29,WI,WI_2,0
2013-03-29,WI,WI_3,0
2013-03-30,CA,CA_1,0
2013-03-30,CA,CA_2,0
2013-03-30,CA,CA_3,0
2013-03-30,CA,CA_4,0
2013-03-30,TX,TX_1,0
2013-03-30,TX,TX_2,0
2013-03-30,TX,TX_3,4
2013-03-30,WI,WI_1,0
2013-03-30,WI,WI_2,0
2013-03-30,WI,WI_3,0
2013-03-31,CA,CA_1,0
2013-03-31,CA,CA_2,0
2013-03-31,CA,CA_3,0
2013-03-31,CA,CA_4,0
2013-03-31,TX,TX_1,0
2013-03-31,TX,TX_2,0
2013-03-31,TX,TX_3,1
2013-03-31,WI,WI_1,0
2013-03-31,WI,WI_2,0
2013-03-31,WI,WI_3,0
2013-04-01,CA,CA_1,0
2013-04-01,CA,CA_2,0
2013-04-01,CA,CA_3,0
2013-04-01,CA,CA_4,0
2013-04-01,TX,TX_1,2
2013-04-01,TX,TX_2,5
2013-04-01,TX,TX_3,1
2013-04-01,WI,WI_1,0
2013-04-01,WI,WI_2,0
2013-04-01,WI,WI_3,0
2013-04-02,CA,CA_1,0
2013-04-02,CA,CA_2,0
2013-04-02,CA,CA_3,0
2013-04-02,CA,CA_4,0
2013-04-02,TX,TX_1,0
2013-04-02,TX,TX_2,0
2013-04-02,TX,TX_3,4
2013-04-02,WI,WI_1,0
2013-04-02,WI,WI_2,0
2013-04-02,WI,WI_3,0
2013-04-03,CA,CA_1,0
2013-04-03,CA,CA_2,0
2013-04-03,CA,CA_3,0
2013-04-03,CA,CA_4,0
2013-04-03,TX,TX_1,1
2013-04-03,TX,TX_2,2
2013-04-03,TX,TX_3,3
2013-04-03,WI,WI_1,0
2013-04-03,WI,WI_2,0
2013-04-03,WI,WI_3,0
2013-04-04,CA,CA_1,0
2013-04-04,CA,CA_2,0
2013-04-04,CA,CA_3,0
2013-04-04,CA,CA_4,0
2013-04-04,TX,TX_1,1
2013-04-04,TX,TX_2,2
2013-04-04,TX,TX_3,0
2013-04-04,WI,WI_1,0
2013-04-04,WI,WI_2,0
2013-04-04,WI,WI_3,0
2013-04-05,CA,CA_1,0
2013-04-05,CA,CA_2,0
2013-04-05,CA,CA_3,0
2013-04-05,CA,CA_4,0
2013-04-05,TX,TX_1,1
2013-04-05,TX,TX_2,2
2013-04-05,TX,TX_3,0
2013-04-05,WI,WI_1,0
2013-04-05,WI,WI_2,0
2013-04-05,WI,WI_3,0
2013-04-06,CA,CA_1,0
2013-04-06,CA,CA_2,0
2013-04-06,CA,CA_3,0
2013-04-06,CA,CA_4,0
2013-04-06,TX,TX_1,1
2013-04-06,TX,TX_2,0
2013-04-06,TX,TX_3,0
2013-04-06,WI,WI_1,0
2013-04-06,WI,WI_2,0
2013-04-06,WI,WI_3,0
2013-04-07,CA,CA_1,0
2013-04-07,CA,CA_2,0
2013-04-07,CA,CA_3,0
2013-04-07,CA,CA_4,0
2013-04-07,TX,TX_1,8
2013-04-07,TX,TX_2,4
2013-04-07,TX,TX_3,6
2013-04-07,WI,WI_1,0
2013-04-07,WI,WI_2,0
2013-04-07,WI,WI_3,0
2013-04-08,CA,CA_1,0
2013-04-08,CA,CA_2,0
2013-04-08,CA,CA_3,0
2013-04-08,CA,CA_4,0
2013-04-08,TX,TX_1,0
2013-04-08,TX,TX_2,2
2013-04-08,TX,TX_3,2
2013-04-08,WI,WI_1,0
2013-04-08,WI,WI_2,0
2013-04-08,WI,WI_3,0
2013-04-09,CA,CA_1,0
2013-04-09,CA,CA_2,0
2013-04-09,CA,CA_3,0
2013-04-09,CA,CA_4,0
2013-04-09,TX,TX_1,2
2013-04-09,TX,TX_2,2
2013-04-09,TX,TX_3,1
2013-04-09,WI,WI_1,0
2013-04-09,WI,WI_2,0
2013-04-09,WI,WI_3,0
2013-04-10,CA,CA_1,0
2013-04-10,CA,CA_2,0
2013-04-10,CA,CA_3,0
2013-04-10,CA,CA_4,0
2013-04-10,TX,TX_1,2
2013-04-10,TX,TX_2,1
2013-04-10,TX,TX_3,1
2013-04-10,WI,WI_1,0
2013-04-10,WI,WI_2,0
2013-04-10,WI,WI_3,0
2013-04-11,CA,CA_1,0
2013-04-11,CA,CA_2,0
2013-04-11,CA,CA_3,0
2013-04-11,CA,CA_4,0
2013-04-11,TX,TX_1,6
2013-04-11,TX,TX_2,2
2013-04-11,TX,TX_3,0
2013-04-11,WI,WI_1,0
2013-04-11,WI,WI_2,0
2013-04-11,WI,WI_3,0
2013-04-12,CA,CA_1,0
2013-04-12,CA,CA_2,0
2013-04-12,CA,CA_3,0
2013-04-12,CA,CA_4,0
2013-04-12,TX,TX_1,0
2013-04-12,TX,TX_2,2
2013-04-12,TX,TX_3,2
2013-04-12,WI,WI_1,0
2013-04-12,WI,WI_2,0
2013-04-12,WI,WI_3,0
2013-04-13,CA,CA_1,0
2013-04-13,CA,CA_2,0
2013-04-13,CA,CA_3,0
2013-04-13,CA,CA_4,0
2013-04-13,TX,TX_1,0
2013-04-13,TX,TX_2,3
2013-04-13,TX,TX_3,5
2013-04-13,WI,WI_1,0
2013-04-13,WI,WI_2,0
2013-04-13,WI,WI_3,0
2013-04-14,CA,CA_1,0
2013-04-14,CA,CA_2,0
2013-04-14,CA,CA_3,0
2013-04-14,CA,CA_4,0
2013-04-14,TX,TX_1,2
2013-04-14,TX,TX_2,4
2013-04-14,TX,TX_3,0
2013-04-14,WI,WI_1,0
2013-04-14,WI,WI_2,0
2013-04-14,WI,WI_3,0
2013-04-15,CA,CA_1,0
2013-04-15,CA,CA_2,0
2013-04-15,CA,CA_3,0
2013-04-15,CA,CA_4,0
2013-04-15,TX,TX_1,13
2013-04-15,TX,TX_2,3
2013-04-15,TX,TX_3,3
2013-04-15,WI,WI_1,0
2013-04-15,WI,WI_2,0
2013-04-15,WI,WI_3,0
2013-04-16,CA,CA_1,0
2013-04-16,CA,CA_2,0
2013-04-16,CA,CA_3,1
2013-04-16,CA,CA_4,0
2013-04-16,TX,TX_1,0
2013-04-16,TX,TX_2,1
2013-04-16,TX,TX_3,0
2013-04-16,WI,WI_1,0
2013-04-16,WI,WI_2,0
2013-04-16,WI,WI_3,0
2013-04-17,CA,CA_1,0
2013-04-17,CA,CA_2,0
2013-04-17,CA,CA_3,0
2013-04-17,CA,CA_4,0
2013-04-17,TX,TX_1,1
2013-04-17,TX,TX_2,1
2013-04-17,TX,TX_3,1
2013-04-17,WI,WI_1,0
2013-04-17,WI,WI_2,0
2013-04-17,WI,WI_3,0
2013-04-18,CA,CA_1,0
2013-04-18,CA,CA_2,0
2013-04-18,CA,CA_3,0
2013-04-18,CA,CA_4,0
2013-04-18,TX,TX_1,2
2013-04-18,TX,TX_2,0
2013-04-18,TX,TX_3,0
2013-04-18,WI,WI_1,0
2013-04-18,WI,WI_2,0
2013-04-18,WI,WI_3,0
2013-04-19,CA,CA_1,0
2013-04-19,CA,CA_2,0
2013-04-19,CA,CA_3,0
2013-04-19,CA,CA_4,0
2013-04-19,TX,TX_1,1
2013-04-19,TX,TX_2,3
2013-04-19,TX,TX_3,1
2013-04-19,WI,WI_1,0
2013-04-19,WI,WI_2,0
2013-04-19,WI,WI_3,0
2013-04-20,CA,CA_1,0
2013-04-20,CA,CA_2,0
2013-04-20,CA,CA_3,0
2013-04-20,CA,CA_4,0
2013-04-20,TX,TX_1,0
2013-04-20,TX,TX_2,4
2013-04-20,TX,TX_3,0
2013-04-20,WI,WI_1,0
2013-04-20,WI,WI_2,0
2013-04-20,WI,WI_3,0
2013-04-21,CA,CA_1,0
2013-04-21,CA,CA_2,0
2013-04-21,CA,CA_3,0
2013-04-21,CA,CA_4,0
2013-04-21,TX,TX_1,1
2013-04-21,TX,TX_2,3
2013-04-21,TX,TX_3,0
2013-04-21,WI,WI_1,0
2013-04-21,WI,WI_2,0
2013-04-21,WI,WI_3,0
2013-04-22,CA,CA_1,0
2013-04-22,CA,CA_2,0
2013-04-22,CA,CA_3,0
2013-04-22,CA,CA_4,0
2013-04-22,TX,TX_1,0
2013-04-22,TX,TX_2,0
2013-04-22,TX,TX_3,0
2013-04-22,WI,WI_1,0
2013-04-22,WI,WI_2,0
2013-04-22,WI,WI_3,0
2013-04-23,CA,CA_1,0
2013-04-23,CA,CA_2,0
2013-04-23,CA,CA_3,0
2013-04-23,CA,CA_4,0
2013-04-23,TX,TX_1,0
2013-04-23,TX,TX_2,0
2013-04-23,TX,TX_3,5
2013-04-23,WI,WI_1,0
2013-04-23,WI,WI_2,0
2013-04-23,WI,WI_3,0
2013-04-24,CA,CA_1,0
2013-04-24,CA,CA_2,0
2013-04-24,CA,CA_3,0
2013-04-24,CA,CA_4,0
2013-04-24,TX,TX_1,2
2013-04-24,TX,TX_2,0
2013-04-24,TX,TX_3,1
2013-04-24,WI,WI_1,0
2013-04-24,WI,WI_2,0
2013-04-24,WI,WI_3,0
2013-04-25,CA,CA_1,0
2013-04-25,CA,CA_2,0
2013-04-25,CA,CA_3,0
2013-04-25,CA,CA_4,0
2013-04-25,TX,TX_1,0
2013-04-25,TX,TX_2,0
2013-04-25,TX,TX_3,1
2013-04-25,WI,WI_1,0
2013-04-25,WI,WI_2,0
2013-04-25,WI,WI_3,0
2013-04-26,CA,CA_1,0
2013-04-26,CA,CA_2,0
2013-04-26,CA,CA_3,0
2013-04-26,CA,CA_4,0
2013-04-26,TX,TX_1,2
2013-04-26,TX,TX_2,1
2013-04-26,TX,TX_3,0
2013-04-26,WI,WI_1,0
2013-04-26,WI,WI_2,0
2013-04-26,WI,WI_3,0
2013-04-27,CA,CA_1,0
2013-04-27,CA,CA_2,0
2013-04-27,CA,CA_3,0
2013-04-27,CA,CA_4,0
2013-04-27,TX,TX_1,3
2013-04-27,TX,TX_2,0
2013-04-27,TX,TX_3,4
2013-04-27,WI,WI_1,0
2013-04-27,WI,WI_2,0
2013-04-27,WI,WI_3,0
2013-04-28,CA,CA_1,0
2013-04-28,CA,CA_2,0
2013-04-28,CA,CA_3,0
2013-04-28,CA,CA_4,0
2013-04-28,TX,TX_1,3
2013-04-28,TX,TX_2,0
2013-04-28,TX,TX_3,1
2013-04-28,WI,WI_1,0
2013-04-28,WI,WI_2,0
2013-04-28,WI,WI_3,0
2013-04-29,CA,CA_1,0
2013-04-29,CA,CA_2,0
2013-04-29,CA,CA_3,2
2013-04-29,CA,CA_4,4
2013-04-29,TX,TX_1,0
2013-04-29,TX,TX_2,0
2013-04-29,TX,TX_3,0
2013-04-29,WI,WI_1,2
2013-04-29,WI,WI_2,3
2013-04-29,WI,WI_3,4
2013-04-30,CA,CA_1,0
2013-04-30,CA,CA_2,5
2013-04-30,CA,CA_3,2
2013-04-30,CA,CA_4,0
2013-04-30,TX,TX_1,0
2013-04-30,TX,TX_2,3
2013-04-30,TX,TX_3,1
2013-04-30,WI,WI_1,2
2013-04-30,WI,WI_2,2
2013-04-30,WI,WI_3,1
2013-05-01,CA,CA_1,4
2013-05-01,CA,CA_2,4
2013-05-01,CA,CA_3,9
2013-05-01,CA,CA_4,2
2013-05-01,TX,TX_1,0
2013-05-01,TX,TX_2,0
2013-05-01,TX,TX_3,1
2013-05-01,WI,WI_1,3
2013-05-01,WI,WI_2,1
2013-05-01,WI,WI_3,4
2013-05-02,CA,CA_1,7
2013-05-02,CA,CA_2,0
2013-05-02,CA,CA_3,5
2013-05-02,CA,CA_4,2
2013-05-02,TX,TX_1,0
2013-05-02,TX,TX_2,0
2013-05-02,TX,TX_3,0
2013-05-02,WI,WI_1,0
2013-05-02,WI,WI_2,1
2013-05-02,WI,WI_3,5
2013-05-03,CA,CA_1,3
2013-05-03,CA,CA_2,1
2013-05-03,CA,CA_3,3
2013-05-03,CA,CA_4,2
2013-05-03,TX,TX_1,0
2013-05-03,TX,TX_2,0
2013-05-03,TX,TX_3,0
2013-05-03,WI,WI_1,6
2013-05-03,WI,WI_2,4
2013-05-03,WI,WI_3,8
2013-05-04,CA,CA_1,9
2013-05-04,CA,CA_2,2
2013-05-04,CA,CA_3,5
2013-05-04,CA,CA_4,1
2013-05-04,TX,TX_1,0
2013-05-04,TX,TX_2,1
2013-05-04,TX,TX_3,0
2013-05-04,WI,WI_1,3
2013-05-04,WI,WI_2,0
2013-05-04,WI,WI_3,4
2013-05-05,CA,CA_1,5
2013-05-05,CA,CA_2,5
2013-05-05,CA,CA_3,11
2013-05-05,CA,CA_4,6
2013-05-05,TX,TX_1,0
2013-05-05,TX,TX_2,3
2013-05-05,TX,TX_3,0
2013-05-05,WI,WI_1,2
2013-05-05,WI,WI_2,3
2013-05-05,WI,WI_3,4
2013-05-06,CA,CA_1,4
2013-05-06,CA,CA_2,3
2013-05-06,CA,CA_3,22
2013-05-06,CA,CA_4,0
2013-05-06,TX,TX_1,1
2013-05-06,TX,TX_2,1
2013-05-06,TX,TX_3,0
2013-05-06,WI,WI_1,1
2013-05-06,WI,WI_2,2
2013-05-06,WI,WI_3,1
2013-05-07,CA,CA_1,4
2013-05-07,CA,CA_2,3
2013-05-07,CA,CA_3,0
2013-05-07,CA,CA_4,0
2013-05-07,TX,TX_1,0
2013-05-07,TX,TX_2,0
2013-05-07,TX,TX_3,2
2013-05-07,WI,WI_1,0
2013-05-07,WI,WI_2,4
2013-05-07,WI,WI_3,1
2013-05-08,CA,CA_1,0
2013-05-08,CA,CA_2,1
2013-05-08,CA,CA_3,3
2013-05-08,CA,CA_4,1
2013-05-08,TX,TX_1,0
2013-05-08,TX,TX_2,6
2013-05-08,TX,TX_3,1
2013-05-08,WI,WI_1,1
2013-05-08,WI,WI_2,1
2013-05-08,WI,WI_3,0
2013-05-09,CA,CA_1,5
2013-05-09,CA,CA_2,0
2013-05-09,CA,CA_3,6
2013-05-09,CA,CA_4,3
2013-05-09,TX,TX_1,0
2013-05-09,TX,TX_2,1
2013-05-09,TX,TX_3,1
2013-05-09,WI,WI_1,1
2013-05-09,WI,WI_2,1
2013-05-09,WI,WI_3,4
2013-05-10,CA,CA_1,5
2013-05-10,CA,CA_2,1
2013-05-10,CA,CA_3,0
2013-05-10,CA,CA_4,1
2013-05-10,TX,TX_1,3
2013-05-10,TX,TX_2,1
2013-05-10,TX,TX_3,0
2013-05-10,WI,WI_1,3
2013-05-10,WI,WI_2,1
2013-05-10,WI,WI_3,2
2013-05-11,CA,CA_1,3
2013-05-11,CA,CA_2,3
2013-05-11,CA,CA_3,4
2013-05-11,CA,CA_4,1
2013-05-11,TX,TX_1,2
2013-05-11,TX,TX_2,2
2013-05-11,TX,TX_3,3
2013-05-11,WI,WI_1,9
2013-05-11,WI,WI_2,2
2013-05-11,WI,WI_3,2
2013-05-12,CA,CA_1,2
2013-05-12,CA,CA_2,2
2013-05-12,CA,CA_3,12
2013-05-12,CA,CA_4,0
2013-05-12,TX,TX_1,0
2013-05-12,TX,TX_2,4
2013-05-12,TX,TX_3,2
2013-05-12,WI,WI_1,3
2013-05-12,WI,WI_2,2
2013-05-12,WI,WI_3,3
2013-05-13,CA,CA_1,6
2013-05-13,CA,CA_2,3
2013-05-13,CA,CA_3,3
2013-05-13,CA,CA_4,2
2013-05-13,TX,TX_1,0
2013-05-13,TX,TX_2,1
2013-05-13,TX,TX_3,3
2013-05-13,WI,WI_1,4
2013-05-13,WI,WI_2,1
2013-05-13,WI,WI_3,0
2013-05-14,CA,CA_1,0
2013-05-14,CA,CA_2,0
2013-05-14,CA,CA_3,3
2013-05-14,CA,CA_4,0
2013-05-14,TX,TX_1,0
2013-05-14,TX,TX_2,0
2013-05-14,TX,TX_3,1
2013-05-14,WI,WI_1,3
2013-05-14,WI,WI_2,3
2013-05-14,WI,WI_3,8
2013-05-15,CA,CA_1,0
2013-05-15,CA,CA_2,1
2013-05-15,CA,CA_3,2
2013-05-15,CA,CA_4,0
2013-05-15,TX,TX_1,2
2013-05-15,TX,TX_2,3
2013-05-15,TX,TX_3,1
2013-05-15,WI,WI_1,3
2013-05-15,WI,WI_2,1
2013-05-15,WI,WI_3,1
2013-05-16,CA,CA_1,1
2013-05-16,CA,CA_2,2
2013-05-16,CA,CA_3,2
2013-05-16,CA,CA_4,7
2013-05-16,TX,TX_1,2
2013-05-16,TX,TX_2,1
2013-05-16,TX,TX_3,1
2013-05-16,WI,WI_1,4
2013-05-16,WI,WI_2,3
2013-05-16,WI,WI_3,0
2013-05-17,CA,CA_1,2
2013-05-17,CA,CA_2,4
2013-05-17,CA,CA_3,7
2013-05-17,CA,CA_4,0
2013-05-17,TX,TX_1,0
2013-05-17,TX,TX_2,0
2013-05-17,TX,TX_3,1
2013-05-17,WI,WI_1,2
2013-05-17,WI,WI_2,2
2013-05-17,WI,WI_3,4
2013-05-18,CA,CA_1,5
2013-05-18,CA,CA_2,0
2013-05-18,CA,CA_3,5
2013-05-18,CA,CA_4,0
2013-05-18,TX,TX_1,1
2013-05-18,TX,TX_2,0
2013-05-18,TX,TX_3,6
2013-05-18,WI,WI_1,2
2013-05-18,WI,WI_2,1
2013-05-18,WI,WI_3,1
2013-05-19,CA,CA_1,10
2013-05-19,CA,CA_2,2
2013-05-19,CA,CA_3,14
2013-05-19,CA,CA_4,6
2013-05-19,TX,TX_1,1
2013-05-19,TX,TX_2,3
2013-05-19,TX,TX_3,2
2013-05-19,WI,WI_1,6
2013-05-19,WI,WI_2,5
2013-05-19,WI,WI_3,2
2013-05-20,CA,CA_1,4
2013-05-20,CA,CA_2,5
2013-05-20,CA,CA_3,2
2013-05-20,CA,CA_4,4
2013-05-20,TX,TX_1,2
2013-05-20,TX,TX_2,2
2013-05-20,TX,TX_3,0
2013-05-20,WI,WI_1,6
2013-05-20,WI,WI_2,1
2013-05-20,WI,WI_3,3
2013-05-21,CA,CA_1,3
2013-05-21,CA,CA_2,1
2013-05-21,CA,CA_3,5
2013-05-21,CA,CA_4,0
2013-05-21,TX,TX_1,0
2013-05-21,TX,TX_2,5
2013-05-21,TX,TX_3,2
2013-05-21,WI,WI_1,3
2013-05-21,WI,WI_2,5
2013-05-21,WI,WI_3,2
2013-05-22,CA,CA_1,0
2013-05-22,CA,CA_2,0
2013-05-22,CA,CA_3,1
2013-05-22,CA,CA_4,1
2013-05-22,TX,TX_1,0
2013-05-22,TX,TX_2,0
2013-05-22,TX,TX_3,0
2013-05-22,WI,WI_1,6
2013-05-22,WI,WI_2,1
2013-05-22,WI,WI_3,2
2013-05-23,CA,CA_1,3
2013-05-23,CA,CA_2,4
2013-05-23,CA,CA_3,3
2013-05-23,CA,CA_4,1
2013-05-23,TX,TX_1,0
2013-05-23,TX,TX_2,2
2013-05-23,TX,TX_3,0
2013-05-23,WI,WI_1,1
2013-05-23,WI,WI_2,1
2013-05-23,WI,WI_3,6
2013-05-24,CA,CA_1,0
2013-05-24,CA,CA_2,2
2013-05-24,CA,CA_3,2
2013-05-24,CA,CA_4,1
2013-05-24,TX,TX_1,0
2013-05-24,TX,TX_2,1
2013-05-24,TX,TX_3,0
2013-05-24,WI,WI_1,4
2013-05-24,WI,WI_2,2
2013-05-24,WI,WI_3,0
2013-05-25,CA,CA_1,1
2013-05-25,CA,CA_2,2
2013-05-25,CA,CA_3,1
2013-05-25,CA,CA_4,1
2013-05-25,TX,TX_1,0
2013-05-25,TX,TX_2,1
2013-05-25,TX,TX_3,0
2013-05-25,WI,WI_1,2
2013-05-25,WI,WI_2,1
2013-05-25,WI,WI_3,2
2013-05-26,CA,CA_1,1
2013-05-26,CA,CA_2,4
2013-05-26,CA,CA_3,3
2013-05-26,CA,CA_4,4
2013-05-26,TX,TX_1,1
2013-05-26,TX,TX_2,0
2013-05-26,TX,TX_3,0
2013-05-26,WI,WI_1,0
2013-05-26,WI,WI_2,2
2013-05-26,WI,WI_3,1
2013-05-27,CA,CA_1,0
2013-05-27,CA,CA_2,7
2013-05-27,CA,CA_3,3
2013-05-27,CA,CA_4,4
2013-05-27,TX,TX_1,1
2013-05-27,TX,TX_2,1
2013-05-27,TX,TX_3,1
2013-05-27,WI,WI_1,3
2013-05-27,WI,WI_2,3
2013-05-27,WI,WI_3,0
2013-05-28,CA,CA_1,2
2013-05-28,CA,CA_2,0
2013-05-28,CA,CA_3,4
2013-05-28,CA,CA_4,0
2013-05-28,TX,TX_1,0
2013-05-28,TX,TX_2,1
2013-05-28,TX,TX_3,0
2013-05-28,WI,WI_1,1
2013-05-28,WI,WI_2,5
2013-05-28,WI,WI_3,4
2013-05-29,CA,CA_1,4
2013-05-29,CA,CA_2,5
2013-05-29,CA,CA_3,0
2013-05-29,CA,CA_4,0
2013-05-29,TX,TX_1,1
2013-05-29,TX,TX_2,3
2013-05-29,TX,TX_3,0
2013-05-29,WI,WI_1,1
2013-05-29,WI,WI_2,0
2013-05-29,WI,WI_3,3
2013-05-30,CA,CA_1,4
2013-05-30,CA,CA_2,0
2013-05-30,CA,CA_3,5
2013-05-30,CA,CA_4,1
2013-05-30,TX,TX_1,0
2013-05-30,TX,TX_2,0
2013-05-30,TX,TX_3,0
2013-05-30,WI,WI_1,1
2013-05-30,WI,WI_2,1
2013-05-30,WI,WI_3,0
2013-05-31,CA,CA_1,6
2013-05-31,CA,CA_2,4
2013-05-31,CA,CA_3,3
2013-05-31,CA,CA_4,0
2013-05-31,TX,TX_1,3
2013-05-31,TX,TX_2,2
2013-05-31,TX,TX_3,0
2013-05-31,WI,WI_1,11
2013-05-31,WI,WI_2,1
2013-05-31,WI,WI_3,3
2013-06-01,CA,CA_1,3
2013-06-01,CA,CA_2,3
2013-06-01,CA,CA_3,3
2013-06-01,CA,CA_4,0
2013-06-01,TX,TX_1,0
2013-06-01,TX,TX_2,1
2013-06-01,TX,TX_3,0
2013-06-01,WI,WI_1,2
2013-06-01,WI,WI_2,1
2013-06-01,WI,WI_3,2
2013-06-02,CA,CA_1,2
2013-06-02,CA,CA_2,0
2013-06-02,CA,CA_3,2
2013-06-02,CA,CA_4,3
2013-06-02,TX,TX_1,2
2013-06-02,TX,TX_2,5
2013-06-02,TX,TX_3,0
2013-06-02,WI,WI_1,5
2013-06-02,WI,WI_2,1
2013-06-02,WI,WI_3,3
2013-06-03,CA,CA_1,6
2013-06-03,CA,CA_2,3
2013-06-03,CA,CA_3,10
2013-06-03,CA,CA_4,0
2013-06-03,TX,TX_1,1
2013-06-03,TX,TX_2,3
2013-06-03,TX,TX_3,0
2013-06-03,WI,WI_1,3
2013-06-03,WI,WI_2,1
2013-06-03,WI,WI_3,1
2013-06-04,CA,CA_1,0
2013-06-04,CA,CA_2,0
2013-06-04,CA,CA_3,2
2013-06-04,CA,CA_4,1
2013-06-04,TX,TX_1,2
2013-06-04,TX,TX_2,3
2013-06-04,TX,TX_3,0
2013-06-04,WI,WI_1,1
2013-06-04,WI,WI_2,3
2013-06-04,WI,WI_3,4
2013-06-05,CA,CA_1,8
2013-06-05,CA,CA_2,2
2013-06-05,CA,CA_3,4
2013-06-05,CA,CA_4,0
2013-06-05,TX,TX_1,0
2013-06-05,TX,TX_2,1
2013-06-05,TX,TX_3,0
2013-06-05,WI,WI_1,4
2013-06-05,WI,WI_2,4
2013-06-05,WI,WI_3,4
2013-06-06,CA,CA_1,5
2013-06-06,CA,CA_2,2
2013-06-06,CA,CA_3,2
2013-06-06,CA,CA_4,2
2013-06-06,TX,TX_1,2
2013-06-06,TX,TX_2,0
2013-06-06,TX,TX_3,0
2013-06-06,WI,WI_1,1
2013-06-06,WI,WI_2,5
2013-06-06,WI,WI_3,7
2013-06-07,CA,CA_1,11
2013-06-07,CA,CA_2,1
2013-06-07,CA,CA_3,10
2013-06-07,CA,CA_4,1
2013-06-07,TX,TX_1,3
2013-06-07,TX,TX_2,1
2013-06-07,TX,TX_3,0
2013-06-07,WI,WI_1,1
2013-06-07,WI,WI_2,1
2013-06-07,WI,WI_3,2
2013-06-08,CA,CA_1,5
2013-06-08,CA,CA_2,4
2013-06-08,CA,CA_3,4
2013-06-08,CA,CA_4,2
2013-06-08,TX,TX_1,2
2013-06-08,TX,TX_2,2
2013-06-08,TX,TX_3,0
2013-06-08,WI,WI_1,2
2013-06-08,WI,WI_2,1
2013-06-08,WI,WI_3,4
2013-06-09,CA,CA_1,2
2013-06-09,CA,CA_2,1
2013-06-09,CA,CA_3,11
2013-06-09,CA,CA_4,2
2013-06-09,TX,TX_1,2
2013-06-09,TX,TX_2,1
2013-06-09,TX,TX_3,0
2013-06-09,WI,WI_1,3
2013-06-09,WI,WI_2,6
2013-06-09,WI,WI_3,3
2013-06-10,CA,CA_1,4
2013-06-10,CA,CA_2,1
2013-06-10,CA,CA_3,2
2013-06-10,CA,CA_4,5
2013-06-10,TX,TX_1,1
2013-06-10,TX,TX_2,0
2013-06-10,TX,TX_3,0
2013-06-10,WI,WI_1,3
2013-06-10,WI,WI_2,2
2013-06-10,WI,WI_3,2
2013-06-11,CA,CA_1,2
2013-06-11,CA,CA_2,2
2013-06-11,CA,CA_3,3
2013-06-11,CA,CA_4,1
2013-06-11,TX,TX_1,1
2013-06-11,TX,TX_2,4
2013-06-11,TX,TX_3,0
2013-06-11,WI,WI_1,0
2013-06-11,WI,WI_2,2
2013-06-11,WI,WI_3,0
2013-06-12,CA,CA_1,5
2013-06-12,CA,CA_2,4
2013-06-12,CA,CA_3,3
2013-06-12,CA,CA_4,0
2013-06-12,TX,TX_1,0
2013-06-12,TX,TX_2,5
2013-06-12,TX,TX_3,0
2013-06-12,WI,WI_1,0
2013-06-12,WI,WI_2,4
2013-06-12,WI,WI_3,6
2013-06-13,CA,CA_1,2
2013-06-13,CA,CA_2,2
2013-06-13,CA,CA_3,0
2013-06-13,CA,CA_4,2
2013-06-13,TX,TX_1,0
2013-06-13,TX,TX_2,1
2013-06-13,TX,TX_3,0
2013-06-13,WI,WI_1,2
2013-06-13,WI,WI_2,1
2013-06-13,WI,WI_3,4
2013-06-14,CA,CA_1,4
2013-06-14,CA,CA_2,1
2013-06-14,CA,CA_3,1
2013-06-14,CA,CA_4,0
2013-06-14,TX,TX_1,0
2013-06-14,TX,TX_2,1
2013-06-14,TX,TX_3,0
2013-06-14,WI,WI_1,1
2013-06-14,WI,WI_2,3
2013-06-14,WI,WI_3,5
2013-06-15,CA,CA_1,2
2013-06-15,CA,CA_2,0
2013-06-15,CA,CA_3,2
2013-06-15,CA,CA_4,0
2013-06-15,TX,TX_1,0
2013-06-15,TX,TX_2,4
2013-06-15,TX,TX_3,0
2013-06-15,WI,WI_1,3
2013-06-15,WI,WI_2,1
2013-06-15,WI,WI_3,0
2013-06-16,CA,CA_1,4
2013-06-16,CA,CA_2,5
2013-06-16,CA,CA_3,1
2013-06-16,CA,CA_4,0
2013-06-16,TX,TX_1,1
2013-06-16,TX,TX_2,0
2013-06-16,TX,TX_3,0
2013-06-16,WI,WI_1,4
2013-06-16,WI,WI_2,4
2013-06-16,WI,WI_3,2
2013-06-17,CA,CA_1,4
2013-06-17,CA,CA_2,3
2013-06-17,CA,CA_3,4
2013-06-17,CA,CA_4,0
2013-06-17,TX,TX_1,0
2013-06-17,TX,TX_2,0
2013-06-17,TX,TX_3,0
2013-06-17,WI,WI_1,3
2013-06-17,WI,WI_2,1
2013-06-17,WI,WI_3,2
2013-06-18,CA,CA_1,0
2013-06-18,CA,CA_2,2
2013-06-18,CA,CA_3,3
2013-06-18,CA,CA_4,2
2013-06-18,TX,TX_1,2
2013-06-18,TX,TX_2,6
2013-06-18,TX,TX_3,0
2013-06-18,WI,WI_1,4
2013-06-18,WI,WI_2,1
2013-06-18,WI,WI_3,5
2013-06-19,CA,CA_1,5
2013-06-19,CA,CA_2,0
2013-06-19,CA,CA_3,2
2013-06-19,CA,CA_4,0
2013-06-19,TX,TX_1,0
2013-06-19,TX,TX_2,2
2013-06-19,TX,TX_3,0
2013-06-19,WI,WI_1,2
2013-06-19,WI,WI_2,3
2013-06-19,WI,WI_3,0
2013-06-20,CA,CA_1,1
2013-06-20,CA,CA_2,0
2013-06-20,CA,CA_3,3
2013-06-20,CA,CA_4,2
2013-06-20,TX,TX_1,1
2013-06-20,TX,TX_2,0
2013-06-20,TX,TX_3,0
2013-06-20,WI,WI_1,2
2013-06-20,WI,WI_2,0
2013-06-20,WI,WI_3,1
2013-06-21,CA,CA_1,4
2013-06-21,CA,CA_2,0
2013-06-21,CA,CA_3,5
2013-06-21,CA,CA_4,1
2013-06-21,TX,TX_1,0
2013-06-21,TX,TX_2,4
2013-06-21,TX,TX_3,0
2013-06-21,WI,WI_1,0
2013-06-21,WI,WI_2,3
2013-06-21,WI,WI_3,1
2013-06-22,CA,CA_1,2
2013-06-22,CA,CA_2,2
2013-06-22,CA,CA_3,1
2013-06-22,CA,CA_4,0
2013-06-22,TX,TX_1,1
2013-06-22,TX,TX_2,1
2013-06-22,TX,TX_3,0
2013-06-22,WI,WI_1,8
2013-06-22,WI,WI_2,0
2013-06-22,WI,WI_3,0
2013-06-23,CA,CA_1,10
2013-06-23,CA,CA_2,5
2013-06-23,CA,CA_3,3
2013-06-23,CA,CA_4,1
2013-06-23,TX,TX_1,2
2013-06-23,TX,TX_2,7
2013-06-23,TX,TX_3,0
2013-06-23,WI,WI_1,5
2013-06-23,WI,WI_2,7
2013-06-23,WI,WI_3,4
2013-06-24,CA,CA_1,2
2013-06-24,CA,CA_2,2
2013-06-24,CA,CA_3,3
2013-06-24,CA,CA_4,1
2013-06-24,TX,TX_1,1
2013-06-24,TX,TX_2,5
2013-06-24,TX,TX_3,0
2013-06-24,WI,WI_1,1
2013-06-24,WI,WI_2,0
2013-06-24,WI,WI_3,0
2013-06-25,CA,CA_1,0
2013-06-25,CA,CA_2,3
2013-06-25,CA,CA_3,0
2013-06-25,CA,CA_4,2
2013-06-25,TX,TX_1,0
2013-06-25,TX,TX_2,4
2013-06-25,TX,TX_3,0
2013-06-25,WI,WI_1,2
2013-06-25,WI,WI_2,2
2013-06-25,WI,WI_3,0
2013-06-26,CA,CA_1,1
2013-06-26,CA,CA_2,2
2013-06-26,CA,CA_3,1
2013-06-26,CA,CA_4,1
2013-06-26,TX,TX_1,1
2013-06-26,TX,TX_2,4
2013-06-26,TX,TX_3,0
2013-06-26,WI,WI_1,3
2013-06-26,WI,WI_2,1
2013-06-26,WI,WI_3,0
2013-06-27,CA,CA_1,5
2013-06-27,CA,CA_2,2
2013-06-27,CA,CA_3,0
2013-06-27,CA,CA_4,1
2013-06-27,TX,TX_1,2
2013-06-27,TX,TX_2,2
2013-06-27,TX,TX_3,0
2013-06-27,WI,WI_1,3
2013-06-27,WI,WI_2,3
2013-06-27,WI,WI_3,0
2013-06-28,CA,CA_1,4
2013-06-28,CA,CA_2,1
2013-06-28,CA,CA_3,3
2013-06-28,CA,CA_4,2
2013-06-28,TX,TX_1,0
2013-06-28,TX,TX_2,6
2013-06-28,TX,TX_3,0
2013-06-28,WI,WI_1,3
2013-06-28,WI,WI_2,1
2013-06-28,WI,WI_3,4
2013-06-29,CA,CA_1,4
2013-06-29,CA,CA_2,9
2013-06-29,CA,CA_3,3
2013-06-29,CA,CA_4,2
2013-06-29,TX,TX_1,2
2013-06-29,TX,TX_2,2
2013-06-29,TX,TX_3,0
2013-06-29,WI,WI_1,4
2013-06-29,WI,WI_2,5
2013-06-29,WI,WI_3,2
2013-06-30,CA,CA_1,8
2013-06-30,CA,CA_2,4
2013-06-30,CA,CA_3,3
2013-06-30,CA,CA_4,1
2013-06-30,TX,TX_1,0
2013-06-30,TX,TX_2,7
2013-06-30,TX,TX_3,0
2013-06-30,WI,WI_1,2
2013-06-30,WI,WI_2,2
2013-06-30,WI,WI_3,0
2013-07-01,CA,CA_1,3
2013-07-01,CA,CA_2,3
2013-07-01,CA,CA_3,1
2013-07-01,CA,CA_4,0
2013-07-01,TX,TX_1,0
2013-07-01,TX,TX_2,5
2013-07-01,TX,TX_3,0
2013-07-01,WI,WI_1,4
2013-07-01,WI,WI_2,2
2013-07-01,WI,WI_3,0
2013-07-02,CA,CA_1,8
2013-07-02,CA,CA_2,2
2013-07-02,CA,CA_3,4
2013-07-02,CA,CA_4,0
2013-07-02,TX,TX_1,1
2013-07-02,TX,TX_2,2
2013-07-02,TX,TX_3,3
2013-07-02,WI,WI_1,2
2013-07-02,WI,WI_2,1
2013-07-02,WI,WI_3,7
2013-07-03,CA,CA_1,0
2013-07-03,CA,CA_2,1
2013-07-03,CA,CA_3,6
2013-07-03,CA,CA_4,0
2013-07-03,TX,TX_1,1
2013-07-03,TX,TX_2,4
2013-07-03,TX,TX_3,1
2013-07-03,WI,WI_1,1
2013-07-03,WI,WI_2,2
2013-07-03,WI,WI_3,2
2013-07-04,CA,CA_1,0
2013-07-04,CA,CA_2,3
2013-07-04,CA,CA_3,1
2013-07-04,CA,CA_4,0
2013-07-04,TX,TX_1,0
2013-07-04,TX,TX_2,2
2013-07-04,TX,TX_3,0
2013-07-04,WI,WI_1,1
2013-07-04,WI,WI_2,0
2013-07-04,WI,WI_3,0
2013-07-05,CA,CA_1,0
2013-07-05,CA,CA_2,3
2013-07-05,CA,CA_3,3
2013-07-05,CA,CA_4,3
2013-07-05,TX,TX_1,1
2013-07-05,TX,TX_2,2
2013-07-05,TX,TX_3,1
2013-07-05,WI,WI_1,1
2013-07-05,WI,WI_2,1
2013-07-05,WI,WI_3,4
2013-07-06,CA,CA_1,3
2013-07-06,CA,CA_2,7
2013-07-06,CA,CA_3,3
2013-07-06,CA,CA_4,1
2013-07-06,TX,TX_1,2
2013-07-06,TX,TX_2,0
2013-07-06,TX,TX_3,5
2013-07-06,WI,WI_1,2
2013-07-06,WI,WI_2,4
2013-07-06,WI,WI_3,0
2013-07-07,CA,CA_1,2
2013-07-07,CA,CA_2,2
2013-07-07,CA,CA_3,3
2013-07-07,CA,CA_4,3
2013-07-07,TX,TX_1,0
2013-07-07,TX,TX_2,4
2013-07-07,TX,TX_3,1
2013-07-07,WI,WI_1,4
2013-07-07,WI,WI_2,8
2013-07-07,WI,WI_3,4
2013-07-08,CA,CA_1,7
2013-07-08,CA,CA_2,2
2013-07-08,CA,CA_3,7
2013-07-08,CA,CA_4,1
2013-07-08,TX,TX_1,0
2013-07-08,TX,TX_2,5
2013-07-08,TX,TX_3,0
2013-07-08,WI,WI_1,6
2013-07-08,WI,WI_2,4
2013-07-08,WI,WI_3,2
2013-07-09,CA,CA_1,0
2013-07-09,CA,CA_2,0
2013-07-09,CA,CA_3,4
2013-07-09,CA,CA_4,4
2013-07-09,TX,TX_1,1
2013-07-09,TX,TX_2,4
2013-07-09,TX,TX_3,1
2013-07-09,WI,WI_1,5
2013-07-09,WI,WI_2,5
2013-07-09,WI,WI_3,2
2013-07-10,CA,CA_1,0
2013-07-10,CA,CA_2,5
2013-07-10,CA,CA_3,5
2013-07-10,CA,CA_4,0
2013-07-10,TX,TX_1,0
2013-07-10,TX,TX_2,6
2013-07-10,TX,TX_3,2
2013-07-10,WI,WI_1,3
2013-07-10,WI,WI_2,1
2013-07-10,WI,WI_3,2
2013-07-11,CA,CA_1,3
2013-07-11,CA,CA_2,1
2013-07-11,CA,CA_3,4
2013-07-11,CA,CA_4,0
2013-07-11,TX,TX_1,1
2013-07-11,TX,TX_2,5
2013-07-11,TX,TX_3,1
2013-07-11,WI,WI_1,0
2013-07-11,WI,WI_2,1
2013-07-11,WI,WI_3,7
2013-07-12,CA,CA_1,8
2013-07-12,CA,CA_2,3
2013-07-12,CA,CA_3,1
2013-07-12,CA,CA_4,1
2013-07-12,TX,TX_1,0
2013-07-12,TX,TX_2,7
2013-07-12,TX,TX_3,0
2013-07-12,WI,WI_1,2
2013-07-12,WI,WI_2,2
2013-07-12,WI,WI_3,1
2013-07-13,CA,CA_1,3
2013-07-13,CA,CA_2,3
2013-07-13,CA,CA_3,6
2013-07-13,CA,CA_4,0
2013-07-13,TX,TX_1,0
2013-07-13,TX,TX_2,1
2013-07-13,TX,TX_3,0
2013-07-13,WI,WI_1,3
2013-07-13,WI,WI_2,0
2013-07-13,WI,WI_3,3
2013-07-14,CA,CA_1,7
2013-07-14,CA,CA_2,4
2013-07-14,CA,CA_3,2
2013-07-14,CA,CA_4,0
2013-07-14,TX,TX_1,0
2013-07-14,TX,TX_2,2
2013-07-14,TX,TX_3,0
2013-07-14,WI,WI_1,3
2013-07-14,WI,WI_2,2
2013-07-14,WI,WI_3,3
2013-07-15,CA,CA_1,1
2013-07-15,CA,CA_2,3
2013-07-15,CA,CA_3,8
2013-07-15,CA,CA_4,2
2013-07-15,TX,TX_1,0
2013-07-15,TX,TX_2,4
2013-07-15,TX,TX_3,0
2013-07-15,WI,WI_1,4
2013-07-15,WI,WI_2,3
2013-07-15,WI,WI_3,7
2013-07-16,CA,CA_1,3
2013-07-16,CA,CA_2,0
2013-07-16,CA,CA_3,3
2013-07-16,CA,CA_4,0
2013-07-16,TX,TX_1,0
2013-07-16,TX,TX_2,4
2013-07-16,TX,TX_3,1
2013-07-16,WI,WI_1,4
2013-07-16,WI,WI_2,2
2013-07-16,WI,WI_3,1
2013-07-17,CA,CA_1,2
2013-07-17,CA,CA_2,0
2013-07-17,CA,CA_3,4
2013-07-17,CA,CA_4,1
2013-07-17,TX,TX_1,0
2013-07-17,TX,TX_2,3
2013-07-17,TX,TX_3,1
2013-07-17,WI,WI_1,1
2013-07-17,WI,WI_2,2
2013-07-17,WI,WI_3,2
2013-07-18,CA,CA_1,6
2013-07-18,CA,CA_2,6
2013-07-18,CA,CA_3,5
2013-07-18,CA,CA_4,0
2013-07-18,TX,TX_1,0
2013-07-18,TX,TX_2,0
2013-07-18,TX,TX_3,3
2013-07-18,WI,WI_1,1
2013-07-18,WI,WI_2,6
2013-07-18,WI,WI_3,5
2013-07-19,CA,CA_1,0
2013-07-19,CA,CA_2,6
2013-07-19,CA,CA_3,2
2013-07-19,CA,CA_4,1
2013-07-19,TX,TX_1,0
2013-07-19,TX,TX_2,1
2013-07-19,TX,TX_3,0
2013-07-19,WI,WI_1,2
2013-07-19,WI,WI_2,4
2013-07-19,WI,WI_3,1
2013-07-20,CA,CA_1,1
2013-07-20,CA,CA_2,0
2013-07-20,CA,CA_3,5
2013-07-20,CA,CA_4,2
2013-07-20,TX,TX_1,0
2013-07-20,TX,TX_2,2
2013-07-20,TX,TX_3,0
2013-07-20,WI,WI_1,1
2013-07-20,WI,WI_2,0
2013-07-20,WI,WI_3,2
2013-07-21,CA,CA_1,6
2013-07-21,CA,CA_2,3
2013-07-21,CA,CA_3,7
2013-07-21,CA,CA_4,0
2013-07-21,TX,TX_1,0
2013-07-21,TX,TX_2,5
2013-07-21,TX,TX_3,0
2013-07-21,WI,WI_1,1
2013-07-21,WI,WI_2,0
2013-07-21,WI,WI_3,3
2013-07-22,CA,CA_1,7
2013-07-22,CA,CA_2,1
2013-07-22,CA,CA_3,0
2013-07-22,CA,CA_4,0
2013-07-22,TX,TX_1,0
2013-07-22,TX,TX_2,1
2013-07-22,TX,TX_3,0
2013-07-22,WI,WI_1,4
2013-07-22,WI,WI_2,3
2013-07-22,WI,WI_3,3
2013-07-23,CA,CA_1,0
2013-07-23,CA,CA_2,2
2013-07-23,CA,CA_3,0
2013-07-23,CA,CA_4,3
2013-07-23,TX,TX_1,0
2013-07-23,TX,TX_2,4
2013-07-23,TX,TX_3,0
2013-07-23,WI,WI_1,5
2013-07-23,WI,WI_2,2
2013-07-23,WI,WI_3,2
2013-07-24,CA,CA_1,0
2013-07-24,CA,CA_2,1
2013-07-24,CA,CA_3,0
2013-07-24,CA,CA_4,0
2013-07-24,TX,TX_1,0
2013-07-24,TX,TX_2,2
2013-07-24,TX,TX_3,0
2013-07-24,WI,WI_1,4
2013-07-24,WI,WI_2,1
2013-07-24,WI,WI_3,1
2013-07-25,CA,CA_1,0
2013-07-25,CA,CA_2,2
2013-07-25,CA,CA_3,1
2013-07-25,CA,CA_4,0
2013-07-25,TX,TX_1,0
2013-07-25,TX,TX_2,7
2013-07-25,TX,TX_3,0
2013-07-25,WI,WI_1,5
2013-07-25,WI,WI_2,3
2013-07-25,WI,WI_3,0
2013-07-26,CA,CA_1,1
2013-07-26,CA,CA_2,0
2013-07-26,CA,CA_3,4
2013-07-26,CA,CA_4,0
2013-07-26,TX,TX_1,0
2013-07-26,TX,TX_2,6
2013-07-26,TX,TX_3,1
2013-07-26,WI,WI_1,5
2013-07-26,WI,WI_2,0
2013-07-26,WI,WI_3,0
2013-07-27,CA,CA_1,4
2013-07-27,CA,CA_2,5
2013-07-27,CA,CA_3,1
2013-07-27,CA,CA_4,0
2013-07-27,TX,TX_1,0
2013-07-27,TX,TX_2,9
2013-07-27,TX,TX_3,1
2013-07-27,WI,WI_1,4
2013-07-27,WI,WI_2,1
2013-07-27,WI,WI_3,0
2013-07-28,CA,CA_1,5
2013-07-28,CA,CA_2,3
2013-07-28,CA,CA_3,3
2013-07-28,CA,CA_4,5
2013-07-28,TX,TX_1,0
2013-07-28,TX,TX_2,4
2013-07-28,TX,TX_3,0
2013-07-28,WI,WI_1,2
2013-07-28,WI,WI_2,2
2013-07-28,WI,WI_3,4
2013-07-29,CA,CA_1,0
2013-07-29,CA,CA_2,1
2013-07-29,CA,CA_3,2
2013-07-29,CA,CA_4,0
2013-07-29,TX,TX_1,0
2013-07-29,TX,TX_2,2
2013-07-29,TX,TX_3,0
2013-07-29,WI,WI_1,0
2013-07-29,WI,WI_2,4
2013-07-29,WI,WI_3,1
2013-07-30,CA,CA_1,2
2013-07-30,CA,CA_2,0
2013-07-30,CA,CA_3,7
2013-07-30,CA,CA_4,2
2013-07-30,TX,TX_1,0
2013-07-30,TX,TX_2,2
2013-07-30,TX,TX_3,0
2013-07-30,WI,WI_1,1
2013-07-30,WI,WI_2,1
2013-07-30,WI,WI_3,2
2013-07-31,CA,CA_1,5
2013-07-31,CA,CA_2,3
2013-07-31,CA,CA_3,1
2013-07-31,CA,CA_4,1
2013-07-31,TX,TX_1,0
2013-07-31,TX,TX_2,3
2013-07-31,TX,TX_3,0
2013-07-31,WI,WI_1,10
2013-07-31,WI,WI_2,0
2013-07-31,WI,WI_3,1
2013-08-01,CA,CA_1,5
2013-08-01,CA,CA_2,0
2013-08-01,CA,CA_3,7
2013-08-01,CA,CA_4,0
2013-08-01,TX,TX_1,0
2013-08-01,TX,TX_2,0
2013-08-01,TX,TX_3,0
2013-08-01,WI,WI_1,1
2013-08-01,WI,WI_2,1
2013-08-01,WI,WI_3,3
2013-08-02,CA,CA_1,11
2013-08-02,CA,CA_2,3
2013-08-02,CA,CA_3,6
2013-08-02,CA,CA_4,1
2013-08-02,TX,TX_1,0
2013-08-02,TX,TX_2,2
2013-08-02,TX,TX_3,0
2013-08-02,WI,WI_1,2
2013-08-02,WI,WI_2,1
2013-08-02,WI,WI_3,4
2013-08-03,CA,CA_1,6
2013-08-03,CA,CA_2,0
2013-08-03,CA,CA_3,6
2013-08-03,CA,CA_4,4
2013-08-03,TX,TX_1,0
2013-08-03,TX,TX_2,5
2013-08-03,TX,TX_3,0
2013-08-03,WI,WI_1,2
2013-08-03,WI,WI_2,0
2013-08-03,WI,WI_3,5
2013-08-04,CA,CA_1,8
2013-08-04,CA,CA_2,0
2013-08-04,CA,CA_3,7
2013-08-04,CA,CA_4,0
2013-08-04,TX,TX_1,0
2013-08-04,TX,TX_2,3
2013-08-04,TX,TX_3,0
2013-08-04,WI,WI_1,2
2013-08-04,WI,WI_2,2
2013-08-04,WI,WI_3,1
2013-08-05,CA,CA_1,2
2013-08-05,CA,CA_2,1
2013-08-05,CA,CA_3,4
2013-08-05,CA,CA_4,1
2013-08-05,TX,TX_1,0
2013-08-05,TX,TX_2,1
2013-08-05,TX,TX_3,0
2013-08-05,WI,WI_1,7
2013-08-05,WI,WI_2,3
2013-08-05,WI,WI_3,1
2013-08-06,CA,CA_1,2
2013-08-06,CA,CA_2,2
2013-08-06,CA,CA_3,1
2013-08-06,CA,CA_4,0
2013-08-06,TX,TX_1,0
2013-08-06,TX,TX_2,3
2013-08-06,TX,TX_3,0
2013-08-06,WI,WI_1,6
2013-08-06,WI,WI_2,2
2013-08-06,WI,WI_3,4
2013-08-07,CA,CA_1,1
2013-08-07,CA,CA_2,0
2013-08-07,CA,CA_3,4
2013-08-07,CA,CA_4,2
2013-08-07,TX,TX_1,3
2013-08-07,TX,TX_2,5
2013-08-07,TX,TX_3,0
2013-08-07,WI,WI_1,4
2013-08-07,WI,WI_2,3
2013-08-07,WI,WI_3,2
2013-08-08,CA,CA_1,4
2013-08-08,CA,CA_2,0
2013-08-08,CA,CA_3,3
2013-08-08,CA,CA_4,2
2013-08-08,TX,TX_1,0
2013-08-08,TX,TX_2,3
2013-08-08,TX,TX_3,0
2013-08-08,WI,WI_1,3
2013-08-08,WI,WI_2,3
2013-08-08,WI,WI_3,3
2013-08-09,CA,CA_1,3
2013-08-09,CA,CA_2,2
2013-08-09,CA,CA_3,7
2013-08-09,CA,CA_4,0
2013-08-09,TX,TX_1,1
2013-08-09,TX,TX_2,3
2013-08-09,TX,TX_3,0
2013-08-09,WI,WI_1,7
2013-08-09,WI,WI_2,4
2013-08-09,WI,WI_3,4
2013-08-10,CA,CA_1,3
2013-08-10,CA,CA_2,2
2013-08-10,CA,CA_3,6
2013-08-10,CA,CA_4,1
2013-08-10,TX,TX_1,0
2013-08-10,TX,TX_2,2
2013-08-10,TX,TX_3,0
2013-08-10,WI,WI_1,3
2013-08-10,WI,WI_2,2
2013-08-10,WI,WI_3,2
2013-08-11,CA,CA_1,2
2013-08-11,CA,CA_2,3
2013-08-11,CA,CA_3,6
2013-08-11,CA,CA_4,2
2013-08-11,TX,TX_1,1
2013-08-11,TX,TX_2,3
2013-08-11,TX,TX_3,4
2013-08-11,WI,WI_1,4
2013-08-11,WI,WI_2,2
2013-08-11,WI,WI_3,1
2013-08-12,CA,CA_1,5
2013-08-12,CA,CA_2,4
2013-08-12,CA,CA_3,0
2013-08-12,CA,CA_4,3
2013-08-12,TX,TX_1,0
2013-08-12,TX,TX_2,1
2013-08-12,TX,TX_3,2
2013-08-12,WI,WI_1,1
2013-08-12,WI,WI_2,2
2013-08-12,WI,WI_3,0
2013-08-13,CA,CA_1,1
2013-08-13,CA,CA_2,0
2013-08-13,CA,CA_3,3
2013-08-13,CA,CA_4,4
2013-08-13,TX,TX_1,1
2013-08-13,TX,TX_2,5
2013-08-13,TX,TX_3,1
2013-08-13,WI,WI_1,3
2013-08-13,WI,WI_2,1
2013-08-13,WI,WI_3,1
2013-08-14,CA,CA_1,4
2013-08-14,CA,CA_2,3
2013-08-14,CA,CA_3,8
2013-08-14,CA,CA_4,3
2013-08-14,TX,TX_1,0
2013-08-14,TX,TX_2,1
2013-08-14,TX,TX_3,1
2013-08-14,WI,WI_1,12
2013-08-14,WI,WI_2,3
2013-08-14,WI,WI_3,2
2013-08-15,CA,CA_1,5
2013-08-15,CA,CA_2,0
2013-08-15,CA,CA_3,6
2013-08-15,CA,CA_4,1
2013-08-15,TX,TX_1,0
2013-08-15,TX,TX_2,1
2013-08-15,TX,TX_3,2
2013-08-15,WI,WI_1,4
2013-08-15,WI,WI_2,2
2013-08-15,WI,WI_3,5
2013-08-16,CA,CA_1,1
2013-08-16,CA,CA_2,0
2013-08-16,CA,CA_3,5
2013-08-16,CA,CA_4,0
2013-08-16,TX,TX_1,1
2013-08-16,TX,TX_2,0
2013-08-16,TX,TX_3,0
2013-08-16,WI,WI_1,3
2013-08-16,WI,WI_2,2
2013-08-16,WI,WI_3,1
2013-08-17,CA,CA_1,1
2013-08-17,CA,CA_2,3
2013-08-17,CA,CA_3,4
2013-08-17,CA,CA_4,5
2013-08-17,TX,TX_1,2
2013-08-17,TX,TX_2,0
2013-08-17,TX,TX_3,1
2013-08-17,WI,WI_1,1
2013-08-17,WI,WI_2,0
2013-08-17,WI,WI_3,5
2013-08-18,CA,CA_1,1
2013-08-18,CA,CA_2,4
2013-08-18,CA,CA_3,3
2013-08-18,CA,CA_4,1
2013-08-18,TX,TX_1,2
2013-08-18,TX,TX_2,0
2013-08-18,TX,TX_3,1
2013-08-18,WI,WI_1,1
2013-08-18,WI,WI_2,0
2013-08-18,WI,WI_3,0
2013-08-19,CA,CA_1,3
2013-08-19,CA,CA_2,0
2013-08-19,CA,CA_3,3
2013-08-19,CA,CA_4,4
2013-08-19,TX,TX_1,0
2013-08-19,TX,TX_2,0
2013-08-19,TX,TX_3,0
2013-08-19,WI,WI_1,1
2013-08-19,WI,WI_2,0
2013-08-19,WI,WI_3,3
2013-08-20,CA,CA_1,8
2013-08-20,CA,CA_2,0
2013-08-20,CA,CA_3,5
2013-08-20,CA,CA_4,0
2013-08-20,TX,TX_1,0
2013-08-20,TX,TX_2,0
2013-08-20,TX,TX_3,0
2013-08-20,WI,WI_1,2
2013-08-20,WI,WI_2,1
2013-08-20,WI,WI_3,1
2013-08-21,CA,CA_1,0
2013-08-21,CA,CA_2,3
2013-08-21,CA,CA_3,4
2013-08-21,CA,CA_4,0
2013-08-21,TX,TX_1,0
2013-08-21,TX,TX_2,0
2013-08-21,TX,TX_3,0
2013-08-21,WI,WI_1,4
2013-08-21,WI,WI_2,1
2013-08-21,WI,WI_3,2
2013-08-22,CA,CA_1,0
2013-08-22,CA,CA_2,2
2013-08-22,CA,CA_3,5
2013-08-22,CA,CA_4,0
2013-08-22,TX,TX_1,0
2013-08-22,TX,TX_2,0
2013-08-22,TX,TX_3,0
2013-08-22,WI,WI_1,2
2013-08-22,WI,WI_2,0
2013-08-22,WI,WI_3,4
2013-08-23,CA,CA_1,0
2013-08-23,CA,CA_2,4
2013-08-23,CA,CA_3,3
2013-08-23,CA,CA_4,0
2013-08-23,TX,TX_1,0
2013-08-23,TX,TX_2,0
2013-08-23,TX,TX_3,0
2013-08-23,WI,WI_1,2
2013-08-23,WI,WI_2,0
2013-08-23,WI,WI_3,2
2013-08-24,CA,CA_1,8
2013-08-24,CA,CA_2,4
2013-08-24,CA,CA_3,3
2013-08-24,CA,CA_4,2
2013-08-24,TX,TX_1,1
2013-08-24,TX,TX_2,0
2013-08-24,TX,TX_3,0
2013-08-24,WI,WI_1,2
2013-08-24,WI,WI_2,3
2013-08-24,WI,WI_3,6
2013-08-25,CA,CA_1,3
2013-08-25,CA,CA_2,0
2013-08-25,CA,CA_3,4
2013-08-25,CA,CA_4,2
2013-08-25,TX,TX_1,0
2013-08-25,TX,TX_2,0
2013-08-25,TX,TX_3,0
2013-08-25,WI,WI_1,4
2013-08-25,WI,WI_2,2
2013-08-25,WI,WI_3,0
2013-08-26,CA,CA_1,5
2013-08-26,CA,CA_2,1
2013-08-26,CA,CA_3,2
2013-08-26,CA,CA_4,0
2013-08-26,TX,TX_1,0
2013-08-26,TX,TX_2,0
2013-08-26,TX,TX_3,0
2013-08-26,WI,WI_1,2
2013-08-26,WI,WI_2,1
2013-08-26,WI,WI_3,2
2013-08-27,CA,CA_1,0
2013-08-27,CA,CA_2,4
2013-08-27,CA,CA_3,1
2013-08-27,CA,CA_4,0
2013-08-27,TX,TX_1,3
2013-08-27,TX,TX_2,0
2013-08-27,TX,TX_3,0
2013-08-27,WI,WI_1,5
2013-08-27,WI,WI_2,1
2013-08-27,WI,WI_3,4
2013-08-28,CA,CA_1,0
2013-08-28,CA,CA_2,1
2013-08-28,CA,CA_3,1
2013-08-28,CA,CA_4,2
2013-08-28,TX,TX_1,0
2013-08-28,TX,TX_2,0
2013-08-28,TX,TX_3,0
2013-08-28,WI,WI_1,1
2013-08-28,WI,WI_2,3
2013-08-28,WI,WI_3,7
2013-08-29,CA,CA_1,0
2013-08-29,CA,CA_2,1
2013-08-29,CA,CA_3,8
2013-08-29,CA,CA_4,1
2013-08-29,TX,TX_1,0
2013-08-29,TX,TX_2,0
2013-08-29,TX,TX_3,0
2013-08-29,WI,WI_1,2
2013-08-29,WI,WI_2,1
2013-08-29,WI,WI_3,1
2013-08-30,CA,CA_1,0
2013-08-30,CA,CA_2,2
2013-08-30,CA,CA_3,8
2013-08-30,CA,CA_4,0
2013-08-30,TX,TX_1,2
2013-08-30,TX,TX_2,1
2013-08-30,TX,TX_3,0
2013-08-30,WI,WI_1,6
2013-08-30,WI,WI_2,1
2013-08-30,WI,WI_3,0
2013-08-31,CA,CA_1,0
2013-08-31,CA,CA_2,2
2013-08-31,CA,CA_3,4
2013-08-31,CA,CA_4,2
2013-08-31,TX,TX_1,0
2013-08-31,TX,TX_2,1
2013-08-31,TX,TX_3,0
2013-08-31,WI,WI_1,3
2013-08-31,WI,WI_2,1
2013-08-31,WI,WI_3,1
2013-09-01,CA,CA_1,0
2013-09-01,CA,CA_2,3
2013-09-01,CA,CA_3,4
2013-09-01,CA,CA_4,1
2013-09-01,TX,TX_1,1
2013-09-01,TX,TX_2,1
2013-09-01,TX,TX_3,0
2013-09-01,WI,WI_1,1
2013-09-01,WI,WI_2,8
2013-09-01,WI,WI_3,2
2013-09-02,CA,CA_1,0
2013-09-02,CA,CA_2,3
2013-09-02,CA,CA_3,11
2013-09-02,CA,CA_4,1
2013-09-02,TX,TX_1,2
2013-09-02,TX,TX_2,2
2013-09-02,TX,TX_3,0
2013-09-02,WI,WI_1,6
2013-09-02,WI,WI_2,1
2013-09-02,WI,WI_3,7
2013-09-03,CA,CA_1,0
2013-09-03,CA,CA_2,3
2013-09-03,CA,CA_3,2
2013-09-03,CA,CA_4,5
2013-09-03,TX,TX_1,1
2013-09-03,TX,TX_2,3
2013-09-03,TX,TX_3,0
2013-09-03,WI,WI_1,0
2013-09-03,WI,WI_2,6
2013-09-03,WI,WI_3,4
2013-09-04,CA,CA_1,0
2013-09-04,CA,CA_2,3
2013-09-04,CA,CA_3,3
2013-09-04,CA,CA_4,0
2013-09-04,TX,TX_1,0
2013-09-04,TX,TX_2,0
2013-09-04,TX,TX_3,0
2013-09-04,WI,WI_1,4
2013-09-04,WI,WI_2,6
2013-09-04,WI,WI_3,1
2013-09-05,CA,CA_1,0
2013-09-05,CA,CA_2,1
2013-09-05,CA,CA_3,4
2013-09-05,CA,CA_4,1
2013-09-05,TX,TX_1,0
2013-09-05,TX,TX_2,0
2013-09-05,TX,TX_3,0
2013-09-05,WI,WI_1,2
2013-09-05,WI,WI_2,3
2013-09-05,WI,WI_3,5
2013-09-06,CA,CA_1,0
2013-09-06,CA,CA_2,4
2013-09-06,CA,CA_3,3
2013-09-06,CA,CA_4,3
2013-09-06,TX,TX_1,0
2013-09-06,TX,TX_2,0
2013-09-06,TX,TX_3,0
2013-09-06,WI,WI_1,0
2013-09-06,WI,WI_2,0
2013-09-06,WI,WI_3,1
2013-09-07,CA,CA_1,2
2013-09-07,CA,CA_2,0
2013-09-07,CA,CA_3,6
2013-09-07,CA,CA_4,0
2013-09-07,TX,TX_1,1
2013-09-07,TX,TX_2,3
2013-09-07,TX,TX_3,0
2013-09-07,WI,WI_1,4
2013-09-07,WI,WI_2,0
2013-09-07,WI,WI_3,6
2013-09-08,CA,CA_1,2
2013-09-08,CA,CA_2,2
2013-09-08,CA,CA_3,7
2013-09-08,CA,CA_4,2
2013-09-08,TX,TX_1,5
2013-09-08,TX,TX_2,4
2013-09-08,TX,TX_3,0
2013-09-08,WI,WI_1,3
2013-09-08,WI,WI_2,1
2013-09-08,WI,WI_3,4
2013-09-09,CA,CA_1,13
2013-09-09,CA,CA_2,1
2013-09-09,CA,CA_3,4
2013-09-09,CA,CA_4,6
2013-09-09,TX,TX_1,2
2013-09-09,TX,TX_2,1
2013-09-09,TX,TX_3,0
2013-09-09,WI,WI_1,2
2013-09-09,WI,WI_2,5
2013-09-09,WI,WI_3,5
2013-09-10,CA,CA_1,3
2013-09-10,CA,CA_2,1
2013-09-10,CA,CA_3,3
2013-09-10,CA,CA_4,0
2013-09-10,TX,TX_1,5
2013-09-10,TX,TX_2,2
2013-09-10,TX,TX_3,0
2013-09-10,WI,WI_1,3
2013-09-10,WI,WI_2,1
2013-09-10,WI,WI_3,0
2013-09-11,CA,CA_1,4
2013-09-11,CA,CA_2,1
2013-09-11,CA,CA_3,4
2013-09-11,CA,CA_4,0
2013-09-11,TX,TX_1,0
2013-09-11,TX,TX_2,0
2013-09-11,TX,TX_3,0
2013-09-11,WI,WI_1,3
2013-09-11,WI,WI_2,2
2013-09-11,WI,WI_3,3
2013-09-12,CA,CA_1,0
2013-09-12,CA,CA_2,1
2013-09-12,CA,CA_3,5
2013-09-12,CA,CA_4,0
2013-09-12,TX,TX_1,0
2013-09-12,TX,TX_2,1
2013-09-12,TX,TX_3,0
2013-09-12,WI,WI_1,3
2013-09-12,WI,WI_2,0
2013-09-12,WI,WI_3,4
2013-09-13,CA,CA_1,0
2013-09-13,CA,CA_2,1
2013-09-13,CA,CA_3,2
2013-09-13,CA,CA_4,1
2013-09-13,TX,TX_1,0
2013-09-13,TX,TX_2,5
2013-09-13,TX,TX_3,0
2013-09-13,WI,WI_1,6
2013-09-13,WI,WI_2,0
2013-09-13,WI,WI_3,0
2013-09-14,CA,CA_1,0
2013-09-14,CA,CA_2,8
2013-09-14,CA,CA_3,3
2013-09-14,CA,CA_4,0
2013-09-14,TX,TX_1,1
2013-09-14,TX,TX_2,0
2013-09-14,TX,TX_3,0
2013-09-14,WI,WI_1,5
2013-09-14,WI,WI_2,4
2013-09-14,WI,WI_3,5
2013-09-15,CA,CA_1,0
2013-09-15,CA,CA_2,3
2013-09-15,CA,CA_3,7
2013-09-15,CA,CA_4,1
2013-09-15,TX,TX_1,3
2013-09-15,TX,TX_2,7
2013-09-15,TX,TX_3,0
2013-09-15,WI,WI_1,1
2013-09-15,WI,WI_2,1
2013-09-15,WI,WI_3,8
2013-09-16,CA,CA_1,0
2013-09-16,CA,CA_2,1
2013-09-16,CA,CA_3,3
2013-09-16,CA,CA_4,2
2013-09-16,TX,TX_1,4
2013-09-16,TX,TX_2,2
2013-09-16,TX,TX_3,0
2013-09-16,WI,WI_1,3
2013-09-16,WI,WI_2,3
2013-09-16,WI,WI_3,1
2013-09-17,CA,CA_1,0
2013-09-17,CA,CA_2,0
2013-09-17,CA,CA_3,2
2013-09-17,CA,CA_4,2
2013-09-17,TX,TX_1,1
2013-09-17,TX,TX_2,1
2013-09-17,TX,TX_3,0
2013-09-17,WI,WI_1,4
2013-09-17,WI,WI_2,3
2013-09-17,WI,WI_3,4
2013-09-18,CA,CA_1,0
2013-09-18,CA,CA_2,4
2013-09-18,CA,CA_3,1
2013-09-18,CA,CA_4,2
2013-09-18,TX,TX_1,0
2013-09-18,TX,TX_2,1
2013-09-18,TX,TX_3,0
2013-09-18,WI,WI_1,5
2013-09-18,WI,WI_2,0
2013-09-18,WI,WI_3,0
2013-09-19,CA,CA_1,0
2013-09-19,CA,CA_2,3
2013-09-19,CA,CA_3,4
2013-09-19,CA,CA_4,1
2013-09-19,TX,TX_1,0
2013-09-19,TX,TX_2,5
2013-09-19,TX,TX_3,0
2013-09-19,WI,WI_1,1
2013-09-19,WI,WI_2,1
2013-09-19,WI,WI_3,0
2013-09-20,CA,CA_1,0
2013-09-20,CA,CA_2,2
2013-09-20,CA,CA_3,1
2013-09-20,CA,CA_4,2
2013-09-20,TX,TX_1,1
2013-09-20,TX,TX_2,0
2013-09-20,TX,TX_3,4
2013-09-20,WI,WI_1,2
2013-09-20,WI,WI_2,2
2013-09-20,WI,WI_3,0
2013-09-21,CA,CA_1,0
2013-09-21,CA,CA_2,0
2013-09-21,CA,CA_3,4
2013-09-21,CA,CA_4,5
2013-09-21,TX,TX_1,2
2013-09-21,TX,TX_2,3
2013-09-21,TX,TX_3,0
2013-09-21,WI,WI_1,1
2013-09-21,WI,WI_2,0
2013-09-21,WI,WI_3,3
2013-09-22,CA,CA_1,0
2013-09-22,CA,CA_2,2
2013-09-22,CA,CA_3,1
2013-09-22,CA,CA_4,0
2013-09-22,TX,TX_1,1
2013-09-22,TX,TX_2,0
2013-09-22,TX,TX_3,0
2013-09-22,WI,WI_1,6
2013-09-22,WI,WI_2,2
2013-09-22,WI,WI_3,3
2013-09-23,CA,CA_1,4
2013-09-23,CA,CA_2,1
2013-09-23,CA,CA_3,6
2013-09-23,CA,CA_4,0
2013-09-23,TX,TX_1,0
2013-09-23,TX,TX_2,1
2013-09-23,TX,TX_3,2
2013-09-23,WI,WI_1,1
2013-09-23,WI,WI_2,2
2013-09-23,WI,WI_3,2
2013-09-24,CA,CA_1,3
2013-09-24,CA,CA_2,0
2013-09-24,CA,CA_3,3
2013-09-24,CA,CA_4,3
2013-09-24,TX,TX_1,0
2013-09-24,TX,TX_2,2
2013-09-24,TX,TX_3,0
2013-09-24,WI,WI_1,3
2013-09-24,WI,WI_2,2
2013-09-24,WI,WI_3,1
2013-09-25,CA,CA_1,2
2013-09-25,CA,CA_2,1
2013-09-25,CA,CA_3,0
2013-09-25,CA,CA_4,2
2013-09-25,TX,TX_1,0
2013-09-25,TX,TX_2,5
2013-09-25,TX,TX_3,0
2013-09-25,WI,WI_1,2
2013-09-25,WI,WI_2,1
2013-09-25,WI,WI_3,2
2013-09-26,CA,CA_1,1
2013-09-26,CA,CA_2,2
2013-09-26,CA,CA_3,1
2013-09-26,CA,CA_4,0
2013-09-26,TX,TX_1,0
2013-09-26,TX,TX_2,2
2013-09-26,TX,TX_3,0
2013-09-26,WI,WI_1,0
2013-09-26,WI,WI_2,0
2013-09-26,WI,WI_3,3
2013-09-27,CA,CA_1,0
2013-09-27,CA,CA_2,1
2013-09-27,CA,CA_3,5
2013-09-27,CA,CA_4,1
2013-09-27,TX,TX_1,0
2013-09-27,TX,TX_2,0
2013-09-27,TX,TX_3,0
2013-09-27,WI,WI_1,1
2013-09-27,WI,WI_2,0
2013-09-27,WI,WI_3,1
2013-09-28,CA,CA_1,0
2013-09-28,CA,CA_2,0
2013-09-28,CA,CA_3,4
2013-09-28,CA,CA_4,4
2013-09-28,TX,TX_1,1
2013-09-28,TX,TX_2,0
2013-09-28,TX,TX_3,0
2013-09-28,WI,WI_1,2
2013-09-28,WI,WI_2,0
2013-09-28,WI,WI_3,1
2013-09-29,CA,CA_1,0
2013-09-29,CA,CA_2,1
2013-09-29,CA,CA_3,1
2013-09-29,CA,CA_4,2
2013-09-29,TX,TX_1,1
2013-09-29,TX,TX_2,3
2013-09-29,TX,TX_3,0
2013-09-29,WI,WI_1,1
2013-09-29,WI,WI_2,3
2013-09-29,WI,WI_3,2
2013-09-30,CA,CA_1,0
2013-09-30,CA,CA_2,5
2013-09-30,CA,CA_3,2
2013-09-30,CA,CA_4,0
2013-09-30,TX,TX_1,1
2013-09-30,TX,TX_2,0
2013-09-30,TX,TX_3,0
2013-09-30,WI,WI_1,4
2013-09-30,WI,WI_2,0
2013-09-30,WI,WI_3,0
2013-10-01,CA,CA_1,11
2013-10-01,CA,CA_2,1
2013-10-01,CA,CA_3,10
2013-10-01,CA,CA_4,0
2013-10-01,TX,TX_1,1
2013-10-01,TX,TX_2,0
2013-10-01,TX,TX_3,1
2013-10-01,WI,WI_1,1
2013-10-01,WI,WI_2,1
2013-10-01,WI,WI_3,1
2013-10-02,CA,CA_1,0
2013-10-02,CA,CA_2,6
2013-10-02,CA,CA_3,4
2013-10-02,CA,CA_4,0
2013-10-02,TX,TX_1,2
2013-10-02,TX,TX_2,0
2013-10-02,TX,TX_3,2
2013-10-02,WI,WI_1,4
2013-10-02,WI,WI_2,2
2013-10-02,WI,WI_3,3
2013-10-03,CA,CA_1,0
2013-10-03,CA,CA_2,3
2013-10-03,CA,CA_3,6
2013-10-03,CA,CA_4,2
2013-10-03,TX,TX_1,0
2013-10-03,TX,TX_2,0
2013-10-03,TX,TX_3,0
2013-10-03,WI,WI_1,5
2013-10-03,WI,WI_2,0
2013-10-03,WI,WI_3,7
2013-10-04,CA,CA_1,0
2013-10-04,CA,CA_2,1
2013-10-04,CA,CA_3,6
2013-10-04,CA,CA_4,1
2013-10-04,TX,TX_1,0
2013-10-04,TX,TX_2,2
2013-10-04,TX,TX_3,0
2013-10-04,WI,WI_1,3
2013-10-04,WI,WI_2,0
2013-10-04,WI,WI_3,0
2013-10-05,CA,CA_1,0
2013-10-05,CA,CA_2,2
2013-10-05,CA,CA_3,5
2013-10-05,CA,CA_4,1
2013-10-05,TX,TX_1,0
2013-10-05,TX,TX_2,1
2013-10-05,TX,TX_3,0
2013-10-05,WI,WI_1,4
2013-10-05,WI,WI_2,2
2013-10-05,WI,WI_3,1
2013-10-06,CA,CA_1,0
2013-10-06,CA,CA_2,3
2013-10-06,CA,CA_3,12
2013-10-06,CA,CA_4,1
2013-10-06,TX,TX_1,1
2013-10-06,TX,TX_2,3
2013-10-06,TX,TX_3,0
2013-10-06,WI,WI_1,5
2013-10-06,WI,WI_2,4
2013-10-06,WI,WI_3,3
2013-10-07,CA,CA_1,0
2013-10-07,CA,CA_2,1
2013-10-07,CA,CA_3,3
2013-10-07,CA,CA_4,7
2013-10-07,TX,TX_1,2
2013-10-07,TX,TX_2,3
2013-10-07,TX,TX_3,0
2013-10-07,WI,WI_1,5
2013-10-07,WI,WI_2,1
2013-10-07,WI,WI_3,1
2013-10-08,CA,CA_1,0
2013-10-08,CA,CA_2,1
2013-10-08,CA,CA_3,8
2013-10-08,CA,CA_4,0
2013-10-08,TX,TX_1,0
2013-10-08,TX,TX_2,1
2013-10-08,TX,TX_3,0
2013-10-08,WI,WI_1,1
2013-10-08,WI,WI_2,2
2013-10-08,WI,WI_3,3
2013-10-09,CA,CA_1,0
2013-10-09,CA,CA_2,0
2013-10-09,CA,CA_3,9
2013-10-09,CA,CA_4,2
2013-10-09,TX,TX_1,0
2013-10-09,TX,TX_2,0
2013-10-09,TX,TX_3,2
2013-10-09,WI,WI_1,2
2013-10-09,WI,WI_2,7
2013-10-09,WI,WI_3,1
2013-10-10,CA,CA_1,0
2013-10-10,CA,CA_2,4
2013-10-10,CA,CA_3,5
2013-10-10,CA,CA_4,1
2013-10-10,TX,TX_1,0
2013-10-10,TX,TX_2,2
2013-10-10,TX,TX_3,0
2013-10-10,WI,WI_1,6
2013-10-10,WI,WI_2,2
2013-10-10,WI,WI_3,1
2013-10-11,CA,CA_1,0
2013-10-11,CA,CA_2,2
2013-10-11,CA,CA_3,5
2013-10-11,CA,CA_4,6
2013-10-11,TX,TX_1,0
2013-10-11,TX,TX_2,2
2013-10-11,TX,TX_3,1
2013-10-11,WI,WI_1,3
2013-10-11,WI,WI_2,2
2013-10-11,WI,WI_3,1
2013-10-12,CA,CA_1,0
2013-10-12,CA,CA_2,0
2013-10-12,CA,CA_3,3
2013-10-12,CA,CA_4,1
2013-10-12,TX,TX_1,0
2013-10-12,TX,TX_2,3
2013-10-12,TX,TX_3,0
2013-10-12,WI,WI_1,1
2013-10-12,WI,WI_2,1
2013-10-12,WI,WI_3,6
2013-10-13,CA,CA_1,4
2013-10-13,CA,CA_2,8
2013-10-13,CA,CA_3,1
2013-10-13,CA,CA_4,3
2013-10-13,TX,TX_1,0
2013-10-13,TX,TX_2,1
2013-10-13,TX,TX_3,0
2013-10-13,WI,WI_1,3
2013-10-13,WI,WI_2,0
2013-10-13,WI,WI_3,5
2013-10-14,CA,CA_1,4
2013-10-14,CA,CA_2,1
2013-10-14,CA,CA_3,1
2013-10-14,CA,CA_4,0
2013-10-14,TX,TX_1,0
2013-10-14,TX,TX_2,1
2013-10-14,TX,TX_3,0
2013-10-14,WI,WI_1,3
2013-10-14,WI,WI_2,1
2013-10-14,WI,WI_3,2
2013-10-15,CA,CA_1,4
2013-10-15,CA,CA_2,2
2013-10-15,CA,CA_3,5
2013-10-15,CA,CA_4,0
2013-10-15,TX,TX_1,1
2013-10-15,TX,TX_2,1
2013-10-15,TX,TX_3,0
2013-10-15,WI,WI_1,2
2013-10-15,WI,WI_2,5
2013-10-15,WI,WI_3,1
2013-10-16,CA,CA_1,0
2013-10-16,CA,CA_2,2
2013-10-16,CA,CA_3,3
2013-10-16,CA,CA_4,0
2013-10-16,TX,TX_1,1
2013-10-16,TX,TX_2,1
2013-10-16,TX,TX_3,0
2013-10-16,WI,WI_1,4
2013-10-16,WI,WI_2,3
2013-10-16,WI,WI_3,1
2013-10-17,CA,CA_1,0
2013-10-17,CA,CA_2,1
2013-10-17,CA,CA_3,5
2013-10-17,CA,CA_4,6
2013-10-17,TX,TX_1,1
2013-10-17,TX,TX_2,1
2013-10-17,TX,TX_3,0
2013-10-17,WI,WI_1,7
2013-10-17,WI,WI_2,0
2013-10-17,WI,WI_3,1
2013-10-18,CA,CA_1,0
2013-10-18,CA,CA_2,8
2013-10-18,CA,CA_3,3
2013-10-18,CA,CA_4,0
2013-10-18,TX,TX_1,3
2013-10-18,TX,TX_2,0
2013-10-18,TX,TX_3,0
2013-10-18,WI,WI_1,2
2013-10-18,WI,WI_2,2
2013-10-18,WI,WI_3,2
2013-10-19,CA,CA_1,0
2013-10-19,CA,CA_2,2
2013-10-19,CA,CA_3,3
2013-10-19,CA,CA_4,0
2013-10-19,TX,TX_1,3
2013-10-19,TX,TX_2,2
2013-10-19,TX,TX_3,0
2013-10-19,WI,WI_1,1
2013-10-19,WI,WI_2,0
2013-10-19,WI,WI_3,4
2013-10-20,CA,CA_1,0
2013-10-20,CA,CA_2,2
2013-10-20,CA,CA_3,6
2013-10-20,CA,CA_4,0
2013-10-20,TX,TX_1,1
2013-10-20,TX,TX_2,1
2013-10-20,TX,TX_3,0
2013-10-20,WI,WI_1,3
2013-10-20,WI,WI_2,1
2013-10-20,WI,WI_3,1
2013-10-21,CA,CA_1,0
2013-10-21,CA,CA_2,4
2013-10-21,CA,CA_3,3
2013-10-21,CA,CA_4,0
2013-10-21,TX,TX_1,0
2013-10-21,TX,TX_2,0
2013-10-21,TX,TX_3,1
2013-10-21,WI,WI_1,5
2013-10-21,WI,WI_2,2
2013-10-21,WI,WI_3,3
2013-10-22,CA,CA_1,0
2013-10-22,CA,CA_2,2
2013-10-22,CA,CA_3,1
2013-10-22,CA,CA_4,2
2013-10-22,TX,TX_1,1
2013-10-22,TX,TX_2,2
2013-10-22,TX,TX_3,0
2013-10-22,WI,WI_1,4
2013-10-22,WI,WI_2,6
2013-10-22,WI,WI_3,0
2013-10-23,CA,CA_1,0
2013-10-23,CA,CA_2,1
2013-10-23,CA,CA_3,5
2013-10-23,CA,CA_4,4
2013-10-23,TX,TX_1,0
2013-10-23,TX,TX_2,2
2013-10-23,TX,TX_3,0
2013-10-23,WI,WI_1,2
2013-10-23,WI,WI_2,1
2013-10-23,WI,WI_3,3
2013-10-24,CA,CA_1,0
2013-10-24,CA,CA_2,2
2013-10-24,CA,CA_3,4
2013-10-24,CA,CA_4,7
2013-10-24,TX,TX_1,2
2013-10-24,TX,TX_2,1
2013-10-24,TX,TX_3,0
2013-10-24,WI,WI_1,3
2013-10-24,WI,WI_2,2
2013-10-24,WI,WI_3,0
2013-10-25,CA,CA_1,0
2013-10-25,CA,CA_2,2
2013-10-25,CA,CA_3,0
2013-10-25,CA,CA_4,1
2013-10-25,TX,TX_1,0
2013-10-25,TX,TX_2,1
2013-10-25,TX,TX_3,0
2013-10-25,WI,WI_1,1
2013-10-25,WI,WI_2,1
2013-10-25,WI,WI_3,1
2013-10-26,CA,CA_1,0
2013-10-26,CA,CA_2,2
2013-10-26,CA,CA_3,3
2013-10-26,CA,CA_4,3
2013-10-26,TX,TX_1,1
2013-10-26,TX,TX_2,2
2013-10-26,TX,TX_3,0
2013-10-26,WI,WI_1,4
2013-10-26,WI,WI_2,0
2013-10-26,WI,WI_3,4
2013-10-27,CA,CA_1,0
2013-10-27,CA,CA_2,2
2013-10-27,CA,CA_3,2
2013-10-27,CA,CA_4,0
2013-10-27,TX,TX_1,0
2013-10-27,TX,TX_2,0
2013-10-27,TX,TX_3,0
2013-10-27,WI,WI_1,2
2013-10-27,WI,WI_2,0
2013-10-27,WI,WI_3,1
2013-10-28,CA,CA_1,0
2013-10-28,CA,CA_2,2
2013-10-28,CA,CA_3,2
2013-10-28,CA,CA_4,0
2013-10-28,TX,TX_1,0
2013-10-28,TX,TX_2,0
2013-10-28,TX,TX_3,0
2013-10-28,WI,WI_1,0
2013-10-28,WI,WI_2,4
2013-10-28,WI,WI_3,0
2013-10-29,CA,CA_1,0
2013-10-29,CA,CA_2,2
2013-10-29,CA,CA_3,1
2013-10-29,CA,CA_4,0
2013-10-29,TX,TX_1,0
2013-10-29,TX,TX_2,1
2013-10-29,TX,TX_3,0
2013-10-29,WI,WI_1,4
2013-10-29,WI,WI_2,0
2013-10-29,WI,WI_3,3
2013-10-30,CA,CA_1,3
2013-10-30,CA,CA_2,0
2013-10-30,CA,CA_3,1
2013-10-30,CA,CA_4,2
2013-10-30,TX,TX_1,0
2013-10-30,TX,TX_2,0
2013-10-30,TX,TX_3,0
2013-10-30,WI,WI_1,3
2013-10-30,WI,WI_2,2
2013-10-30,WI,WI_3,2
2013-10-31,CA,CA_1,2
2013-10-31,CA,CA_2,4
2013-10-31,CA,CA_3,1
2013-10-31,CA,CA_4,0
2013-10-31,TX,TX_1,0
2013-10-31,TX,TX_2,0
2013-10-31,TX,TX_3,0
2013-10-31,WI,WI_1,5
2013-10-31,WI,WI_2,0
2013-10-31,WI,WI_3,2
2013-11-01,CA,CA_1,6
2013-11-01,CA,CA_2,3
2013-11-01,CA,CA_3,6
2013-11-01,CA,CA_4,0
2013-11-01,TX,TX_1,2
2013-11-01,TX,TX_2,2
2013-11-01,TX,TX_3,0
2013-11-01,WI,WI_1,2
2013-11-01,WI,WI_2,3
2013-11-01,WI,WI_3,4
2013-11-02,CA,CA_1,3
2013-11-02,CA,CA_2,4
2013-11-02,CA,CA_3,5
2013-11-02,CA,CA_4,1
2013-11-02,TX,TX_1,3
2013-11-02,TX,TX_2,3
2013-11-02,TX,TX_3,0
2013-11-02,WI,WI_1,7
2013-11-02,WI,WI_2,1
2013-11-02,WI,WI_3,3
2013-11-03,CA,CA_1,4
2013-11-03,CA,CA_2,8
2013-11-03,CA,CA_3,2
2013-11-03,CA,CA_4,0
2013-11-03,TX,TX_1,0
2013-11-03,TX,TX_2,1
2013-11-03,TX,TX_3,0
2013-11-03,WI,WI_1,4
2013-11-03,WI,WI_2,1
2013-11-03,WI,WI_3,6
2013-11-04,CA,CA_1,0
2013-11-04,CA,CA_2,4
2013-11-04,CA,CA_3,5
2013-11-04,CA,CA_4,3
2013-11-04,TX,TX_1,4
2013-11-04,TX,TX_2,0
2013-11-04,TX,TX_3,0
2013-11-04,WI,WI_1,2
2013-11-04,WI,WI_2,4
2013-11-04,WI,WI_3,4
2013-11-05,CA,CA_1,6
2013-11-05,CA,CA_2,0
2013-11-05,CA,CA_3,1
2013-11-05,CA,CA_4,4
2013-11-05,TX,TX_1,1
2013-11-05,TX,TX_2,0
2013-11-05,TX,TX_3,0
2013-11-05,WI,WI_1,1
2013-11-05,WI,WI_2,4
2013-11-05,WI,WI_3,2
2013-11-06,CA,CA_1,0
2013-11-06,CA,CA_2,0
2013-11-06,CA,CA_3,3
2013-11-06,CA,CA_4,2
2013-11-06,TX,TX_1,0
2013-11-06,TX,TX_2,1
2013-11-06,TX,TX_3,0
2013-11-06,WI,WI_1,1
2013-11-06,WI,WI_2,1
2013-11-06,WI,WI_3,3
2013-11-07,CA,CA_1,0
2013-11-07,CA,CA_2,1
2013-11-07,CA,CA_3,4
2013-11-07,CA,CA_4,0
2013-11-07,TX,TX_1,1
2013-11-07,TX,TX_2,0
2013-11-07,TX,TX_3,0
2013-11-07,WI,WI_1,2
2013-11-07,WI,WI_2,6
2013-11-07,WI,WI_3,0
2013-11-08,CA,CA_1,0
2013-11-08,CA,CA_2,1
2013-11-08,CA,CA_3,2
2013-11-08,CA,CA_4,0
2013-11-08,TX,TX_1,0
2013-11-08,TX,TX_2,3
2013-11-08,TX,TX_3,0
2013-11-08,WI,WI_1,1
2013-11-08,WI,WI_2,3
2013-11-08,WI,WI_3,3
2013-11-09,CA,CA_1,0
2013-11-09,CA,CA_2,0
2013-11-09,CA,CA_3,5
2013-11-09,CA,CA_4,5
2013-11-09,TX,TX_1,0
2013-11-09,TX,TX_2,3
2013-11-09,TX,TX_3,0
2013-11-09,WI,WI_1,5
2013-11-09,WI,WI_2,0
2013-11-09,WI,WI_3,4
2013-11-10,CA,CA_1,0
2013-11-10,CA,CA_2,3
2013-11-10,CA,CA_3,3
2013-11-10,CA,CA_4,3
2013-11-10,TX,TX_1,6
2013-11-10,TX,TX_2,1
2013-11-10,TX,TX_3,0
2013-11-10,WI,WI_1,1
2013-11-10,WI,WI_2,4
2013-11-10,WI,WI_3,5
2013-11-11,CA,CA_1,0
2013-11-11,CA,CA_2,2
2013-11-11,CA,CA_3,8
2013-11-11,CA,CA_4,1
2013-11-11,TX,TX_1,2
2013-11-11,TX,TX_2,0
2013-11-11,TX,TX_3,0
2013-11-11,WI,WI_1,2
2013-11-11,WI,WI_2,2
2013-11-11,WI,WI_3,7
2013-11-12,CA,CA_1,0
2013-11-12,CA,CA_2,0
2013-11-12,CA,CA_3,3
2013-11-12,CA,CA_4,1
2013-11-12,TX,TX_1,1
2013-11-12,TX,TX_2,4
2013-11-12,TX,TX_3,1
2013-11-12,WI,WI_1,4
2013-11-12,WI,WI_2,4
2013-11-12,WI,WI_3,2
2013-11-13,CA,CA_1,0
2013-11-13,CA,CA_2,4
2013-11-13,CA,CA_3,0
2013-11-13,CA,CA_4,0
2013-11-13,TX,TX_1,2
2013-11-13,TX,TX_2,1
2013-11-13,TX,TX_3,0
2013-11-13,WI,WI_1,5
2013-11-13,WI,WI_2,3
2013-11-13,WI,WI_3,3
2013-11-14,CA,CA_1,0
2013-11-14,CA,CA_2,1
2013-11-14,CA,CA_3,0
2013-11-14,CA,CA_4,1
2013-11-14,TX,TX_1,0
2013-11-14,TX,TX_2,0
2013-11-14,TX,TX_3,3
2013-11-14,WI,WI_1,4
2013-11-14,WI,WI_2,0
2013-11-14,WI,WI_3,1
2013-11-15,CA,CA_1,0
2013-11-15,CA,CA_2,3
2013-11-15,CA,CA_3,1
2013-11-15,CA,CA_4,2
2013-11-15,TX,TX_1,0
2013-11-15,TX,TX_2,0
2013-11-15,TX,TX_3,1
2013-11-15,WI,WI_1,4
2013-11-15,WI,WI_2,3
2013-11-15,WI,WI_3,4
2013-11-16,CA,CA_1,0
2013-11-16,CA,CA_2,3
2013-11-16,CA,CA_3,10
2013-11-16,CA,CA_4,0
2013-11-16,TX,TX_1,1
2013-11-16,TX,TX_2,3
2013-11-16,TX,TX_3,0
2013-11-16,WI,WI_1,6
2013-11-16,WI,WI_2,6
2013-11-16,WI,WI_3,4
2013-11-17,CA,CA_1,0
2013-11-17,CA,CA_2,3
2013-11-17,CA,CA_3,15
2013-11-17,CA,CA_4,2
2013-11-17,TX,TX_1,1
2013-11-17,TX,TX_2,2
2013-11-17,TX,TX_3,0
2013-11-17,WI,WI_1,0
2013-11-17,WI,WI_2,3
2013-11-17,WI,WI_3,3
2013-11-18,CA,CA_1,0
2013-11-18,CA,CA_2,2
2013-11-18,CA,CA_3,1
2013-11-18,CA,CA_4,0
2013-11-18,TX,TX_1,0
2013-11-18,TX,TX_2,0
2013-11-18,TX,TX_3,1
2013-11-18,WI,WI_1,0
2013-11-18,WI,WI_2,0
2013-11-18,WI,WI_3,0
2013-11-19,CA,CA_1,0
2013-11-19,CA,CA_2,3
2013-11-19,CA,CA_3,4
2013-11-19,CA,CA_4,0
2013-11-19,TX,TX_1,0
2013-11-19,TX,TX_2,5
2013-11-19,TX,TX_3,0
2013-11-19,WI,WI_1,5
2013-11-19,WI,WI_2,3
2013-11-19,WI,WI_3,1
2013-11-20,CA,CA_1,0
2013-11-20,CA,CA_2,1
2013-11-20,CA,CA_3,3
2013-11-20,CA,CA_4,0
2013-11-20,TX,TX_1,1
2013-11-20,TX,TX_2,3
2013-11-20,TX,TX_3,0
2013-11-20,WI,WI_1,7
2013-11-20,WI,WI_2,5
2013-11-20,WI,WI_3,3
2013-11-21,CA,CA_1,22
2013-11-21,CA,CA_2,4
2013-11-21,CA,CA_3,1
2013-11-21,CA,CA_4,1
2013-11-21,TX,TX_1,0
2013-11-21,TX,TX_2,0
2013-11-21,TX,TX_3,0
2013-11-21,WI,WI_1,3
2013-11-21,WI,WI_2,2
2013-11-21,WI,WI_3,7
2013-11-22,CA,CA_1,7
2013-11-22,CA,CA_2,0
2013-11-22,CA,CA_3,6
2013-11-22,CA,CA_4,0
2013-11-22,TX,TX_1,0
2013-11-22,TX,TX_2,0
2013-11-22,TX,TX_3,0
2013-11-22,WI,WI_1,1
2013-11-22,WI,WI_2,0
2013-11-22,WI,WI_3,1
2013-11-23,CA,CA_1,2
2013-11-23,CA,CA_2,1
2013-11-23,CA,CA_3,3
2013-11-23,CA,CA_4,2
2013-11-23,TX,TX_1,0
2013-11-23,TX,TX_2,2
2013-11-23,TX,TX_3,0
2013-11-23,WI,WI_1,2
2013-11-23,WI,WI_2,2
2013-11-23,WI,WI_3,1
2013-11-24,CA,CA_1,4
2013-11-24,CA,CA_2,6
2013-11-24,CA,CA_3,1
2013-11-24,CA,CA_4,0
2013-11-24,TX,TX_1,1
2013-11-24,TX,TX_2,0
2013-11-24,TX,TX_3,0
2013-11-24,WI,WI_1,3
2013-11-24,WI,WI_2,1
2013-11-24,WI,WI_3,4
2013-11-25,CA,CA_1,0
2013-11-25,CA,CA_2,6
2013-11-25,CA,CA_3,0
2013-11-25,CA,CA_4,0
2013-11-25,TX,TX_1,2
2013-11-25,TX,TX_2,3
2013-11-25,TX,TX_3,0
2013-11-25,WI,WI_1,3
2013-11-25,WI,WI_2,1
2013-11-25,WI,WI_3,2
2013-11-26,CA,CA_1,0
2013-11-26,CA,CA_2,0
2013-11-26,CA,CA_3,6
2013-11-26,CA,CA_4,6
2013-11-26,TX,TX_1,0
2013-11-26,TX,TX_2,0
2013-11-26,TX,TX_3,0
2013-11-26,WI,WI_1,10
2013-11-26,WI,WI_2,2
2013-11-26,WI,WI_3,2
2013-11-27,CA,CA_1,0
2013-11-27,CA,CA_2,3
2013-11-27,CA,CA_3,1
2013-11-27,CA,CA_4,0
2013-11-27,TX,TX_1,0
2013-11-27,TX,TX_2,0
2013-11-27,TX,TX_3,0
2013-11-27,WI,WI_1,3
2013-11-27,WI,WI_2,5
2013-11-27,WI,WI_3,2
2013-11-28,CA,CA_1,0
2013-11-28,CA,CA_2,0
2013-11-28,CA,CA_3,1
2013-11-28,CA,CA_4,0
2013-11-28,TX,TX_1,0
2013-11-28,TX,TX_2,0
2013-11-28,TX,TX_3,0
2013-11-28,WI,WI_1,0
2013-11-28,WI,WI_2,0
2013-11-28,WI,WI_3,0
2013-11-29,CA,CA_1,0
2013-11-29,CA,CA_2,2
2013-11-29,CA,CA_3,0
2013-11-29,CA,CA_4,0
2013-11-29,TX,TX_1,1
2013-11-29,TX,TX_2,0
2013-11-29,TX,TX_3,0
2013-11-29,WI,WI_1,3
2013-11-29,WI,WI_2,0
2013-11-29,WI,WI_3,2
2013-11-30,CA,CA_1,0
2013-11-30,CA,CA_2,3
2013-11-30,CA,CA_3,2
2013-11-30,CA,CA_4,0
2013-11-30,TX,TX_1,0
2013-11-30,TX,TX_2,0
2013-11-30,TX,TX_3,0
2013-11-30,WI,WI_1,2
2013-11-30,WI,WI_2,2
2013-11-30,WI,WI_3,2
2013-12-01,CA,CA_1,0
2013-12-01,CA,CA_2,1
2013-12-01,CA,CA_3,3
2013-12-01,CA,CA_4,0
2013-12-01,TX,TX_1,0
2013-12-01,TX,TX_2,1
2013-12-01,TX,TX_3,0
2013-12-01,WI,WI_1,2
2013-12-01,WI,WI_2,8
2013-12-01,WI,WI_3,1
2013-12-02,CA,CA_1,0
2013-12-02,CA,CA_2,0
2013-12-02,CA,CA_3,4
2013-12-02,CA,CA_4,1
2013-12-02,TX,TX_1,0
2013-12-02,TX,TX_2,0
2013-12-02,TX,TX_3,0
2013-12-02,WI,WI_1,6
2013-12-02,WI,WI_2,0
2013-12-02,WI,WI_3,2
2013-12-03,CA,CA_1,0
2013-12-03,CA,CA_2,0
2013-12-03,CA,CA_3,4
2013-12-03,CA,CA_4,0
2013-12-03,TX,TX_1,1
2013-12-03,TX,TX_2,5
2013-12-03,TX,TX_3,0
2013-12-03,WI,WI_1,3
2013-12-03,WI,WI_2,0
2013-12-03,WI,WI_3,1
2013-12-04,CA,CA_1,0
2013-12-04,CA,CA_2,1
2013-12-04,CA,CA_3,4
2013-12-04,CA,CA_4,0
2013-12-04,TX,TX_1,0
2013-12-04,TX,TX_2,0
2013-12-04,TX,TX_3,0
2013-12-04,WI,WI_1,4
2013-12-04,WI,WI_2,0
2013-12-04,WI,WI_3,2
2013-12-05,CA,CA_1,0
2013-12-05,CA,CA_2,0
2013-12-05,CA,CA_3,6
2013-12-05,CA,CA_4,4
2013-12-05,TX,TX_1,0
2013-12-05,TX,TX_2,3
2013-12-05,TX,TX_3,2
2013-12-05,WI,WI_1,2
2013-12-05,WI,WI_2,10
2013-12-05,WI,WI_3,1
2013-12-06,CA,CA_1,0
2013-12-06,CA,CA_2,1
2013-12-06,CA,CA_3,5
2013-12-06,CA,CA_4,0
2013-12-06,TX,TX_1,1
2013-12-06,TX,TX_2,0
2013-12-06,TX,TX_3,0
2013-12-06,WI,WI_1,6
2013-12-06,WI,WI_2,2
2013-12-06,WI,WI_3,1
2013-12-07,CA,CA_1,0
2013-12-07,CA,CA_2,3
2013-12-07,CA,CA_3,5
2013-12-07,CA,CA_4,0
2013-12-07,TX,TX_1,0
2013-12-07,TX,TX_2,1
2013-12-07,TX,TX_3,0
2013-12-07,WI,WI_1,3
2013-12-07,WI,WI_2,0
2013-12-07,WI,WI_3,0
2013-12-08,CA,CA_1,0
2013-12-08,CA,CA_2,5
2013-12-08,CA,CA_3,7
2013-12-08,CA,CA_4,1
2013-12-08,TX,TX_1,1
2013-12-08,TX,TX_2,2
2013-12-08,TX,TX_3,0
2013-12-08,WI,WI_1,4
2013-12-08,WI,WI_2,1
2013-12-08,WI,WI_3,5
2013-12-09,CA,CA_1,5
2013-12-09,CA,CA_2,2
2013-12-09,CA,CA_3,5
2013-12-09,CA,CA_4,3
2013-12-09,TX,TX_1,0
2013-12-09,TX,TX_2,2
2013-12-09,TX,TX_3,0
2013-12-09,WI,WI_1,3
2013-12-09,WI,WI_2,0
2013-12-09,WI,WI_3,3
2013-12-10,CA,CA_1,2
2013-12-10,CA,CA_2,1
2013-12-10,CA,CA_3,1
2013-12-10,CA,CA_4,0
2013-12-10,TX,TX_1,1
2013-12-10,TX,TX_2,4
2013-12-10,TX,TX_3,0
2013-12-10,WI,WI_1,1
2013-12-10,WI,WI_2,3
2013-12-10,WI,WI_3,0
2013-12-11,CA,CA_1,0
2013-12-11,CA,CA_2,1
2013-12-11,CA,CA_3,3
2013-12-11,CA,CA_4,0
2013-12-11,TX,TX_1,1
2013-12-11,TX,TX_2,1
2013-12-11,TX,TX_3,0
2013-12-11,WI,WI_1,3
2013-12-11,WI,WI_2,7
2013-12-11,WI,WI_3,2
2013-12-12,CA,CA_1,16
2013-12-12,CA,CA_2,0
2013-12-12,CA,CA_3,2
2013-12-12,CA,CA_4,0
2013-12-12,TX,TX_1,1
2013-12-12,TX,TX_2,0
2013-12-12,TX,TX_3,0
2013-12-12,WI,WI_1,7
2013-12-12,WI,WI_2,2
2013-12-12,WI,WI_3,5
2013-12-13,CA,CA_1,13
2013-12-13,CA,CA_2,3
2013-12-13,CA,CA_3,7
2013-12-13,CA,CA_4,1
2013-12-13,TX,TX_1,1
2013-12-13,TX,TX_2,2
2013-12-13,TX,TX_3,0
2013-12-13,WI,WI_1,3
2013-12-13,WI,WI_2,0
2013-12-13,WI,WI_3,9
2013-12-14,CA,CA_1,4
2013-12-14,CA,CA_2,4
2013-12-14,CA,CA_3,5
2013-12-14,CA,CA_4,2
2013-12-14,TX,TX_1,1
2013-12-14,TX,TX_2,3
2013-12-14,TX,TX_3,3
2013-12-14,WI,WI_1,3
2013-12-14,WI,WI_2,0
2013-12-14,WI,WI_3,0
2013-12-15,CA,CA_1,5
2013-12-15,CA,CA_2,1
2013-12-15,CA,CA_3,0
2013-12-15,CA,CA_4,1
2013-12-15,TX,TX_1,0
2013-12-15,TX,TX_2,0
2013-12-15,TX,TX_3,0
2013-12-15,WI,WI_1,5
2013-12-15,WI,WI_2,2
2013-12-15,WI,WI_3,4
2013-12-16,CA,CA_1,3
2013-12-16,CA,CA_2,4
2013-12-16,CA,CA_3,4
2013-12-16,CA,CA_4,1
2013-12-16,TX,TX_1,1
2013-12-16,TX,TX_2,2
2013-12-16,TX,TX_3,0
2013-12-16,WI,WI_1,1
2013-12-16,WI,WI_2,3
2013-12-16,WI,WI_3,1
2013-12-17,CA,CA_1,3
2013-12-17,CA,CA_2,2
2013-12-17,CA,CA_3,3
2013-12-17,CA,CA_4,0
2013-12-17,TX,TX_1,0
2013-12-17,TX,TX_2,0
2013-12-17,TX,TX_3,0
2013-12-17,WI,WI_1,2
2013-12-17,WI,WI_2,1
2013-12-17,WI,WI_3,3
2013-12-18,CA,CA_1,0
2013-12-18,CA,CA_2,2
2013-12-18,CA,CA_3,3
2013-12-18,CA,CA_4,0
2013-12-18,TX,TX_1,1
2013-12-18,TX,TX_2,2
2013-12-18,TX,TX_3,0
2013-12-18,WI,WI_1,5
2013-12-18,WI,WI_2,3
2013-12-18,WI,WI_3,0
2013-12-19,CA,CA_1,0
2013-12-19,CA,CA_2,0
2013-12-19,CA,CA_3,2
2013-12-19,CA,CA_4,0
2013-12-19,TX,TX_1,1
2013-12-19,TX,TX_2,1
2013-12-19,TX,TX_3,0
2013-12-19,WI,WI_1,5
2013-12-19,WI,WI_2,1
2013-12-19,WI,WI_3,2
2013-12-20,CA,CA_1,2
2013-12-20,CA,CA_2,2
2013-12-20,CA,CA_3,3
2013-12-20,CA,CA_4,0
2013-12-20,TX,TX_1,0
2013-12-20,TX,TX_2,1
2013-12-20,TX,TX_3,0
2013-12-20,WI,WI_1,2
2013-12-20,WI,WI_2,2
2013-12-20,WI,WI_3,2
2013-12-21,CA,CA_1,3
2013-12-21,CA,CA_2,6
2013-12-21,CA,CA_3,2
2013-12-21,CA,CA_4,2
2013-12-21,TX,TX_1,3
2013-12-21,TX,TX_2,1
2013-12-21,TX,TX_3,0
2013-12-21,WI,WI_1,0
2013-12-21,WI,WI_2,0
2013-12-21,WI,WI_3,3
2013-12-22,CA,CA_1,0
2013-12-22,CA,CA_2,0
2013-12-22,CA,CA_3,2
2013-12-22,CA,CA_4,0
2013-12-22,TX,TX_1,0
2013-12-22,TX,TX_2,1
2013-12-22,TX,TX_3,0
2013-12-22,WI,WI_1,3
2013-12-22,WI,WI_2,0
2013-12-22,WI,WI_3,4
2013-12-23,CA,CA_1,5
2013-12-23,CA,CA_2,5
2013-12-23,CA,CA_3,3
2013-12-23,CA,CA_4,1
2013-12-23,TX,TX_1,1
2013-12-23,TX,TX_2,0
2013-12-23,TX,TX_3,0
2013-12-23,WI,WI_1,1
2013-12-23,WI,WI_2,3
2013-12-23,WI,WI_3,1
2013-12-24,CA,CA_1,1
2013-12-24,CA,CA_2,1
2013-12-24,CA,CA_3,3
2013-12-24,CA,CA_4,0
2013-12-24,TX,TX_1,1
2013-12-24,TX,TX_2,0
2013-12-24,TX,TX_3,1
2013-12-24,WI,WI_1,6
2013-12-24,WI,WI_2,0
2013-12-24,WI,WI_3,0
2013-12-25,CA,CA_1,0
2013-12-25,CA,CA_2,0
2013-12-25,CA,CA_3,0
2013-12-25,CA,CA_4,0
2013-12-25,TX,TX_1,0
2013-12-25,TX,TX_2,0
2013-12-25,TX,TX_3,0
2013-12-25,WI,WI_1,0
2013-12-25,WI,WI_2,0
2013-12-25,WI,WI_3,0
2013-12-26,CA,CA_1,1
2013-12-26,CA,CA_2,1
2013-12-26,CA,CA_3,1
2013-12-26,CA,CA_4,1
2013-12-26,TX,TX_1,1
2013-12-26,TX,TX_2,0
2013-12-26,TX,TX_3,0
2013-12-26,WI,WI_1,4
2013-12-26,WI,WI_2,4
2013-12-26,WI,WI_3,1
2013-12-27,CA,CA_1,8
2013-12-27,CA,CA_2,1
2013-12-27,CA,CA_3,1
2013-12-27,CA,CA_4,1
2013-12-27,TX,TX_1,0
2013-12-27,TX,TX_2,0
2013-12-27,TX,TX_3,0
2013-12-27,WI,WI_1,3
2013-12-27,WI,WI_2,0
2013-12-27,WI,WI_3,3
2013-12-28,CA,CA_1,3
2013-12-28,CA,CA_2,2
2013-12-28,CA,CA_3,3
2013-12-28,CA,CA_4,1
2013-12-28,TX,TX_1,2
2013-12-28,TX,TX_2,1
2013-12-28,TX,TX_3,1
2013-12-28,WI,WI_1,3
2013-12-28,WI,WI_2,1
2013-12-28,WI,WI_3,4
2013-12-29,CA,CA_1,3
2013-12-29,CA,CA_2,5
2013-12-29,CA,CA_3,5
2013-12-29,CA,CA_4,0
2013-12-29,TX,TX_1,2
2013-12-29,TX,TX_2,0
2013-12-29,TX,TX_3,4
2013-12-29,WI,WI_1,3
2013-12-29,WI,WI_2,3
2013-12-29,WI,WI_3,0
2013-12-30,CA,CA_1,5
2013-12-30,CA,CA_2,8
2013-12-30,CA,CA_3,3
2013-12-30,CA,CA_4,1
2013-12-30,TX,TX_1,1
2013-12-30,TX,TX_2,0
2013-12-30,TX,TX_3,0
2013-12-30,WI,WI_1,2
2013-12-30,WI,WI_2,1
2013-12-30,WI,WI_3,0
2013-12-31,CA,CA_1,4
2013-12-31,CA,CA_2,0
2013-12-31,CA,CA_3,1
2013-12-31,CA,CA_4,1
2013-12-31,TX,TX_1,0
2013-12-31,TX,TX_2,2
2013-12-31,TX,TX_3,1
2013-12-31,WI,WI_1,3
2013-12-31,WI,WI_2,0
2013-12-31,WI,WI_3,0
2014-01-01,CA,CA_1,3
2014-01-01,CA,CA_2,0
2014-01-01,CA,CA_3,7
2014-01-01,CA,CA_4,0
2014-01-01,TX,TX_1,0
2014-01-01,TX,TX_2,1
2014-01-01,TX,TX_3,1
2014-01-01,WI,WI_1,1
2014-01-01,WI,WI_2,0
2014-01-01,WI,WI_3,3
2014-01-02,CA,CA_1,2
2014-01-02,CA,CA_2,0
2014-01-02,CA,CA_3,3
2014-01-02,CA,CA_4,0
2014-01-02,TX,TX_1,0
2014-01-02,TX,TX_2,1
2014-01-02,TX,TX_3,0
2014-01-02,WI,WI_1,1
2014-01-02,WI,WI_2,0
2014-01-02,WI,WI_3,1
2014-01-03,CA,CA_1,4
2014-01-03,CA,CA_2,3
2014-01-03,CA,CA_3,4
2014-01-03,CA,CA_4,4
2014-01-03,TX,TX_1,1
2014-01-03,TX,TX_2,2
2014-01-03,TX,TX_3,1
2014-01-03,WI,WI_1,3
2014-01-03,WI,WI_2,0
2014-01-03,WI,WI_3,2
2014-01-04,CA,CA_1,1
2014-01-04,CA,CA_2,0
2014-01-04,CA,CA_3,5
2014-01-04,CA,CA_4,1
2014-01-04,TX,TX_1,2
2014-01-04,TX,TX_2,0
2014-01-04,TX,TX_3,2
2014-01-04,WI,WI_1,6
2014-01-04,WI,WI_2,2
2014-01-04,WI,WI_3,8
2014-01-05,CA,CA_1,0
2014-01-05,CA,CA_2,3
2014-01-05,CA,CA_3,1
2014-01-05,CA,CA_4,4
2014-01-05,TX,TX_1,1
2014-01-05,TX,TX_2,0
2014-01-05,TX,TX_3,0
2014-01-05,WI,WI_1,6
2014-01-05,WI,WI_2,2
2014-01-05,WI,WI_3,6
2014-01-06,CA,CA_1,0
2014-01-06,CA,CA_2,7
2014-01-06,CA,CA_3,2
2014-01-06,CA,CA_4,3
2014-01-06,TX,TX_1,1
2014-01-06,TX,TX_2,0
2014-01-06,TX,TX_3,1
2014-01-06,WI,WI_1,0
2014-01-06,WI,WI_2,2
2014-01-06,WI,WI_3,4
2014-01-07,CA,CA_1,0
2014-01-07,CA,CA_2,1
2014-01-07,CA,CA_3,9
2014-01-07,CA,CA_4,0
2014-01-07,TX,TX_1,1
2014-01-07,TX,TX_2,0
2014-01-07,TX,TX_3,0
2014-01-07,WI,WI_1,3
2014-01-07,WI,WI_2,0
2014-01-07,WI,WI_3,2
2014-01-08,CA,CA_1,0
2014-01-08,CA,CA_2,0
2014-01-08,CA,CA_3,7
2014-01-08,CA,CA_4,0
2014-01-08,TX,TX_1,1
2014-01-08,TX,TX_2,0
2014-01-08,TX,TX_3,1
2014-01-08,WI,WI_1,6
2014-01-08,WI,WI_2,6
2014-01-08,WI,WI_3,3
2014-01-09,CA,CA_1,5
2014-01-09,CA,CA_2,4
2014-01-09,CA,CA_3,4
2014-01-09,CA,CA_4,2
2014-01-09,TX,TX_1,1
2014-01-09,TX,TX_2,0
2014-01-09,TX,TX_3,4
2014-01-09,WI,WI_1,6
2014-01-09,WI,WI_2,0
2014-01-09,WI,WI_3,3
2014-01-10,CA,CA_1,6
2014-01-10,CA,CA_2,1
2014-01-10,CA,CA_3,4
2014-01-10,CA,CA_4,0
2014-01-10,TX,TX_1,0
2014-01-10,TX,TX_2,0
2014-01-10,TX,TX_3,2
2014-01-10,WI,WI_1,9
2014-01-10,WI,WI_2,0
2014-01-10,WI,WI_3,3
2014-01-11,CA,CA_1,0
2014-01-11,CA,CA_2,1
2014-01-11,CA,CA_3,2
2014-01-11,CA,CA_4,0
2014-01-11,TX,TX_1,0
2014-01-11,TX,TX_2,0
2014-01-11,TX,TX_3,2
2014-01-11,WI,WI_1,0
2014-01-11,WI,WI_2,0
2014-01-11,WI,WI_3,3
2014-01-12,CA,CA_1,0
2014-01-12,CA,CA_2,5
2014-01-12,CA,CA_3,2
2014-01-12,CA,CA_4,0
2014-01-12,TX,TX_1,0
2014-01-12,TX,TX_2,0
2014-01-12,TX,TX_3,0
2014-01-12,WI,WI_1,5
2014-01-12,WI,WI_2,1
2014-01-12,WI,WI_3,2
2014-01-13,CA,CA_1,0
2014-01-13,CA,CA_2,4
2014-01-13,CA,CA_3,6
2014-01-13,CA,CA_4,0
2014-01-13,TX,TX_1,0
2014-01-13,TX,TX_2,1
2014-01-13,TX,TX_3,2
2014-01-13,WI,WI_1,4
2014-01-13,WI,WI_2,5
2014-01-13,WI,WI_3,3
2014-01-14,CA,CA_1,0
2014-01-14,CA,CA_2,9
2014-01-14,CA,CA_3,3
2014-01-14,CA,CA_4,5
2014-01-14,TX,TX_1,2
2014-01-14,TX,TX_2,2
2014-01-14,TX,TX_3,0
2014-01-14,WI,WI_1,3
2014-01-14,WI,WI_2,1
2014-01-14,WI,WI_3,6
2014-01-15,CA,CA_1,0
2014-01-15,CA,CA_2,0
2014-01-15,CA,CA_3,2
2014-01-15,CA,CA_4,0
2014-01-15,TX,TX_1,2
2014-01-15,TX,TX_2,1
2014-01-15,TX,TX_3,0
2014-01-15,WI,WI_1,0
2014-01-15,WI,WI_2,1
2014-01-15,WI,WI_3,1
2014-01-16,CA,CA_1,0
2014-01-16,CA,CA_2,0
2014-01-16,CA,CA_3,0
2014-01-16,CA,CA_4,1
2014-01-16,TX,TX_1,1
2014-01-16,TX,TX_2,0
2014-01-16,TX,TX_3,0
2014-01-16,WI,WI_1,6
2014-01-16,WI,WI_2,3
2014-01-16,WI,WI_3,2
2014-01-17,CA,CA_1,0
2014-01-17,CA,CA_2,0
2014-01-17,CA,CA_3,2
2014-01-17,CA,CA_4,4
2014-01-17,TX,TX_1,0
2014-01-17,TX,TX_2,0
2014-01-17,TX,TX_3,0
2014-01-17,WI,WI_1,2
2014-01-17,WI,WI_2,0
2014-01-17,WI,WI_3,3
2014-01-18,CA,CA_1,0
2014-01-18,CA,CA_2,2
2014-01-18,CA,CA_3,0
2014-01-18,CA,CA_4,0
2014-01-18,TX,TX_1,0
2014-01-18,TX,TX_2,0
2014-01-18,TX,TX_3,0
2014-01-18,WI,WI_1,4
2014-01-18,WI,WI_2,1
2014-01-18,WI,WI_3,2
2014-01-19,CA,CA_1,0
2014-01-19,CA,CA_2,2
2014-01-19,CA,CA_3,3
2014-01-19,CA,CA_4,0
2014-01-19,TX,TX_1,2
2014-01-19,TX,TX_2,0
2014-01-19,TX,TX_3,0
2014-01-19,WI,WI_1,2
2014-01-19,WI,WI_2,0
2014-01-19,WI,WI_3,3
2014-01-20,CA,CA_1,0
2014-01-20,CA,CA_2,0
2014-01-20,CA,CA_3,5
2014-01-20,CA,CA_4,0
2014-01-20,TX,TX_1,1
2014-01-20,TX,TX_2,0
2014-01-20,TX,TX_3,0
2014-01-20,WI,WI_1,3
2014-01-20,WI,WI_2,0
2014-01-20,WI,WI_3,4
2014-01-21,CA,CA_1,0
2014-01-21,CA,CA_2,0
2014-01-21,CA,CA_3,4
2014-01-21,CA,CA_4,0
2014-01-21,TX,TX_1,0
2014-01-21,TX,TX_2,0
2014-01-21,TX,TX_3,0
2014-01-21,WI,WI_1,8
2014-01-21,WI,WI_2,0
2014-01-21,WI,WI_3,4
2014-01-22,CA,CA_1,0
2014-01-22,CA,CA_2,1
2014-01-22,CA,CA_3,8
2014-01-22,CA,CA_4,7
2014-01-22,TX,TX_1,1
2014-01-22,TX,TX_2,0
2014-01-22,TX,TX_3,0
2014-01-22,WI,WI_1,6
2014-01-22,WI,WI_2,3
2014-01-22,WI,WI_3,0
2014-01-23,CA,CA_1,0
2014-01-23,CA,CA_2,3
2014-01-23,CA,CA_3,3
2014-01-23,CA,CA_4,1
2014-01-23,TX,TX_1,0
2014-01-23,TX,TX_2,0
2014-01-23,TX,TX_3,0
2014-01-23,WI,WI_1,5
2014-01-23,WI,WI_2,3
2014-01-23,WI,WI_3,0
2014-01-24,CA,CA_1,2
2014-01-24,CA,CA_2,0
2014-01-24,CA,CA_3,5
2014-01-24,CA,CA_4,0
2014-01-24,TX,TX_1,1
2014-01-24,TX,TX_2,0
2014-01-24,TX,TX_3,0
2014-01-24,WI,WI_1,0
2014-01-24,WI,WI_2,3
2014-01-24,WI,WI_3,3
2014-01-25,CA,CA_1,1
2014-01-25,CA,CA_2,1
2014-01-25,CA,CA_3,1
2014-01-25,CA,CA_4,0
2014-01-25,TX,TX_1,0
2014-01-25,TX,TX_2,2
2014-01-25,TX,TX_3,0
2014-01-25,WI,WI_1,1
2014-01-25,WI,WI_2,3
2014-01-25,WI,WI_3,6
2014-01-26,CA,CA_1,11
2014-01-26,CA,CA_2,1
2014-01-26,CA,CA_3,3
2014-01-26,CA,CA_4,0
2014-01-26,TX,TX_1,0
2014-01-26,TX,TX_2,1
2014-01-26,TX,TX_3,0
2014-01-26,WI,WI_1,0
2014-01-26,WI,WI_2,0
2014-01-26,WI,WI_3,3
2014-01-27,CA,CA_1,4
2014-01-27,CA,CA_2,2
2014-01-27,CA,CA_3,5
2014-01-27,CA,CA_4,3
2014-01-27,TX,TX_1,0
2014-01-27,TX,TX_2,0
2014-01-27,TX,TX_3,0
2014-01-27,WI,WI_1,1
2014-01-27,WI,WI_2,0
2014-01-27,WI,WI_3,0
2014-01-28,CA,CA_1,4
2014-01-28,CA,CA_2,2
2014-01-28,CA,CA_3,2
2014-01-28,CA,CA_4,0
2014-01-28,TX,TX_1,0
2014-01-28,TX,TX_2,1
2014-01-28,TX,TX_3,0
2014-01-28,WI,WI_1,5
2014-01-28,WI,WI_2,0
2014-01-28,WI,WI_3,2
2014-01-29,CA,CA_1,0
2014-01-29,CA,CA_2,0
2014-01-29,CA,CA_3,2
2014-01-29,CA,CA_4,0
2014-01-29,TX,TX_1,1
2014-01-29,TX,TX_2,0
2014-01-29,TX,TX_3,0
2014-01-29,WI,WI_1,5
2014-01-29,WI,WI_2,3
2014-01-29,WI,WI_3,1
2014-01-30,CA,CA_1,7
2014-01-30,CA,CA_2,0
2014-01-30,CA,CA_3,1
2014-01-30,CA,CA_4,1
2014-01-30,TX,TX_1,0
2014-01-30,TX,TX_2,2
2014-01-30,TX,TX_3,0
2014-01-30,WI,WI_1,0
2014-01-30,WI,WI_2,0
2014-01-30,WI,WI_3,2
2014-01-31,CA,CA_1,1
2014-01-31,CA,CA_2,1
2014-01-31,CA,CA_3,1
2014-01-31,CA,CA_4,0
2014-01-31,TX,TX_1,1
2014-01-31,TX,TX_2,2
2014-01-31,TX,TX_3,0
2014-01-31,WI,WI_1,2
2014-01-31,WI,WI_2,5
2014-01-31,WI,WI_3,4
2014-02-01,CA,CA_1,7
2014-02-01,CA,CA_2,3
2014-02-01,CA,CA_3,7
2014-02-01,CA,CA_4,5
2014-02-01,TX,TX_1,4
2014-02-01,TX,TX_2,1
2014-02-01,TX,TX_3,0
2014-02-01,WI,WI_1,1
2014-02-01,WI,WI_2,0
2014-02-01,WI,WI_3,0
2014-02-02,CA,CA_1,0
2014-02-02,CA,CA_2,2
2014-02-02,CA,CA_3,5
2014-02-02,CA,CA_4,4
2014-02-02,TX,TX_1,1
2014-02-02,TX,TX_2,0
2014-02-02,TX,TX_3,0
2014-02-02,WI,WI_1,0
2014-02-02,WI,WI_2,0
2014-02-02,WI,WI_3,3
2014-02-03,CA,CA_1,2
2014-02-03,CA,CA_2,2
2014-02-03,CA,CA_3,5
2014-02-03,CA,CA_4,3
2014-02-03,TX,TX_1,1
2014-02-03,TX,TX_2,1
2014-02-03,TX,TX_3,0
2014-02-03,WI,WI_1,2
2014-02-03,WI,WI_2,0
2014-02-03,WI,WI_3,12
2014-02-04,CA,CA_1,1
2014-02-04,CA,CA_2,1
2014-02-04,CA,CA_3,2
2014-02-04,CA,CA_4,0
2014-02-04,TX,TX_1,0
2014-02-04,TX,TX_2,5
2014-02-04,TX,TX_3,0
2014-02-04,WI,WI_1,4
2014-02-04,WI,WI_2,1
2014-02-04,WI,WI_3,0
2014-02-05,CA,CA_1,4
2014-02-05,CA,CA_2,1
2014-02-05,CA,CA_3,4
2014-02-05,CA,CA_4,0
2014-02-05,TX,TX_1,1
2014-02-05,TX,TX_2,0
2014-02-05,TX,TX_3,0
2014-02-05,WI,WI_1,5
2014-02-05,WI,WI_2,0
2014-02-05,WI,WI_3,0
2014-02-06,CA,CA_1,3
2014-02-06,CA,CA_2,0
2014-02-06,CA,CA_3,4
2014-02-06,CA,CA_4,0
2014-02-06,TX,TX_1,2
2014-02-06,TX,TX_2,0
2014-02-06,TX,TX_3,0
2014-02-06,WI,WI_1,5
2014-02-06,WI,WI_2,1
2014-02-06,WI,WI_3,0
2014-02-07,CA,CA_1,3
2014-02-07,CA,CA_2,4
2014-02-07,CA,CA_3,6
2014-02-07,CA,CA_4,0
2014-02-07,TX,TX_1,0
2014-02-07,TX,TX_2,0
2014-02-07,TX,TX_3,0
2014-02-07,WI,WI_1,3
2014-02-07,WI,WI_2,2
2014-02-07,WI,WI_3,0
2014-02-08,CA,CA_1,13
2014-02-08,CA,CA_2,1
2014-02-08,CA,CA_3,6
2014-02-08,CA,CA_4,1
2014-02-08,TX,TX_1,3
2014-02-08,TX,TX_2,0
2014-02-08,TX,TX_3,0
2014-02-08,WI,WI_1,4
2014-02-08,WI,WI_2,4
2014-02-08,WI,WI_3,6
2014-02-09,CA,CA_1,5
2014-02-09,CA,CA_2,1
2014-02-09,CA,CA_3,3
2014-02-09,CA,CA_4,0
2014-02-09,TX,TX_1,1
2014-02-09,TX,TX_2,1
2014-02-09,TX,TX_3,0
2014-02-09,WI,WI_1,3
2014-02-09,WI,WI_2,1
2014-02-09,WI,WI_3,13
2014-02-10,CA,CA_1,1
2014-02-10,CA,CA_2,0
2014-02-10,CA,CA_3,2
2014-02-10,CA,CA_4,0
2014-02-10,TX,TX_1,0
2014-02-10,TX,TX_2,0
2014-02-10,TX,TX_3,0
2014-02-10,WI,WI_1,5
2014-02-10,WI,WI_2,4
2014-02-10,WI,WI_3,2
2014-02-11,CA,CA_1,4
2014-02-11,CA,CA_2,1
2014-02-11,CA,CA_3,4
2014-02-11,CA,CA_4,0
2014-02-11,TX,TX_1,2
2014-02-11,TX,TX_2,3
2014-02-11,TX,TX_3,0
2014-02-11,WI,WI_1,2
2014-02-11,WI,WI_2,3
2014-02-11,WI,WI_3,2
2014-02-12,CA,CA_1,4
2014-02-12,CA,CA_2,2
2014-02-12,CA,CA_3,4
2014-02-12,CA,CA_4,1
2014-02-12,TX,TX_1,0
2014-02-12,TX,TX_2,1
2014-02-12,TX,TX_3,0
2014-02-12,WI,WI_1,3
2014-02-12,WI,WI_2,0
2014-02-12,WI,WI_3,1
2014-02-13,CA,CA_1,2
2014-02-13,CA,CA_2,1
2014-02-13,CA,CA_3,5
2014-02-13,CA,CA_4,2
2014-02-13,TX,TX_1,0
2014-02-13,TX,TX_2,0
2014-02-13,TX,TX_3,1
2014-02-13,WI,WI_1,5
2014-02-13,WI,WI_2,0
2014-02-13,WI,WI_3,1
2014-02-14,CA,CA_1,3
2014-02-14,CA,CA_2,7
2014-02-14,CA,CA_3,2
2014-02-14,CA,CA_4,9
2014-02-14,TX,TX_1,1
2014-02-14,TX,TX_2,1
2014-02-14,TX,TX_3,0
2014-02-14,WI,WI_1,4
2014-02-14,WI,WI_2,0
2014-02-14,WI,WI_3,0
2014-02-15,CA,CA_1,9
2014-02-15,CA,CA_2,4
2014-02-15,CA,CA_3,4
2014-02-15,CA,CA_4,1
2014-02-15,TX,TX_1,1
2014-02-15,TX,TX_2,2
2014-02-15,TX,TX_3,0
2014-02-15,WI,WI_1,3
2014-02-15,WI,WI_2,0
2014-02-15,WI,WI_3,4
2014-02-16,CA,CA_1,1
2014-02-16,CA,CA_2,2
2014-02-16,CA,CA_3,2
2014-02-16,CA,CA_4,1
2014-02-16,TX,TX_1,1
2014-02-16,TX,TX_2,1
2014-02-16,TX,TX_3,0
2014-02-16,WI,WI_1,1
2014-02-16,WI,WI_2,0
2014-02-16,WI,WI_3,5
2014-02-17,CA,CA_1,5
2014-02-17,CA,CA_2,2
2014-02-17,CA,CA_3,6
2014-02-17,CA,CA_4,0
2014-02-17,TX,TX_1,2
2014-02-17,TX,TX_2,3
2014-02-17,TX,TX_3,0
2014-02-17,WI,WI_1,2
2014-02-17,WI,WI_2,0
2014-02-17,WI,WI_3,1
2014-02-18,CA,CA_1,2
2014-02-18,CA,CA_2,2
2014-02-18,CA,CA_3,8
2014-02-18,CA,CA_4,1
2014-02-18,TX,TX_1,0
2014-02-18,TX,TX_2,1
2014-02-18,TX,TX_3,2
2014-02-18,WI,WI_1,3
2014-02-18,WI,WI_2,0
2014-02-18,WI,WI_3,0
2014-02-19,CA,CA_1,4
2014-02-19,CA,CA_2,0
2014-02-19,CA,CA_3,4
2014-02-19,CA,CA_4,0
2014-02-19,TX,TX_1,1
2014-02-19,TX,TX_2,0
2014-02-19,TX,TX_3,1
2014-02-19,WI,WI_1,3
2014-02-19,WI,WI_2,0
2014-02-19,WI,WI_3,0
2014-02-20,CA,CA_1,2
2014-02-20,CA,CA_2,0
2014-02-20,CA,CA_3,1
2014-02-20,CA,CA_4,0
2014-02-20,TX,TX_1,1
2014-02-20,TX,TX_2,0
2014-02-20,TX,TX_3,0
2014-02-20,WI,WI_1,6
2014-02-20,WI,WI_2,0
2014-02-20,WI,WI_3,0
2014-02-21,CA,CA_1,2
2014-02-21,CA,CA_2,0
2014-02-21,CA,CA_3,1
2014-02-21,CA,CA_4,0
2014-02-21,TX,TX_1,1
2014-02-21,TX,TX_2,0
2014-02-21,TX,TX_3,0
2014-02-21,WI,WI_1,3
2014-02-21,WI,WI_2,5
2014-02-21,WI,WI_3,1
2014-02-22,CA,CA_1,3
2014-02-22,CA,CA_2,5
2014-02-22,CA,CA_3,5
2014-02-22,CA,CA_4,3
2014-02-22,TX,TX_1,2
2014-02-22,TX,TX_2,0
2014-02-22,TX,TX_3,0
2014-02-22,WI,WI_1,3
2014-02-22,WI,WI_2,3
2014-02-22,WI,WI_3,2
2014-02-23,CA,CA_1,6
2014-02-23,CA,CA_2,1
2014-02-23,CA,CA_3,5
2014-02-23,CA,CA_4,1
2014-02-23,TX,TX_1,0
2014-02-23,TX,TX_2,2
2014-02-23,TX,TX_3,3
2014-02-23,WI,WI_1,1
2014-02-23,WI,WI_2,1
2014-02-23,WI,WI_3,9
2014-02-24,CA,CA_1,8
2014-02-24,CA,CA_2,0
2014-02-24,CA,CA_3,3
2014-02-24,CA,CA_4,1
2014-02-24,TX,TX_1,2
2014-02-24,TX,TX_2,0
2014-02-24,TX,TX_3,0
2014-02-24,WI,WI_1,3
2014-02-24,WI,WI_2,0
2014-02-24,WI,WI_3,0
2014-02-25,CA,CA_1,3
2014-02-25,CA,CA_2,2
2014-02-25,CA,CA_3,5
2014-02-25,CA,CA_4,2
2014-02-25,TX,TX_1,0
2014-02-25,TX,TX_2,0
2014-02-25,TX,TX_3,1
2014-02-25,WI,WI_1,4
2014-02-25,WI,WI_2,1
2014-02-25,WI,WI_3,3
2014-02-26,CA,CA_1,0
2014-02-26,CA,CA_2,1
2014-02-26,CA,CA_3,4
2014-02-26,CA,CA_4,0
2014-02-26,TX,TX_1,0
2014-02-26,TX,TX_2,1
2014-02-26,TX,TX_3,1
2014-02-26,WI,WI_1,1
2014-02-26,WI,WI_2,0
2014-02-26,WI,WI_3,1
2014-02-27,CA,CA_1,1
2014-02-27,CA,CA_2,2
2014-02-27,CA,CA_3,3
2014-02-27,CA,CA_4,1
2014-02-27,TX,TX_1,0
2014-02-27,TX,TX_2,0
2014-02-27,TX,TX_3,0
2014-02-27,WI,WI_1,1
2014-02-27,WI,WI_2,1
2014-02-27,WI,WI_3,0
2014-02-28,CA,CA_1,1
2014-02-28,CA,CA_2,1
2014-02-28,CA,CA_3,2
2014-02-28,CA,CA_4,0
2014-02-28,TX,TX_1,0
2014-02-28,TX,TX_2,1
2014-02-28,TX,TX_3,0
2014-02-28,WI,WI_1,4
2014-02-28,WI,WI_2,0
2014-02-28,WI,WI_3,1
2014-03-01,CA,CA_1,0
2014-03-01,CA,CA_2,1
2014-03-01,CA,CA_3,1
2014-03-01,CA,CA_4,0
2014-03-01,TX,TX_1,3
2014-03-01,TX,TX_2,2
2014-03-01,TX,TX_3,1
2014-03-01,WI,WI_1,3
2014-03-01,WI,WI_2,0
2014-03-01,WI,WI_3,2
2014-03-02,CA,CA_1,0
2014-03-02,CA,CA_2,0
2014-03-02,CA,CA_3,2
2014-03-02,CA,CA_4,0
2014-03-02,TX,TX_1,0
2014-03-02,TX,TX_2,1
2014-03-02,TX,TX_3,0
2014-03-02,WI,WI_1,4
2014-03-02,WI,WI_2,0
2014-03-02,WI,WI_3,2
2014-03-03,CA,CA_1,3
2014-03-03,CA,CA_2,0
2014-03-03,CA,CA_3,0
2014-03-03,CA,CA_4,2
2014-03-03,TX,TX_1,2
2014-03-03,TX,TX_2,1
2014-03-03,TX,TX_3,2
2014-03-03,WI,WI_1,0
2014-03-03,WI,WI_2,0
2014-03-03,WI,WI_3,4
2014-03-04,CA,CA_1,1
2014-03-04,CA,CA_2,0
2014-03-04,CA,CA_3,7
2014-03-04,CA,CA_4,3
2014-03-04,TX,TX_1,0
2014-03-04,TX,TX_2,0
2014-03-04,TX,TX_3,0
2014-03-04,WI,WI_1,4
2014-03-04,WI,WI_2,6
2014-03-04,WI,WI_3,1
2014-03-05,CA,CA_1,3
2014-03-05,CA,CA_2,1
2014-03-05,CA,CA_3,0
2014-03-05,CA,CA_4,0
2014-03-05,TX,TX_1,0
2014-03-05,TX,TX_2,1
2014-03-05,TX,TX_3,1
2014-03-05,WI,WI_1,3
2014-03-05,WI,WI_2,0
2014-03-05,WI,WI_3,0
2014-03-06,CA,CA_1,4
2014-03-06,CA,CA_2,0
2014-03-06,CA,CA_3,5
2014-03-06,CA,CA_4,0
2014-03-06,TX,TX_1,1
2014-03-06,TX,TX_2,1
2014-03-06,TX,TX_3,0
2014-03-06,WI,WI_1,7
2014-03-06,WI,WI_2,6
2014-03-06,WI,WI_3,2
2014-03-07,CA,CA_1,3
2014-03-07,CA,CA_2,3
2014-03-07,CA,CA_3,5
2014-03-07,CA,CA_4,0
2014-03-07,TX,TX_1,1
2014-03-07,TX,TX_2,0
2014-03-07,TX,TX_3,0
2014-03-07,WI,WI_1,1
2014-03-07,WI,WI_2,0
2014-03-07,WI,WI_3,4
2014-03-08,CA,CA_1,3
2014-03-08,CA,CA_2,7
2014-03-08,CA,CA_3,7
2014-03-08,CA,CA_4,1
2014-03-08,TX,TX_1,0
2014-03-08,TX,TX_2,0
2014-03-08,TX,TX_3,0
2014-03-08,WI,WI_1,2
2014-03-08,WI,WI_2,0
2014-03-08,WI,WI_3,4
2014-03-09,CA,CA_1,1
2014-03-09,CA,CA_2,0
2014-03-09,CA,CA_3,10
2014-03-09,CA,CA_4,6
2014-03-09,TX,TX_1,2
2014-03-09,TX,TX_2,0
2014-03-09,TX,TX_3,1
2014-03-09,WI,WI_1,2
2014-03-09,WI,WI_2,0
2014-03-09,WI,WI_3,1
2014-03-10,CA,CA_1,2
2014-03-10,CA,CA_2,3
2014-03-10,CA,CA_3,8
2014-03-10,CA,CA_4,0
2014-03-10,TX,TX_1,0
2014-03-10,TX,TX_2,3
2014-03-10,TX,TX_3,0
2014-03-10,WI,WI_1,2
2014-03-10,WI,WI_2,1
2014-03-10,WI,WI_3,0
2014-03-11,CA,CA_1,4
2014-03-11,CA,CA_2,0
2014-03-11,CA,CA_3,1
2014-03-11,CA,CA_4,1
2014-03-11,TX,TX_1,2
2014-03-11,TX,TX_2,0
2014-03-11,TX,TX_3,0
2014-03-11,WI,WI_1,6
2014-03-11,WI,WI_2,4
2014-03-11,WI,WI_3,7
2014-03-12,CA,CA_1,2
2014-03-12,CA,CA_2,2
2014-03-12,CA,CA_3,3
2014-03-12,CA,CA_4,1
2014-03-12,TX,TX_1,2
2014-03-12,TX,TX_2,0
2014-03-12,TX,TX_3,0
2014-03-12,WI,WI_1,7
2014-03-12,WI,WI_2,3
2014-03-12,WI,WI_3,2
2014-03-13,CA,CA_1,0
2014-03-13,CA,CA_2,1
2014-03-13,CA,CA_3,2
2014-03-13,CA,CA_4,3
2014-03-13,TX,TX_1,1
2014-03-13,TX,TX_2,6
2014-03-13,TX,TX_3,0
2014-03-13,WI,WI_1,4
2014-03-13,WI,WI_2,1
2014-03-13,WI,WI_3,0
2014-03-14,CA,CA_1,0
2014-03-14,CA,CA_2,0
2014-03-14,CA,CA_3,3
2014-03-14,CA,CA_4,0
2014-03-14,TX,TX_1,0
2014-03-14,TX,TX_2,0
2014-03-14,TX,TX_3,0
2014-03-14,WI,WI_1,1
2014-03-14,WI,WI_2,1
2014-03-14,WI,WI_3,4
2014-03-15,CA,CA_1,3
2014-03-15,CA,CA_2,0
2014-03-15,CA,CA_3,1
2014-03-15,CA,CA_4,2
2014-03-15,TX,TX_1,0
2014-03-15,TX,TX_2,1
2014-03-15,TX,TX_3,0
2014-03-15,WI,WI_1,5
2014-03-15,WI,WI_2,3
2014-03-15,WI,WI_3,0
2014-03-16,CA,CA_1,7
2014-03-16,CA,CA_2,0
2014-03-16,CA,CA_3,2
2014-03-16,CA,CA_4,0
2014-03-16,TX,TX_1,0
2014-03-16,TX,TX_2,3
2014-03-16,TX,TX_3,0
2014-03-16,WI,WI_1,6
2014-03-16,WI,WI_2,0
2014-03-16,WI,WI_3,0
2014-03-17,CA,CA_1,2
2014-03-17,CA,CA_2,5
2014-03-17,CA,CA_3,2
2014-03-17,CA,CA_4,2
2014-03-17,TX,TX_1,0
2014-03-17,TX,TX_2,3
2014-03-17,TX,TX_3,0
2014-03-17,WI,WI_1,4
2014-03-17,WI,WI_2,0
2014-03-17,WI,WI_3,4
2014-03-18,CA,CA_1,2
2014-03-18,CA,CA_2,2
2014-03-18,CA,CA_3,3
2014-03-18,CA,CA_4,1
2014-03-18,TX,TX_1,0
2014-03-18,TX,TX_2,0
2014-03-18,TX,TX_3,0
2014-03-18,WI,WI_1,5
2014-03-18,WI,WI_2,0
2014-03-18,WI,WI_3,1
2014-03-19,CA,CA_1,0
2014-03-19,CA,CA_2,1
2014-03-19,CA,CA_3,6
2014-03-19,CA,CA_4,0
2014-03-19,TX,TX_1,1
2014-03-19,TX,TX_2,1
2014-03-19,TX,TX_3,0
2014-03-19,WI,WI_1,8
2014-03-19,WI,WI_2,4
2014-03-19,WI,WI_3,5
2014-03-20,CA,CA_1,1
2014-03-20,CA,CA_2,1
2014-03-20,CA,CA_3,3
2014-03-20,CA,CA_4,2
2014-03-20,TX,TX_1,0
2014-03-20,TX,TX_2,0
2014-03-20,TX,TX_3,0
2014-03-20,WI,WI_1,5
2014-03-20,WI,WI_2,1
2014-03-20,WI,WI_3,1
2014-03-21,CA,CA_1,0
2014-03-21,CA,CA_2,6
2014-03-21,CA,CA_3,2
2014-03-21,CA,CA_4,0
2014-03-21,TX,TX_1,0
2014-03-21,TX,TX_2,1
2014-03-21,TX,TX_3,0
2014-03-21,WI,WI_1,0
2014-03-21,WI,WI_2,1
2014-03-21,WI,WI_3,5
2014-03-22,CA,CA_1,3
2014-03-22,CA,CA_2,3
2014-03-22,CA,CA_3,3
2014-03-22,CA,CA_4,1
2014-03-22,TX,TX_1,0
2014-03-22,TX,TX_2,3
2014-03-22,TX,TX_3,0
2014-03-22,WI,WI_1,5
2014-03-22,WI,WI_2,1
2014-03-22,WI,WI_3,3
2014-03-23,CA,CA_1,7
2014-03-23,CA,CA_2,0
2014-03-23,CA,CA_3,5
2014-03-23,CA,CA_4,0
2014-03-23,TX,TX_1,0
2014-03-23,TX,TX_2,1
2014-03-23,TX,TX_3,0
2014-03-23,WI,WI_1,1
2014-03-23,WI,WI_2,5
2014-03-23,WI,WI_3,0
2014-03-24,CA,CA_1,2
2014-03-24,CA,CA_2,2
2014-03-24,CA,CA_3,0
2014-03-24,CA,CA_4,0
2014-03-24,TX,TX_1,0
2014-03-24,TX,TX_2,1
2014-03-24,TX,TX_3,0
2014-03-24,WI,WI_1,2
2014-03-24,WI,WI_2,0
2014-03-24,WI,WI_3,4
2014-03-25,CA,CA_1,2
2014-03-25,CA,CA_2,3
2014-03-25,CA,CA_3,5
2014-03-25,CA,CA_4,1
2014-03-25,TX,TX_1,0
2014-03-25,TX,TX_2,1
2014-03-25,TX,TX_3,0
2014-03-25,WI,WI_1,3
2014-03-25,WI,WI_2,0
2014-03-25,WI,WI_3,0
2014-03-26,CA,CA_1,1
2014-03-26,CA,CA_2,3
2014-03-26,CA,CA_3,1
2014-03-26,CA,CA_4,0
2014-03-26,TX,TX_1,0
2014-03-26,TX,TX_2,1
2014-03-26,TX,TX_3,0
2014-03-26,WI,WI_1,2
2014-03-26,WI,WI_2,0
2014-03-26,WI,WI_3,0
2014-03-27,CA,CA_1,2
2014-03-27,CA,CA_2,3
2014-03-27,CA,CA_3,3
2014-03-27,CA,CA_4,2
2014-03-27,TX,TX_1,2
2014-03-27,TX,TX_2,1
2014-03-27,TX,TX_3,0
2014-03-27,WI,WI_1,3
2014-03-27,WI,WI_2,0
2014-03-27,WI,WI_3,2
2014-03-28,CA,CA_1,4
2014-03-28,CA,CA_2,3
2014-03-28,CA,CA_3,2
2014-03-28,CA,CA_4,1
2014-03-28,TX,TX_1,1
2014-03-28,TX,TX_2,2
2014-03-28,TX,TX_3,0
2014-03-28,WI,WI_1,5
2014-03-28,WI,WI_2,1
2014-03-28,WI,WI_3,1
2014-03-29,CA,CA_1,4
2014-03-29,CA,CA_2,1
2014-03-29,CA,CA_3,4
2014-03-29,CA,CA_4,0
2014-03-29,TX,TX_1,3
2014-03-29,TX,TX_2,0
2014-03-29,TX,TX_3,0
2014-03-29,WI,WI_1,7
2014-03-29,WI,WI_2,1
2014-03-29,WI,WI_3,2
2014-03-30,CA,CA_1,5
2014-03-30,CA,CA_2,1
2014-03-30,CA,CA_3,1
2014-03-30,CA,CA_4,0
2014-03-30,TX,TX_1,2
2014-03-30,TX,TX_2,2
2014-03-30,TX,TX_3,0
2014-03-30,WI,WI_1,1
2014-03-30,WI,WI_2,4
2014-03-30,WI,WI_3,1
2014-03-31,CA,CA_1,1
2014-03-31,CA,CA_2,2
2014-03-31,CA,CA_3,3
2014-03-31,CA,CA_4,0
2014-03-31,TX,TX_1,4
2014-03-31,TX,TX_2,1
2014-03-31,TX,TX_3,1
2014-03-31,WI,WI_1,4
2014-03-31,WI,WI_2,2
2014-03-31,WI,WI_3,4
2014-04-01,CA,CA_1,2
2014-04-01,CA,CA_2,3
2014-04-01,CA,CA_3,3
2014-04-01,CA,CA_4,4
2014-04-01,TX,TX_1,0
2014-04-01,TX,TX_2,1
2014-04-01,TX,TX_3,1
2014-04-01,WI,WI_1,6
2014-04-01,WI,WI_2,2
2014-04-01,WI,WI_3,2
2014-04-02,CA,CA_1,1
2014-04-02,CA,CA_2,3
2014-04-02,CA,CA_3,10
2014-04-02,CA,CA_4,0
2014-04-02,TX,TX_1,0
2014-04-02,TX,TX_2,1
2014-04-02,TX,TX_3,2
2014-04-02,WI,WI_1,2
2014-04-02,WI,WI_2,0
2014-04-02,WI,WI_3,3
2014-04-03,CA,CA_1,1
2014-04-03,CA,CA_2,1
2014-04-03,CA,CA_3,5
2014-04-03,CA,CA_4,0
2014-04-03,TX,TX_1,1
2014-04-03,TX,TX_2,2
2014-04-03,TX,TX_3,2
2014-04-03,WI,WI_1,3
2014-04-03,WI,WI_2,1
2014-04-03,WI,WI_3,5
2014-04-04,CA,CA_1,2
2014-04-04,CA,CA_2,0
2014-04-04,CA,CA_3,5
2014-04-04,CA,CA_4,0
2014-04-04,TX,TX_1,1
2014-04-04,TX,TX_2,0
2014-04-04,TX,TX_3,0
2014-04-04,WI,WI_1,8
2014-04-04,WI,WI_2,0
2014-04-04,WI,WI_3,10
2014-04-05,CA,CA_1,2
2014-04-05,CA,CA_2,0
2014-04-05,CA,CA_3,3
2014-04-05,CA,CA_4,1
2014-04-05,TX,TX_1,3
2014-04-05,TX,TX_2,0
2014-04-05,TX,TX_3,1
2014-04-05,WI,WI_1,2
2014-04-05,WI,WI_2,0
2014-04-05,WI,WI_3,2
2014-04-06,CA,CA_1,5
2014-04-06,CA,CA_2,2
2014-04-06,CA,CA_3,8
2014-04-06,CA,CA_4,2
2014-04-06,TX,TX_1,0
2014-04-06,TX,TX_2,1
2014-04-06,TX,TX_3,4
2014-04-06,WI,WI_1,3
2014-04-06,WI,WI_2,2
2014-04-06,WI,WI_3,0
2014-04-07,CA,CA_1,7
2014-04-07,CA,CA_2,1
2014-04-07,CA,CA_3,1
2014-04-07,CA,CA_4,1
2014-04-07,TX,TX_1,2
2014-04-07,TX,TX_2,0
2014-04-07,TX,TX_3,0
2014-04-07,WI,WI_1,0
2014-04-07,WI,WI_2,4
2014-04-07,WI,WI_3,3
2014-04-08,CA,CA_1,1
2014-04-08,CA,CA_2,0
2014-04-08,CA,CA_3,2
2014-04-08,CA,CA_4,0
2014-04-08,TX,TX_1,0
2014-04-08,TX,TX_2,0
2014-04-08,TX,TX_3,0
2014-04-08,WI,WI_1,7
2014-04-08,WI,WI_2,0
2014-04-08,WI,WI_3,1
2014-04-09,CA,CA_1,2
2014-04-09,CA,CA_2,3
2014-04-09,CA,CA_3,3
2014-04-09,CA,CA_4,0
2014-04-09,TX,TX_1,1
2014-04-09,TX,TX_2,0
2014-04-09,TX,TX_3,0
2014-04-09,WI,WI_1,4
2014-04-09,WI,WI_2,0
2014-04-09,WI,WI_3,1
2014-04-10,CA,CA_1,4
2014-04-10,CA,CA_2,2
2014-04-10,CA,CA_3,1
2014-04-10,CA,CA_4,0
2014-04-10,TX,TX_1,0
2014-04-10,TX,TX_2,0
2014-04-10,TX,TX_3,0
2014-04-10,WI,WI_1,2
2014-04-10,WI,WI_2,1
2014-04-10,WI,WI_3,3
2014-04-11,CA,CA_1,0
2014-04-11,CA,CA_2,4
2014-04-11,CA,CA_3,4
2014-04-11,CA,CA_4,0
2014-04-11,TX,TX_1,2
2014-04-11,TX,TX_2,0
2014-04-11,TX,TX_3,2
2014-04-11,WI,WI_1,3
2014-04-11,WI,WI_2,4
2014-04-11,WI,WI_3,2
2014-04-12,CA,CA_1,1
2014-04-12,CA,CA_2,3
2014-04-12,CA,CA_3,2
2014-04-12,CA,CA_4,1
2014-04-12,TX,TX_1,1
2014-04-12,TX,TX_2,1
2014-04-12,TX,TX_3,0
2014-04-12,WI,WI_1,7
2014-04-12,WI,WI_2,2
2014-04-12,WI,WI_3,1
2014-04-13,CA,CA_1,9
2014-04-13,CA,CA_2,0
2014-04-13,CA,CA_3,4
2014-04-13,CA,CA_4,0
2014-04-13,TX,TX_1,2
2014-04-13,TX,TX_2,0
2014-04-13,TX,TX_3,1
2014-04-13,WI,WI_1,2
2014-04-13,WI,WI_2,0
2014-04-13,WI,WI_3,2
2014-04-14,CA,CA_1,0
2014-04-14,CA,CA_2,0
2014-04-14,CA,CA_3,4
2014-04-14,CA,CA_4,0
2014-04-14,TX,TX_1,1
2014-04-14,TX,TX_2,1
2014-04-14,TX,TX_3,1
2014-04-14,WI,WI_1,3
2014-04-14,WI,WI_2,0
2014-04-14,WI,WI_3,4
2014-04-15,CA,CA_1,0
2014-04-15,CA,CA_2,0
2014-04-15,CA,CA_3,3
2014-04-15,CA,CA_4,0
2014-04-15,TX,TX_1,0
2014-04-15,TX,TX_2,1
2014-04-15,TX,TX_3,2
2014-04-15,WI,WI_1,1
2014-04-15,WI,WI_2,0
2014-04-15,WI,WI_3,3
2014-04-16,CA,CA_1,1
2014-04-16,CA,CA_2,0
2014-04-16,CA,CA_3,0
2014-04-16,CA,CA_4,0
2014-04-16,TX,TX_1,1
2014-04-16,TX,TX_2,0
2014-04-16,TX,TX_3,2
2014-04-16,WI,WI_1,13
2014-04-16,WI,WI_2,5
2014-04-16,WI,WI_3,5
2014-04-17,CA,CA_1,5
2014-04-17,CA,CA_2,0
2014-04-17,CA,CA_3,1
2014-04-17,CA,CA_4,0
2014-04-17,TX,TX_1,0
2014-04-17,TX,TX_2,1
2014-04-17,TX,TX_3,1
2014-04-17,WI,WI_1,1
2014-04-17,WI,WI_2,1
2014-04-17,WI,WI_3,2
2014-04-18,CA,CA_1,6
2014-04-18,CA,CA_2,1
2014-04-18,CA,CA_3,2
2014-04-18,CA,CA_4,1
2014-04-18,TX,TX_1,0
2014-04-18,TX,TX_2,0
2014-04-18,TX,TX_3,1
2014-04-18,WI,WI_1,2
2014-04-18,WI,WI_2,0
2014-04-18,WI,WI_3,0
2014-04-19,CA,CA_1,6
2014-04-19,CA,CA_2,3
2014-04-19,CA,CA_3,5
2014-04-19,CA,CA_4,0
2014-04-19,TX,TX_1,0
2014-04-19,TX,TX_2,1
2014-04-19,TX,TX_3,0
2014-04-19,WI,WI_1,9
2014-04-19,WI,WI_2,3
2014-04-19,WI,WI_3,0
2014-04-20,CA,CA_1,0
2014-04-20,CA,CA_2,4
2014-04-20,CA,CA_3,3
2014-04-20,CA,CA_4,0
2014-04-20,TX,TX_1,1
2014-04-20,TX,TX_2,2
2014-04-20,TX,TX_3,0
2014-04-20,WI,WI_1,2
2014-04-20,WI,WI_2,0
2014-04-20,WI,WI_3,0
2014-04-21,CA,CA_1,0
2014-04-21,CA,CA_2,2
2014-04-21,CA,CA_3,3
2014-04-21,CA,CA_4,2
2014-04-21,TX,TX_1,1
2014-04-21,TX,TX_2,2
2014-04-21,TX,TX_3,0
2014-04-21,WI,WI_1,1
2014-04-21,WI,WI_2,0
2014-04-21,WI,WI_3,0
2014-04-22,CA,CA_1,1
2014-04-22,CA,CA_2,2
2014-04-22,CA,CA_3,2
2014-04-22,CA,CA_4,0
2014-04-22,TX,TX_1,0
2014-04-22,TX,TX_2,0
2014-04-22,TX,TX_3,1
2014-04-22,WI,WI_1,2
2014-04-22,WI,WI_2,3
2014-04-22,WI,WI_3,3
2014-04-23,CA,CA_1,1
2014-04-23,CA,CA_2,0
2014-04-23,CA,CA_3,1
2014-04-23,CA,CA_4,0
2014-04-23,TX,TX_1,0
2014-04-23,TX,TX_2,0
2014-04-23,TX,TX_3,3
2014-04-23,WI,WI_1,2
2014-04-23,WI,WI_2,0
2014-04-23,WI,WI_3,0
2014-04-24,CA,CA_1,1
2014-04-24,CA,CA_2,2
2014-04-24,CA,CA_3,7
2014-04-24,CA,CA_4,0
2014-04-24,TX,TX_1,1
2014-04-24,TX,TX_2,1
2014-04-24,TX,TX_3,1
2014-04-24,WI,WI_1,3
2014-04-24,WI,WI_2,0
2014-04-24,WI,WI_3,0
2014-04-25,CA,CA_1,0
2014-04-25,CA,CA_2,2
2014-04-25,CA,CA_3,3
2014-04-25,CA,CA_4,3
2014-04-25,TX,TX_1,0
2014-04-25,TX,TX_2,0
2014-04-25,TX,TX_3,1
2014-04-25,WI,WI_1,1
2014-04-25,WI,WI_2,0
2014-04-25,WI,WI_3,2
2014-04-26,CA,CA_1,3
2014-04-26,CA,CA_2,1
2014-04-26,CA,CA_3,0
2014-04-26,CA,CA_4,1
2014-04-26,TX,TX_1,0
2014-04-26,TX,TX_2,0
2014-04-26,TX,TX_3,0
2014-04-26,WI,WI_1,6
2014-04-26,WI,WI_2,0
2014-04-26,WI,WI_3,1
2014-04-27,CA,CA_1,1
2014-04-27,CA,CA_2,0
2014-04-27,CA,CA_3,1
2014-04-27,CA,CA_4,0
2014-04-27,TX,TX_1,1
2014-04-27,TX,TX_2,1
2014-04-27,TX,TX_3,1
2014-04-27,WI,WI_1,4
2014-04-27,WI,WI_2,4
2014-04-27,WI,WI_3,2
2014-04-28,CA,CA_1,0
2014-04-28,CA,CA_2,0
2014-04-28,CA,CA_3,2
2014-04-28,CA,CA_4,0
2014-04-28,TX,TX_1,0
2014-04-28,TX,TX_2,0
2014-04-28,TX,TX_3,3
2014-04-28,WI,WI_1,4
2014-04-28,WI,WI_2,0
2014-04-28,WI,WI_3,0
2014-04-29,CA,CA_1,0
2014-04-29,CA,CA_2,0
2014-04-29,CA,CA_3,1
2014-04-29,CA,CA_4,3
2014-04-29,TX,TX_1,0
2014-04-29,TX,TX_2,2
2014-04-29,TX,TX_3,0
2014-04-29,WI,WI_1,4
2014-04-29,WI,WI_2,0
2014-04-29,WI,WI_3,1
2014-04-30,CA,CA_1,2
2014-04-30,CA,CA_2,2
2014-04-30,CA,CA_3,1
2014-04-30,CA,CA_4,2
2014-04-30,TX,TX_1,1
2014-04-30,TX,TX_2,0
2014-04-30,TX,TX_3,0
2014-04-30,WI,WI_1,3
2014-04-30,WI,WI_2,0
2014-04-30,WI,WI_3,0
2014-05-01,CA,CA_1,5
2014-05-01,CA,CA_2,2
2014-05-01,CA,CA_3,4
2014-05-01,CA,CA_4,3
2014-05-01,TX,TX_1,3
2014-05-01,TX,TX_2,0
2014-05-01,TX,TX_3,0
2014-05-01,WI,WI_1,0
2014-05-01,WI,WI_2,1
2014-05-01,WI,WI_3,2
2014-05-02,CA,CA_1,5
2014-05-02,CA,CA_2,4
2014-05-02,CA,CA_3,3
2014-05-02,CA,CA_4,0
2014-05-02,TX,TX_1,0
2014-05-02,TX,TX_2,1
2014-05-02,TX,TX_3,0
2014-05-02,WI,WI_1,3
2014-05-02,WI,WI_2,1
2014-05-02,WI,WI_3,7
2014-05-03,CA,CA_1,9
2014-05-03,CA,CA_2,6
2014-05-03,CA,CA_3,9
2014-05-03,CA,CA_4,1
2014-05-03,TX,TX_1,0
2014-05-03,TX,TX_2,0
2014-05-03,TX,TX_3,1
2014-05-03,WI,WI_1,3
2014-05-03,WI,WI_2,1
2014-05-03,WI,WI_3,3
2014-05-04,CA,CA_1,2
2014-05-04,CA,CA_2,6
2014-05-04,CA,CA_3,3
2014-05-04,CA,CA_4,1
2014-05-04,TX,TX_1,1
2014-05-04,TX,TX_2,0
2014-05-04,TX,TX_3,4
2014-05-04,WI,WI_1,4
2014-05-04,WI,WI_2,0
2014-05-04,WI,WI_3,1
2014-05-05,CA,CA_1,5
2014-05-05,CA,CA_2,3
2014-05-05,CA,CA_3,7
2014-05-05,CA,CA_4,1
2014-05-05,TX,TX_1,0
2014-05-05,TX,TX_2,1
2014-05-05,TX,TX_3,1
2014-05-05,WI,WI_1,2
2014-05-05,WI,WI_2,0
2014-05-05,WI,WI_3,2
2014-05-06,CA,CA_1,6
2014-05-06,CA,CA_2,4
2014-05-06,CA,CA_3,7
2014-05-06,CA,CA_4,0
2014-05-06,TX,TX_1,0
2014-05-06,TX,TX_2,2
2014-05-06,TX,TX_3,0
2014-05-06,WI,WI_1,6
2014-05-06,WI,WI_2,0
2014-05-06,WI,WI_3,0
2014-05-07,CA,CA_1,1
2014-05-07,CA,CA_2,4
2014-05-07,CA,CA_3,7
2014-05-07,CA,CA_4,0
2014-05-07,TX,TX_1,0
2014-05-07,TX,TX_2,0
2014-05-07,TX,TX_3,4
2014-05-07,WI,WI_1,1
2014-05-07,WI,WI_2,0
2014-05-07,WI,WI_3,0
2014-05-08,CA,CA_1,7
2014-05-08,CA,CA_2,0
2014-05-08,CA,CA_3,3
2014-05-08,CA,CA_4,2
2014-05-08,TX,TX_1,0
2014-05-08,TX,TX_2,3
2014-05-08,TX,TX_3,3
2014-05-08,WI,WI_1,5
2014-05-08,WI,WI_2,0
2014-05-08,WI,WI_3,4
2014-05-09,CA,CA_1,0
2014-05-09,CA,CA_2,2
2014-05-09,CA,CA_3,2
2014-05-09,CA,CA_4,1
2014-05-09,TX,TX_1,0
2014-05-09,TX,TX_2,0
2014-05-09,TX,TX_3,0
2014-05-09,WI,WI_1,0
2014-05-09,WI,WI_2,0
2014-05-09,WI,WI_3,1
2014-05-10,CA,CA_1,2
2014-05-10,CA,CA_2,4
2014-05-10,CA,CA_3,3
2014-05-10,CA,CA_4,1
2014-05-10,TX,TX_1,2
2014-05-10,TX,TX_2,0
2014-05-10,TX,TX_3,0
2014-05-10,WI,WI_1,0
2014-05-10,WI,WI_2,2
2014-05-10,WI,WI_3,1
2014-05-11,CA,CA_1,5
2014-05-11,CA,CA_2,8
2014-05-11,CA,CA_3,4
2014-05-11,CA,CA_4,0
2014-05-11,TX,TX_1,0
2014-05-11,TX,TX_2,1
2014-05-11,TX,TX_3,1
2014-05-11,WI,WI_1,0
2014-05-11,WI,WI_2,0
2014-05-11,WI,WI_3,5
2014-05-12,CA,CA_1,5
2014-05-12,CA,CA_2,2
2014-05-12,CA,CA_3,3
2014-05-12,CA,CA_4,0
2014-05-12,TX,TX_1,0
2014-05-12,TX,TX_2,0
2014-05-12,TX,TX_3,3
2014-05-12,WI,WI_1,0
2014-05-12,WI,WI_2,0
2014-05-12,WI,WI_3,1
2014-05-13,CA,CA_1,2
2014-05-13,CA,CA_2,0
2014-05-13,CA,CA_3,0
2014-05-13,CA,CA_4,0
2014-05-13,TX,TX_1,5
2014-05-13,TX,TX_2,1
2014-05-13,TX,TX_3,1
2014-05-13,WI,WI_1,0
2014-05-13,WI,WI_2,0
2014-05-13,WI,WI_3,3
2014-05-14,CA,CA_1,3
2014-05-14,CA,CA_2,3
2014-05-14,CA,CA_3,2
2014-05-14,CA,CA_4,1
2014-05-14,TX,TX_1,0
2014-05-14,TX,TX_2,0
2014-05-14,TX,TX_3,1
2014-05-14,WI,WI_1,1
2014-05-14,WI,WI_2,0
2014-05-14,WI,WI_3,2
2014-05-15,CA,CA_1,0
2014-05-15,CA,CA_2,1
2014-05-15,CA,CA_3,4
2014-05-15,CA,CA_4,0
2014-05-15,TX,TX_1,1
2014-05-15,TX,TX_2,1
2014-05-15,TX,TX_3,0
2014-05-15,WI,WI_1,3
2014-05-15,WI,WI_2,0
2014-05-15,WI,WI_3,2
2014-05-16,CA,CA_1,4
2014-05-16,CA,CA_2,1
2014-05-16,CA,CA_3,1
2014-05-16,CA,CA_4,0
2014-05-16,TX,TX_1,0
2014-05-16,TX,TX_2,0
2014-05-16,TX,TX_3,3
2014-05-16,WI,WI_1,6
2014-05-16,WI,WI_2,1
2014-05-16,WI,WI_3,5
2014-05-17,CA,CA_1,1
2014-05-17,CA,CA_2,6
2014-05-17,CA,CA_3,7
2014-05-17,CA,CA_4,0
2014-05-17,TX,TX_1,0
2014-05-17,TX,TX_2,0
2014-05-17,TX,TX_3,0
2014-05-17,WI,WI_1,3
2014-05-17,WI,WI_2,0
2014-05-17,WI,WI_3,5
2014-05-18,CA,CA_1,1
2014-05-18,CA,CA_2,1
2014-05-18,CA,CA_3,3
2014-05-18,CA,CA_4,1
2014-05-18,TX,TX_1,0
2014-05-18,TX,TX_2,4
2014-05-18,TX,TX_3,2
2014-05-18,WI,WI_1,4
2014-05-18,WI,WI_2,0
2014-05-18,WI,WI_3,1
2014-05-19,CA,CA_1,7
2014-05-19,CA,CA_2,1
2014-05-19,CA,CA_3,0
2014-05-19,CA,CA_4,1
2014-05-19,TX,TX_1,0
2014-05-19,TX,TX_2,2
2014-05-19,TX,TX_3,3
2014-05-19,WI,WI_1,4
2014-05-19,WI,WI_2,0
2014-05-19,WI,WI_3,1
2014-05-20,CA,CA_1,3
2014-05-20,CA,CA_2,3
2014-05-20,CA,CA_3,1
2014-05-20,CA,CA_4,1
2014-05-20,TX,TX_1,0
2014-05-20,TX,TX_2,0
2014-05-20,TX,TX_3,2
2014-05-20,WI,WI_1,8
2014-05-20,WI,WI_2,0
2014-05-20,WI,WI_3,1
2014-05-21,CA,CA_1,0
2014-05-21,CA,CA_2,0
2014-05-21,CA,CA_3,0
2014-05-21,CA,CA_4,1
2014-05-21,TX,TX_1,0
2014-05-21,TX,TX_2,0
2014-05-21,TX,TX_3,0
2014-05-21,WI,WI_1,4
2014-05-21,WI,WI_2,0
2014-05-21,WI,WI_3,0
2014-05-22,CA,CA_1,4
2014-05-22,CA,CA_2,4
2014-05-22,CA,CA_3,2
2014-05-22,CA,CA_4,0
2014-05-22,TX,TX_1,1
2014-05-22,TX,TX_2,1
2014-05-22,TX,TX_3,0
2014-05-22,WI,WI_1,2
2014-05-22,WI,WI_2,0
2014-05-22,WI,WI_3,0
2014-05-23,CA,CA_1,0
2014-05-23,CA,CA_2,0
2014-05-23,CA,CA_3,1
2014-05-23,CA,CA_4,1
2014-05-23,TX,TX_1,0
2014-05-23,TX,TX_2,1
2014-05-23,TX,TX_3,1
2014-05-23,WI,WI_1,1
2014-05-23,WI,WI_2,0
2014-05-23,WI,WI_3,1
2014-05-24,CA,CA_1,8
2014-05-24,CA,CA_2,2
2014-05-24,CA,CA_3,2
2014-05-24,CA,CA_4,1
2014-05-24,TX,TX_1,1
2014-05-24,TX,TX_2,0
2014-05-24,TX,TX_3,4
2014-05-24,WI,WI_1,7
2014-05-24,WI,WI_2,0
2014-05-24,WI,WI_3,1
2014-05-25,CA,CA_1,2
2014-05-25,CA,CA_2,3
2014-05-25,CA,CA_3,1
2014-05-25,CA,CA_4,0
2014-05-25,TX,TX_1,2
2014-05-25,TX,TX_2,0
2014-05-25,TX,TX_3,0
2014-05-25,WI,WI_1,4
2014-05-25,WI,WI_2,1
2014-05-25,WI,WI_3,2
2014-05-26,CA,CA_1,6
2014-05-26,CA,CA_2,0
2014-05-26,CA,CA_3,1
2014-05-26,CA,CA_4,1
2014-05-26,TX,TX_1,1
2014-05-26,TX,TX_2,0
2014-05-26,TX,TX_3,0
2014-05-26,WI,WI_1,5
2014-05-26,WI,WI_2,0
2014-05-26,WI,WI_3,0
2014-05-27,CA,CA_1,2
2014-05-27,CA,CA_2,1
2014-05-27,CA,CA_3,3
2014-05-27,CA,CA_4,1
2014-05-27,TX,TX_1,1
2014-05-27,TX,TX_2,1
2014-05-27,TX,TX_3,2
2014-05-27,WI,WI_1,1
2014-05-27,WI,WI_2,0
2014-05-27,WI,WI_3,1
2014-05-28,CA,CA_1,1
2014-05-28,CA,CA_2,6
2014-05-28,CA,CA_3,6
2014-05-28,CA,CA_4,2
2014-05-28,TX,TX_1,0
2014-05-28,TX,TX_2,2
2014-05-28,TX,TX_3,0
2014-05-28,WI,WI_1,0
2014-05-28,WI,WI_2,0
2014-05-28,WI,WI_3,1
2014-05-29,CA,CA_1,4
2014-05-29,CA,CA_2,2
2014-05-29,CA,CA_3,2
2014-05-29,CA,CA_4,0
2014-05-29,TX,TX_1,0
2014-05-29,TX,TX_2,0
2014-05-29,TX,TX_3,0
2014-05-29,WI,WI_1,9
2014-05-29,WI,WI_2,1
2014-05-29,WI,WI_3,1
2014-05-30,CA,CA_1,3
2014-05-30,CA,CA_2,12
2014-05-30,CA,CA_3,5
2014-05-30,CA,CA_4,0
2014-05-30,TX,TX_1,1
2014-05-30,TX,TX_2,0
2014-05-30,TX,TX_3,0
2014-05-30,WI,WI_1,2
2014-05-30,WI,WI_2,0
2014-05-30,WI,WI_3,7
2014-05-31,CA,CA_1,6
2014-05-31,CA,CA_2,3
2014-05-31,CA,CA_3,1
2014-05-31,CA,CA_4,2
2014-05-31,TX,TX_1,2
2014-05-31,TX,TX_2,0
2014-05-31,TX,TX_3,1
2014-05-31,WI,WI_1,4
2014-05-31,WI,WI_2,2
2014-05-31,WI,WI_3,5
2014-06-01,CA,CA_1,1
2014-06-01,CA,CA_2,4
2014-06-01,CA,CA_3,4
2014-06-01,CA,CA_4,0
2014-06-01,TX,TX_1,2
2014-06-01,TX,TX_2,0
2014-06-01,TX,TX_3,1
2014-06-01,WI,WI_1,3
2014-06-01,WI,WI_2,2
2014-06-01,WI,WI_3,1
2014-06-02,CA,CA_1,2
2014-06-02,CA,CA_2,2
2014-06-02,CA,CA_3,4
2014-06-02,CA,CA_4,1
2014-06-02,TX,TX_1,0
2014-06-02,TX,TX_2,0
2014-06-02,TX,TX_3,1
2014-06-02,WI,WI_1,3
2014-06-02,WI,WI_2,0
2014-06-02,WI,WI_3,10
2014-06-03,CA,CA_1,6
2014-06-03,CA,CA_2,0
2014-06-03,CA,CA_3,5
2014-06-03,CA,CA_4,1
2014-06-03,TX,TX_1,1
2014-06-03,TX,TX_2,3
2014-06-03,TX,TX_3,2
2014-06-03,WI,WI_1,3
2014-06-03,WI,WI_2,0
2014-06-03,WI,WI_3,4
2014-06-04,CA,CA_1,3
2014-06-04,CA,CA_2,1
2014-06-04,CA,CA_3,5
2014-06-04,CA,CA_4,1
2014-06-04,TX,TX_1,0
2014-06-04,TX,TX_2,0
2014-06-04,TX,TX_3,1
2014-06-04,WI,WI_1,3
2014-06-04,WI,WI_2,1
2014-06-04,WI,WI_3,1
2014-06-05,CA,CA_1,2
2014-06-05,CA,CA_2,2
2014-06-05,CA,CA_3,5
2014-06-05,CA,CA_4,0
2014-06-05,TX,TX_1,0
2014-06-05,TX,TX_2,0
2014-06-05,TX,TX_3,2
2014-06-05,WI,WI_1,1
2014-06-05,WI,WI_2,1
2014-06-05,WI,WI_3,2
2014-06-06,CA,CA_1,2
2014-06-06,CA,CA_2,0
2014-06-06,CA,CA_3,0
2014-06-06,CA,CA_4,0
2014-06-06,TX,TX_1,1
2014-06-06,TX,TX_2,2
2014-06-06,TX,TX_3,3
2014-06-06,WI,WI_1,5
2014-06-06,WI,WI_2,2
2014-06-06,WI,WI_3,1
2014-06-07,CA,CA_1,5
2014-06-07,CA,CA_2,1
2014-06-07,CA,CA_3,2
2014-06-07,CA,CA_4,1
2014-06-07,TX,TX_1,1
2014-06-07,TX,TX_2,0
2014-06-07,TX,TX_3,2
2014-06-07,WI,WI_1,0
2014-06-07,WI,WI_2,1
2014-06-07,WI,WI_3,2
2014-06-08,CA,CA_1,2
2014-06-08,CA,CA_2,2
2014-06-08,CA,CA_3,8
2014-06-08,CA,CA_4,0
2014-06-08,TX,TX_1,0
2014-06-08,TX,TX_2,1
2014-06-08,TX,TX_3,0
2014-06-08,WI,WI_1,6
2014-06-08,WI,WI_2,0
2014-06-08,WI,WI_3,4
2014-06-09,CA,CA_1,1
2014-06-09,CA,CA_2,0
2014-06-09,CA,CA_3,2
2014-06-09,CA,CA_4,1
2014-06-09,TX,TX_1,2
2014-06-09,TX,TX_2,2
2014-06-09,TX,TX_3,0
2014-06-09,WI,WI_1,2
2014-06-09,WI,WI_2,0
2014-06-09,WI,WI_3,2
2014-06-10,CA,CA_1,1
2014-06-10,CA,CA_2,7
2014-06-10,CA,CA_3,7
2014-06-10,CA,CA_4,0
2014-06-10,TX,TX_1,0
2014-06-10,TX,TX_2,0
2014-06-10,TX,TX_3,0
2014-06-10,WI,WI_1,2
2014-06-10,WI,WI_2,0
2014-06-10,WI,WI_3,2
2014-06-11,CA,CA_1,0
2014-06-11,CA,CA_2,0
2014-06-11,CA,CA_3,2
2014-06-11,CA,CA_4,0
2014-06-11,TX,TX_1,1
2014-06-11,TX,TX_2,0
2014-06-11,TX,TX_3,2
2014-06-11,WI,WI_1,5
2014-06-11,WI,WI_2,0
2014-06-11,WI,WI_3,1
2014-06-12,CA,CA_1,2
2014-06-12,CA,CA_2,0
2014-06-12,CA,CA_3,3
2014-06-12,CA,CA_4,1
2014-06-12,TX,TX_1,0
2014-06-12,TX,TX_2,0
2014-06-12,TX,TX_3,1
2014-06-12,WI,WI_1,7
2014-06-12,WI,WI_2,0
2014-06-12,WI,WI_3,0
2014-06-13,CA,CA_1,2
2014-06-13,CA,CA_2,0
2014-06-13,CA,CA_3,8
2014-06-13,CA,CA_4,2
2014-06-13,TX,TX_1,0
2014-06-13,TX,TX_2,1
2014-06-13,TX,TX_3,0
2014-06-13,WI,WI_1,1
2014-06-13,WI,WI_2,2
2014-06-13,WI,WI_3,1
2014-06-14,CA,CA_1,4
2014-06-14,CA,CA_2,0
2014-06-14,CA,CA_3,3
2014-06-14,CA,CA_4,15
2014-06-14,TX,TX_1,0
2014-06-14,TX,TX_2,1
2014-06-14,TX,TX_3,8
2014-06-14,WI,WI_1,2
2014-06-14,WI,WI_2,1
2014-06-14,WI,WI_3,2
2014-06-15,CA,CA_1,0
2014-06-15,CA,CA_2,0
2014-06-15,CA,CA_3,2
2014-06-15,CA,CA_4,0
2014-06-15,TX,TX_1,1
2014-06-15,TX,TX_2,0
2014-06-15,TX,TX_3,0
2014-06-15,WI,WI_1,1
2014-06-15,WI,WI_2,1
2014-06-15,WI,WI_3,1
2014-06-16,CA,CA_1,6
2014-06-16,CA,CA_2,0
2014-06-16,CA,CA_3,0
2014-06-16,CA,CA_4,0
2014-06-16,TX,TX_1,0
2014-06-16,TX,TX_2,1
2014-06-16,TX,TX_3,0
2014-06-16,WI,WI_1,2
2014-06-16,WI,WI_2,0
2014-06-16,WI,WI_3,3
2014-06-17,CA,CA_1,0
2014-06-17,CA,CA_2,0
2014-06-17,CA,CA_3,2
2014-06-17,CA,CA_4,0
2014-06-17,TX,TX_1,0
2014-06-17,TX,TX_2,3
2014-06-17,TX,TX_3,0
2014-06-17,WI,WI_1,4
2014-06-17,WI,WI_2,1
2014-06-17,WI,WI_3,5
2014-06-18,CA,CA_1,0
2014-06-18,CA,CA_2,4
2014-06-18,CA,CA_3,5
2014-06-18,CA,CA_4,0
2014-06-18,TX,TX_1,0
2014-06-18,TX,TX_2,2
2014-06-18,TX,TX_3,0
2014-06-18,WI,WI_1,4
2014-06-18,WI,WI_2,0
2014-06-18,WI,WI_3,1
2014-06-19,CA,CA_1,0
2014-06-19,CA,CA_2,1
2014-06-19,CA,CA_3,3
2014-06-19,CA,CA_4,0
2014-06-19,TX,TX_1,1
2014-06-19,TX,TX_2,1
2014-06-19,TX,TX_3,1
2014-06-19,WI,WI_1,3
2014-06-19,WI,WI_2,0
2014-06-19,WI,WI_3,5
2014-06-20,CA,CA_1,0
2014-06-20,CA,CA_2,2
2014-06-20,CA,CA_3,1
2014-06-20,CA,CA_4,1
2014-06-20,TX,TX_1,0
2014-06-20,TX,TX_2,0
2014-06-20,TX,TX_3,0
2014-06-20,WI,WI_1,3
2014-06-20,WI,WI_2,0
2014-06-20,WI,WI_3,6
2014-06-21,CA,CA_1,0
2014-06-21,CA,CA_2,0
2014-06-21,CA,CA_3,5
2014-06-21,CA,CA_4,1
2014-06-21,TX,TX_1,0
2014-06-21,TX,TX_2,0
2014-06-21,TX,TX_3,3
2014-06-21,WI,WI_1,1
2014-06-21,WI,WI_2,0
2014-06-21,WI,WI_3,0
2014-06-22,CA,CA_1,0
2014-06-22,CA,CA_2,0
2014-06-22,CA,CA_3,3
2014-06-22,CA,CA_4,1
2014-06-22,TX,TX_1,1
2014-06-22,TX,TX_2,1
2014-06-22,TX,TX_3,0
2014-06-22,WI,WI_1,7
2014-06-22,WI,WI_2,0
2014-06-22,WI,WI_3,3
2014-06-23,CA,CA_1,0
2014-06-23,CA,CA_2,2
2014-06-23,CA,CA_3,2
2014-06-23,CA,CA_4,1
2014-06-23,TX,TX_1,0
2014-06-23,TX,TX_2,1
2014-06-23,TX,TX_3,0
2014-06-23,WI,WI_1,7
2014-06-23,WI,WI_2,0
2014-06-23,WI,WI_3,1
2014-06-24,CA,CA_1,2
2014-06-24,CA,CA_2,3
2014-06-24,CA,CA_3,3
2014-06-24,CA,CA_4,3
2014-06-24,TX,TX_1,0
2014-06-24,TX,TX_2,1
2014-06-24,TX,TX_3,0
2014-06-24,WI,WI_1,1
2014-06-24,WI,WI_2,0
2014-06-24,WI,WI_3,0
2014-06-25,CA,CA_1,1
2014-06-25,CA,CA_2,0
2014-06-25,CA,CA_3,6
2014-06-25,CA,CA_4,1
2014-06-25,TX,TX_1,0
2014-06-25,TX,TX_2,0
2014-06-25,TX,TX_3,0
2014-06-25,WI,WI_1,7
2014-06-25,WI,WI_2,0
2014-06-25,WI,WI_3,4
2014-06-26,CA,CA_1,0
2014-06-26,CA,CA_2,0
2014-06-26,CA,CA_3,0
2014-06-26,CA,CA_4,0
2014-06-26,TX,TX_1,0
2014-06-26,TX,TX_2,1
2014-06-26,TX,TX_3,0
2014-06-26,WI,WI_1,3
2014-06-26,WI,WI_2,0
2014-06-26,WI,WI_3,0
2014-06-27,CA,CA_1,4
2014-06-27,CA,CA_2,1
2014-06-27,CA,CA_3,2
2014-06-27,CA,CA_4,0
2014-06-27,TX,TX_1,0
2014-06-27,TX,TX_2,0
2014-06-27,TX,TX_3,2
2014-06-27,WI,WI_1,3
2014-06-27,WI,WI_2,0
2014-06-27,WI,WI_3,3
2014-06-28,CA,CA_1,0
2014-06-28,CA,CA_2,1
2014-06-28,CA,CA_3,7
2014-06-28,CA,CA_4,1
2014-06-28,TX,TX_1,0
2014-06-28,TX,TX_2,0
2014-06-28,TX,TX_3,1
2014-06-28,WI,WI_1,3
2014-06-28,WI,WI_2,0
2014-06-28,WI,WI_3,1
2014-06-29,CA,CA_1,6
2014-06-29,CA,CA_2,4
2014-06-29,CA,CA_3,7
2014-06-29,CA,CA_4,0
2014-06-29,TX,TX_1,0
2014-06-29,TX,TX_2,1
2014-06-29,TX,TX_3,0
2014-06-29,WI,WI_1,2
2014-06-29,WI,WI_2,0
2014-06-29,WI,WI_3,5
2014-06-30,CA,CA_1,1
2014-06-30,CA,CA_2,1
2014-06-30,CA,CA_3,0
2014-06-30,CA,CA_4,0
2014-06-30,TX,TX_1,0
2014-06-30,TX,TX_2,0
2014-06-30,TX,TX_3,0
2014-06-30,WI,WI_1,1
2014-06-30,WI,WI_2,0
2014-06-30,WI,WI_3,1
2014-07-01,CA,CA_1,2
2014-07-01,CA,CA_2,1
2014-07-01,CA,CA_3,9
2014-07-01,CA,CA_4,0
2014-07-01,TX,TX_1,0
2014-07-01,TX,TX_2,0
2014-07-01,TX,TX_3,1
2014-07-01,WI,WI_1,2
2014-07-01,WI,WI_2,2
2014-07-01,WI,WI_3,1
2014-07-02,CA,CA_1,7
2014-07-02,CA,CA_2,2
2014-07-02,CA,CA_3,6
2014-07-02,CA,CA_4,1
2014-07-02,TX,TX_1,0
2014-07-02,TX,TX_2,0
2014-07-02,TX,TX_3,0
2014-07-02,WI,WI_1,5
2014-07-02,WI,WI_2,1
2014-07-02,WI,WI_3,0
2014-07-03,CA,CA_1,3
2014-07-03,CA,CA_2,2
2014-07-03,CA,CA_3,7
2014-07-03,CA,CA_4,2
2014-07-03,TX,TX_1,0
2014-07-03,TX,TX_2,4
2014-07-03,TX,TX_3,2
2014-07-03,WI,WI_1,0
2014-07-03,WI,WI_2,1
2014-07-03,WI,WI_3,4
2014-07-04,CA,CA_1,2
2014-07-04,CA,CA_2,1
2014-07-04,CA,CA_3,2
2014-07-04,CA,CA_4,3
2014-07-04,TX,TX_1,0
2014-07-04,TX,TX_2,1
2014-07-04,TX,TX_3,0
2014-07-04,WI,WI_1,0
2014-07-04,WI,WI_2,1
2014-07-04,WI,WI_3,2
2014-07-05,CA,CA_1,1
2014-07-05,CA,CA_2,1
2014-07-05,CA,CA_3,5
2014-07-05,CA,CA_4,1
2014-07-05,TX,TX_1,0
2014-07-05,TX,TX_2,1
2014-07-05,TX,TX_3,3
2014-07-05,WI,WI_1,0
2014-07-05,WI,WI_2,1
2014-07-05,WI,WI_3,2
2014-07-06,CA,CA_1,1
2014-07-06,CA,CA_2,1
2014-07-06,CA,CA_3,1
2014-07-06,CA,CA_4,2
2014-07-06,TX,TX_1,0
2014-07-06,TX,TX_2,1
2014-07-06,TX,TX_3,1
2014-07-06,WI,WI_1,4
2014-07-06,WI,WI_2,1
2014-07-06,WI,WI_3,3
2014-07-07,CA,CA_1,5
2014-07-07,CA,CA_2,0
2014-07-07,CA,CA_3,1
2014-07-07,CA,CA_4,2
2014-07-07,TX,TX_1,0
2014-07-07,TX,TX_2,3
2014-07-07,TX,TX_3,4
2014-07-07,WI,WI_1,1
2014-07-07,WI,WI_2,0
2014-07-07,WI,WI_3,4
2014-07-08,CA,CA_1,0
2014-07-08,CA,CA_2,0
2014-07-08,CA,CA_3,8
2014-07-08,CA,CA_4,0
2014-07-08,TX,TX_1,0
2014-07-08,TX,TX_2,0
2014-07-08,TX,TX_3,1
2014-07-08,WI,WI_1,8
2014-07-08,WI,WI_2,1
2014-07-08,WI,WI_3,1
2014-07-09,CA,CA_1,0
2014-07-09,CA,CA_2,0
2014-07-09,CA,CA_3,4
2014-07-09,CA,CA_4,0
2014-07-09,TX,TX_1,0
2014-07-09,TX,TX_2,2
2014-07-09,TX,TX_3,2
2014-07-09,WI,WI_1,4
2014-07-09,WI,WI_2,2
2014-07-09,WI,WI_3,6
2014-07-10,CA,CA_1,0
2014-07-10,CA,CA_2,0
2014-07-10,CA,CA_3,0
2014-07-10,CA,CA_4,2
2014-07-10,TX,TX_1,0
2014-07-10,TX,TX_2,0
2014-07-10,TX,TX_3,0
2014-07-10,WI,WI_1,1
2014-07-10,WI,WI_2,0
2014-07-10,WI,WI_3,0
2014-07-11,CA,CA_1,0
2014-07-11,CA,CA_2,0
2014-07-11,CA,CA_3,0
2014-07-11,CA,CA_4,2
2014-07-11,TX,TX_1,0
2014-07-11,TX,TX_2,0
2014-07-11,TX,TX_3,1
2014-07-11,WI,WI_1,0
2014-07-11,WI,WI_2,1
2014-07-11,WI,WI_3,1
2014-07-12,CA,CA_1,0
2014-07-12,CA,CA_2,0
2014-07-12,CA,CA_3,4
2014-07-12,CA,CA_4,0
2014-07-12,TX,TX_1,0
2014-07-12,TX,TX_2,1
2014-07-12,TX,TX_3,1
2014-07-12,WI,WI_1,9
2014-07-12,WI,WI_2,2
2014-07-12,WI,WI_3,4
2014-07-13,CA,CA_1,0
2014-07-13,CA,CA_2,2
2014-07-13,CA,CA_3,3
2014-07-13,CA,CA_4,0
2014-07-13,TX,TX_1,0
2014-07-13,TX,TX_2,1
2014-07-13,TX,TX_3,2
2014-07-13,WI,WI_1,5
2014-07-13,WI,WI_2,1
2014-07-13,WI,WI_3,4
2014-07-14,CA,CA_1,0
2014-07-14,CA,CA_2,5
2014-07-14,CA,CA_3,1
2014-07-14,CA,CA_4,0
2014-07-14,TX,TX_1,0
2014-07-14,TX,TX_2,0
2014-07-14,TX,TX_3,2
2014-07-14,WI,WI_1,0
2014-07-14,WI,WI_2,0
2014-07-14,WI,WI_3,4
2014-07-15,CA,CA_1,0
2014-07-15,CA,CA_2,4
2014-07-15,CA,CA_3,2
2014-07-15,CA,CA_4,0
2014-07-15,TX,TX_1,0
2014-07-15,TX,TX_2,0
2014-07-15,TX,TX_3,1
2014-07-15,WI,WI_1,0
2014-07-15,WI,WI_2,1
2014-07-15,WI,WI_3,2
2014-07-16,CA,CA_1,0
2014-07-16,CA,CA_2,0
2014-07-16,CA,CA_3,0
2014-07-16,CA,CA_4,0
2014-07-16,TX,TX_1,0
2014-07-16,TX,TX_2,1
2014-07-16,TX,TX_3,2
2014-07-16,WI,WI_1,1
2014-07-16,WI,WI_2,0
2014-07-16,WI,WI_3,2
2014-07-17,CA,CA_1,1
2014-07-17,CA,CA_2,3
2014-07-17,CA,CA_3,4
2014-07-17,CA,CA_4,0
2014-07-17,TX,TX_1,0
2014-07-17,TX,TX_2,1
2014-07-17,TX,TX_3,0
2014-07-17,WI,WI_1,1
2014-07-17,WI,WI_2,1
2014-07-17,WI,WI_3,2
2014-07-18,CA,CA_1,0
2014-07-18,CA,CA_2,0
2014-07-18,CA,CA_3,6
2014-07-18,CA,CA_4,0
2014-07-18,TX,TX_1,0
2014-07-18,TX,TX_2,0
2014-07-18,TX,TX_3,2
2014-07-18,WI,WI_1,0
2014-07-18,WI,WI_2,0
2014-07-18,WI,WI_3,5
2014-07-19,CA,CA_1,0
2014-07-19,CA,CA_2,1
2014-07-19,CA,CA_3,2
2014-07-19,CA,CA_4,0
2014-07-19,TX,TX_1,0
2014-07-19,TX,TX_2,1
2014-07-19,TX,TX_3,1
2014-07-19,WI,WI_1,5
2014-07-19,WI,WI_2,0
2014-07-19,WI,WI_3,2
2014-07-20,CA,CA_1,0
2014-07-20,CA,CA_2,1
2014-07-20,CA,CA_3,1
2014-07-20,CA,CA_4,0
2014-07-20,TX,TX_1,1
2014-07-20,TX,TX_2,4
2014-07-20,TX,TX_3,2
2014-07-20,WI,WI_1,3
2014-07-20,WI,WI_2,0
2014-07-20,WI,WI_3,0
2014-07-21,CA,CA_1,4
2014-07-21,CA,CA_2,0
2014-07-21,CA,CA_3,5
2014-07-21,CA,CA_4,0
2014-07-21,TX,TX_1,0
2014-07-21,TX,TX_2,1
2014-07-21,TX,TX_3,0
2014-07-21,WI,WI_1,2
2014-07-21,WI,WI_2,0
2014-07-21,WI,WI_3,3
2014-07-22,CA,CA_1,0
2014-07-22,CA,CA_2,0
2014-07-22,CA,CA_3,1
2014-07-22,CA,CA_4,0
2014-07-22,TX,TX_1,1
2014-07-22,TX,TX_2,7
2014-07-22,TX,TX_3,0
2014-07-22,WI,WI_1,2
2014-07-22,WI,WI_2,0
2014-07-22,WI,WI_3,2
2014-07-23,CA,CA_1,0
2014-07-23,CA,CA_2,0
2014-07-23,CA,CA_3,5
2014-07-23,CA,CA_4,0
2014-07-23,TX,TX_1,1
2014-07-23,TX,TX_2,1
2014-07-23,TX,TX_3,1
2014-07-23,WI,WI_1,2
2014-07-23,WI,WI_2,0
2014-07-23,WI,WI_3,0
2014-07-24,CA,CA_1,0
2014-07-24,CA,CA_2,0
2014-07-24,CA,CA_3,4
2014-07-24,CA,CA_4,0
2014-07-24,TX,TX_1,0
2014-07-24,TX,TX_2,0
2014-07-24,TX,TX_3,2
2014-07-24,WI,WI_1,0
2014-07-24,WI,WI_2,0
2014-07-24,WI,WI_3,0
2014-07-25,CA,CA_1,0
2014-07-25,CA,CA_2,0
2014-07-25,CA,CA_3,12
2014-07-25,CA,CA_4,0
2014-07-25,TX,TX_1,1
2014-07-25,TX,TX_2,2
2014-07-25,TX,TX_3,7
2014-07-25,WI,WI_1,0
2014-07-25,WI,WI_2,0
2014-07-25,WI,WI_3,1
2014-07-26,CA,CA_1,2
2014-07-26,CA,CA_2,0
2014-07-26,CA,CA_3,0
2014-07-26,CA,CA_4,2
2014-07-26,TX,TX_1,0
2014-07-26,TX,TX_2,3
2014-07-26,TX,TX_3,0
2014-07-26,WI,WI_1,1
2014-07-26,WI,WI_2,0
2014-07-26,WI,WI_3,5
2014-07-27,CA,CA_1,0
2014-07-27,CA,CA_2,4
2014-07-27,CA,CA_3,1
2014-07-27,CA,CA_4,0
2014-07-27,TX,TX_1,0
2014-07-27,TX,TX_2,0
2014-07-27,TX,TX_3,0
2014-07-27,WI,WI_1,7
2014-07-27,WI,WI_2,0
2014-07-27,WI,WI_3,2
2014-07-28,CA,CA_1,1
2014-07-28,CA,CA_2,0
2014-07-28,CA,CA_3,0
2014-07-28,CA,CA_4,0
2014-07-28,TX,TX_1,0
2014-07-28,TX,TX_2,1
2014-07-28,TX,TX_3,0
2014-07-28,WI,WI_1,0
2014-07-28,WI,WI_2,0
2014-07-28,WI,WI_3,1
2014-07-29,CA,CA_1,0
2014-07-29,CA,CA_2,0
2014-07-29,CA,CA_3,2
2014-07-29,CA,CA_4,7
2014-07-29,TX,TX_1,1
2014-07-29,TX,TX_2,0
2014-07-29,TX,TX_3,0
2014-07-29,WI,WI_1,5
2014-07-29,WI,WI_2,0
2014-07-29,WI,WI_3,1
2014-07-30,CA,CA_1,0
2014-07-30,CA,CA_2,0
2014-07-30,CA,CA_3,3
2014-07-30,CA,CA_4,0
2014-07-30,TX,TX_1,0
2014-07-30,TX,TX_2,0
2014-07-30,TX,TX_3,0
2014-07-30,WI,WI_1,2
2014-07-30,WI,WI_2,0
2014-07-30,WI,WI_3,4
2014-07-31,CA,CA_1,10
2014-07-31,CA,CA_2,0
2014-07-31,CA,CA_3,6
2014-07-31,CA,CA_4,4
2014-07-31,TX,TX_1,0
2014-07-31,TX,TX_2,0
2014-07-31,TX,TX_3,3
2014-07-31,WI,WI_1,1
2014-07-31,WI,WI_2,0
2014-07-31,WI,WI_3,4
2014-08-01,CA,CA_1,5
2014-08-01,CA,CA_2,1
2014-08-01,CA,CA_3,9
2014-08-01,CA,CA_4,1
2014-08-01,TX,TX_1,0
2014-08-01,TX,TX_2,1
2014-08-01,TX,TX_3,0
2014-08-01,WI,WI_1,2
2014-08-01,WI,WI_2,0
2014-08-01,WI,WI_3,2
2014-08-02,CA,CA_1,4
2014-08-02,CA,CA_2,0
2014-08-02,CA,CA_3,8
2014-08-02,CA,CA_4,0
2014-08-02,TX,TX_1,1
2014-08-02,TX,TX_2,0
2014-08-02,TX,TX_3,3
2014-08-02,WI,WI_1,3
2014-08-02,WI,WI_2,0
2014-08-02,WI,WI_3,8
2014-08-03,CA,CA_1,1
2014-08-03,CA,CA_2,4
2014-08-03,CA,CA_3,4
2014-08-03,CA,CA_4,4
2014-08-03,TX,TX_1,1
2014-08-03,TX,TX_2,3
2014-08-03,TX,TX_3,0
2014-08-03,WI,WI_1,2
2014-08-03,WI,WI_2,0
2014-08-03,WI,WI_3,2
2014-08-04,CA,CA_1,1
2014-08-04,CA,CA_2,3
2014-08-04,CA,CA_3,5
2014-08-04,CA,CA_4,1
2014-08-04,TX,TX_1,0
2014-08-04,TX,TX_2,0
2014-08-04,TX,TX_3,1
2014-08-04,WI,WI_1,4
2014-08-04,WI,WI_2,0
2014-08-04,WI,WI_3,0
2014-08-05,CA,CA_1,5
2014-08-05,CA,CA_2,1
2014-08-05,CA,CA_3,4
2014-08-05,CA,CA_4,5
2014-08-05,TX,TX_1,0
2014-08-05,TX,TX_2,0
2014-08-05,TX,TX_3,0
2014-08-05,WI,WI_1,7
2014-08-05,WI,WI_2,0
2014-08-05,WI,WI_3,7
2014-08-06,CA,CA_1,4
2014-08-06,CA,CA_2,0
2014-08-06,CA,CA_3,3
2014-08-06,CA,CA_4,1
2014-08-06,TX,TX_1,0
2014-08-06,TX,TX_2,3
2014-08-06,TX,TX_3,1
2014-08-06,WI,WI_1,2
2014-08-06,WI,WI_2,4
2014-08-06,WI,WI_3,1
2014-08-07,CA,CA_1,1
2014-08-07,CA,CA_2,0
2014-08-07,CA,CA_3,6
2014-08-07,CA,CA_4,0
2014-08-07,TX,TX_1,1
2014-08-07,TX,TX_2,0
2014-08-07,TX,TX_3,0
2014-08-07,WI,WI_1,4
2014-08-07,WI,WI_2,2
2014-08-07,WI,WI_3,3
2014-08-08,CA,CA_1,3
2014-08-08,CA,CA_2,0
2014-08-08,CA,CA_3,4
2014-08-08,CA,CA_4,0
2014-08-08,TX,TX_1,1
2014-08-08,TX,TX_2,2
2014-08-08,TX,TX_3,4
2014-08-08,WI,WI_1,6
2014-08-08,WI,WI_2,0
2014-08-08,WI,WI_3,2
2014-08-09,CA,CA_1,3
2014-08-09,CA,CA_2,4
2014-08-09,CA,CA_3,3
2014-08-09,CA,CA_4,2
2014-08-09,TX,TX_1,0
2014-08-09,TX,TX_2,0
2014-08-09,TX,TX_3,2
2014-08-09,WI,WI_1,1
2014-08-09,WI,WI_2,1
2014-08-09,WI,WI_3,3
2014-08-10,CA,CA_1,0
2014-08-10,CA,CA_2,1
2014-08-10,CA,CA_3,3
2014-08-10,CA,CA_4,0
2014-08-10,TX,TX_1,0
2014-08-10,TX,TX_2,0
2014-08-10,TX,TX_3,0
2014-08-10,WI,WI_1,5
2014-08-10,WI,WI_2,0
2014-08-10,WI,WI_3,0
2014-08-11,CA,CA_1,5
2014-08-11,CA,CA_2,0
2014-08-11,CA,CA_3,2
2014-08-11,CA,CA_4,0
2014-08-11,TX,TX_1,3
2014-08-11,TX,TX_2,0
2014-08-11,TX,TX_3,2
2014-08-11,WI,WI_1,0
2014-08-11,WI,WI_2,4
2014-08-11,WI,WI_3,2
2014-08-12,CA,CA_1,0
2014-08-12,CA,CA_2,0
2014-08-12,CA,CA_3,3
2014-08-12,CA,CA_4,0
2014-08-12,TX,TX_1,0
2014-08-12,TX,TX_2,1
2014-08-12,TX,TX_3,2
2014-08-12,WI,WI_1,8
2014-08-12,WI,WI_2,1
2014-08-12,WI,WI_3,0
2014-08-13,CA,CA_1,1
2014-08-13,CA,CA_2,1
2014-08-13,CA,CA_3,12
2014-08-13,CA,CA_4,1
2014-08-13,TX,TX_1,0
2014-08-13,TX,TX_2,1
2014-08-13,TX,TX_3,0
2014-08-13,WI,WI_1,2
2014-08-13,WI,WI_2,2
2014-08-13,WI,WI_3,2
2014-08-14,CA,CA_1,6
2014-08-14,CA,CA_2,0
2014-08-14,CA,CA_3,4
2014-08-14,CA,CA_4,2
2014-08-14,TX,TX_1,0
2014-08-14,TX,TX_2,1
2014-08-14,TX,TX_3,0
2014-08-14,WI,WI_1,2
2014-08-14,WI,WI_2,1
2014-08-14,WI,WI_3,3
2014-08-15,CA,CA_1,1
2014-08-15,CA,CA_2,0
2014-08-15,CA,CA_3,1
2014-08-15,CA,CA_4,0
2014-08-15,TX,TX_1,0
2014-08-15,TX,TX_2,2
2014-08-15,TX,TX_3,6
2014-08-15,WI,WI_1,1
2014-08-15,WI,WI_2,2
2014-08-15,WI,WI_3,2
2014-08-16,CA,CA_1,8
2014-08-16,CA,CA_2,3
2014-08-16,CA,CA_3,4
2014-08-16,CA,CA_4,0
2014-08-16,TX,TX_1,0
2014-08-16,TX,TX_2,1
2014-08-16,TX,TX_3,0
2014-08-16,WI,WI_1,4
2014-08-16,WI,WI_2,1
2014-08-16,WI,WI_3,2
2014-08-17,CA,CA_1,1
2014-08-17,CA,CA_2,0
2014-08-17,CA,CA_3,3
2014-08-17,CA,CA_4,1
2014-08-17,TX,TX_1,0
2014-08-17,TX,TX_2,1
2014-08-17,TX,TX_3,3
2014-08-17,WI,WI_1,2
2014-08-17,WI,WI_2,1
2014-08-17,WI,WI_3,0
2014-08-18,CA,CA_1,5
2014-08-18,CA,CA_2,1
2014-08-18,CA,CA_3,0
2014-08-18,CA,CA_4,1
2014-08-18,TX,TX_1,0
2014-08-18,TX,TX_2,1
2014-08-18,TX,TX_3,1
2014-08-18,WI,WI_1,5
2014-08-18,WI,WI_2,2
2014-08-18,WI,WI_3,6
2014-08-19,CA,CA_1,1
2014-08-19,CA,CA_2,2
2014-08-19,CA,CA_3,1
2014-08-19,CA,CA_4,5
2014-08-19,TX,TX_1,0
2014-08-19,TX,TX_2,0
2014-08-19,TX,TX_3,2
2014-08-19,WI,WI_1,4
2014-08-19,WI,WI_2,1
2014-08-19,WI,WI_3,2
2014-08-20,CA,CA_1,0
2014-08-20,CA,CA_2,0
2014-08-20,CA,CA_3,6
2014-08-20,CA,CA_4,0
2014-08-20,TX,TX_1,0
2014-08-20,TX,TX_2,1
2014-08-20,TX,TX_3,0
2014-08-20,WI,WI_1,3
2014-08-20,WI,WI_2,2
2014-08-20,WI,WI_3,3
2014-08-21,CA,CA_1,3
2014-08-21,CA,CA_2,1
2014-08-21,CA,CA_3,2
2014-08-21,CA,CA_4,1
2014-08-21,TX,TX_1,0
2014-08-21,TX,TX_2,5
2014-08-21,TX,TX_3,0
2014-08-21,WI,WI_1,6
2014-08-21,WI,WI_2,1
2014-08-21,WI,WI_3,0
2014-08-22,CA,CA_1,1
2014-08-22,CA,CA_2,4
2014-08-22,CA,CA_3,5
2014-08-22,CA,CA_4,0
2014-08-22,TX,TX_1,0
2014-08-22,TX,TX_2,1
2014-08-22,TX,TX_3,0
2014-08-22,WI,WI_1,1
2014-08-22,WI,WI_2,1
2014-08-22,WI,WI_3,0
2014-08-23,CA,CA_1,3
2014-08-23,CA,CA_2,3
2014-08-23,CA,CA_3,3
2014-08-23,CA,CA_4,1
2014-08-23,TX,TX_1,0
2014-08-23,TX,TX_2,1
2014-08-23,TX,TX_3,1
2014-08-23,WI,WI_1,1
2014-08-23,WI,WI_2,0
2014-08-23,WI,WI_3,2
2014-08-24,CA,CA_1,3
2014-08-24,CA,CA_2,4
2014-08-24,CA,CA_3,5
2014-08-24,CA,CA_4,1
2014-08-24,TX,TX_1,0
2014-08-24,TX,TX_2,0
2014-08-24,TX,TX_3,0
2014-08-24,WI,WI_1,13
2014-08-24,WI,WI_2,6
2014-08-24,WI,WI_3,1
2014-08-25,CA,CA_1,1
2014-08-25,CA,CA_2,0
2014-08-25,CA,CA_3,5
2014-08-25,CA,CA_4,4
2014-08-25,TX,TX_1,0
2014-08-25,TX,TX_2,0
2014-08-25,TX,TX_3,0
2014-08-25,WI,WI_1,2
2014-08-25,WI,WI_2,1
2014-08-25,WI,WI_3,3
2014-08-26,CA,CA_1,5
2014-08-26,CA,CA_2,0
2014-08-26,CA,CA_3,2
2014-08-26,CA,CA_4,0
2014-08-26,TX,TX_1,0
2014-08-26,TX,TX_2,1
2014-08-26,TX,TX_3,0
2014-08-26,WI,WI_1,5
2014-08-26,WI,WI_2,0
2014-08-26,WI,WI_3,1
2014-08-27,CA,CA_1,1
2014-08-27,CA,CA_2,0
2014-08-27,CA,CA_3,3
2014-08-27,CA,CA_4,1
2014-08-27,TX,TX_1,0
2014-08-27,TX,TX_2,1
2014-08-27,TX,TX_3,0
2014-08-27,WI,WI_1,0
2014-08-27,WI,WI_2,0
2014-08-27,WI,WI_3,0
2014-08-28,CA,CA_1,0
2014-08-28,CA,CA_2,2
2014-08-28,CA,CA_3,1
2014-08-28,CA,CA_4,3
2014-08-28,TX,TX_1,0
2014-08-28,TX,TX_2,2
2014-08-28,TX,TX_3,3
2014-08-28,WI,WI_1,1
2014-08-28,WI,WI_2,0
2014-08-28,WI,WI_3,1
2014-08-29,CA,CA_1,4
2014-08-29,CA,CA_2,1
2014-08-29,CA,CA_3,2
2014-08-29,CA,CA_4,0
2014-08-29,TX,TX_1,0
2014-08-29,TX,TX_2,1
2014-08-29,TX,TX_3,2
2014-08-29,WI,WI_1,2
2014-08-29,WI,WI_2,0
2014-08-29,WI,WI_3,7
2014-08-30,CA,CA_1,4
2014-08-30,CA,CA_2,0
2014-08-30,CA,CA_3,5
2014-08-30,CA,CA_4,0
2014-08-30,TX,TX_1,0
2014-08-30,TX,TX_2,0
2014-08-30,TX,TX_3,0
2014-08-30,WI,WI_1,0
2014-08-30,WI,WI_2,0
2014-08-30,WI,WI_3,1
2014-08-31,CA,CA_1,3
2014-08-31,CA,CA_2,2
2014-08-31,CA,CA_3,2
2014-08-31,CA,CA_4,2
2014-08-31,TX,TX_1,0
2014-08-31,TX,TX_2,0
2014-08-31,TX,TX_3,1
2014-08-31,WI,WI_1,4
2014-08-31,WI,WI_2,0
2014-08-31,WI,WI_3,1
2014-09-01,CA,CA_1,3
2014-09-01,CA,CA_2,2
2014-09-01,CA,CA_3,3
2014-09-01,CA,CA_4,2
2014-09-01,TX,TX_1,0
2014-09-01,TX,TX_2,0
2014-09-01,TX,TX_3,0
2014-09-01,WI,WI_1,13
2014-09-01,WI,WI_2,0
2014-09-01,WI,WI_3,2
2014-09-02,CA,CA_1,3
2014-09-02,CA,CA_2,0
2014-09-02,CA,CA_3,6
2014-09-02,CA,CA_4,0
2014-09-02,TX,TX_1,0
2014-09-02,TX,TX_2,0
2014-09-02,TX,TX_3,0
2014-09-02,WI,WI_1,2
2014-09-02,WI,WI_2,4
2014-09-02,WI,WI_3,4
2014-09-03,CA,CA_1,2
2014-09-03,CA,CA_2,1
2014-09-03,CA,CA_3,3
2014-09-03,CA,CA_4,1
2014-09-03,TX,TX_1,0
2014-09-03,TX,TX_2,2
2014-09-03,TX,TX_3,3
2014-09-03,WI,WI_1,5
2014-09-03,WI,WI_2,2
2014-09-03,WI,WI_3,1
2014-09-04,CA,CA_1,0
2014-09-04,CA,CA_2,2
2014-09-04,CA,CA_3,4
2014-09-04,CA,CA_4,1
2014-09-04,TX,TX_1,0
2014-09-04,TX,TX_2,0
2014-09-04,TX,TX_3,0
2014-09-04,WI,WI_1,0
2014-09-04,WI,WI_2,1
2014-09-04,WI,WI_3,1
2014-09-05,CA,CA_1,0
2014-09-05,CA,CA_2,0
2014-09-05,CA,CA_3,1
2014-09-05,CA,CA_4,2
2014-09-05,TX,TX_1,0
2014-09-05,TX,TX_2,0
2014-09-05,TX,TX_3,2
2014-09-05,WI,WI_1,5
2014-09-05,WI,WI_2,0
2014-09-05,WI,WI_3,0
2014-09-06,CA,CA_1,1
2014-09-06,CA,CA_2,2
2014-09-06,CA,CA_3,4
2014-09-06,CA,CA_4,0
2014-09-06,TX,TX_1,0
2014-09-06,TX,TX_2,2
2014-09-06,TX,TX_3,2
2014-09-06,WI,WI_1,4
2014-09-06,WI,WI_2,4
2014-09-06,WI,WI_3,3
2014-09-07,CA,CA_1,2
2014-09-07,CA,CA_2,1
2014-09-07,CA,CA_3,10
2014-09-07,CA,CA_4,1
2014-09-07,TX,TX_1,0
2014-09-07,TX,TX_2,1
2014-09-07,TX,TX_3,4
2014-09-07,WI,WI_1,5
2014-09-07,WI,WI_2,2
2014-09-07,WI,WI_3,2
2014-09-08,CA,CA_1,0
2014-09-08,CA,CA_2,0
2014-09-08,CA,CA_3,6
2014-09-08,CA,CA_4,0
2014-09-08,TX,TX_1,0
2014-09-08,TX,TX_2,2
2014-09-08,TX,TX_3,0
2014-09-08,WI,WI_1,0
2014-09-08,WI,WI_2,2
2014-09-08,WI,WI_3,1
2014-09-09,CA,CA_1,1
2014-09-09,CA,CA_2,0
2014-09-09,CA,CA_3,0
2014-09-09,CA,CA_4,0
2014-09-09,TX,TX_1,0
2014-09-09,TX,TX_2,0
2014-09-09,TX,TX_3,2
2014-09-09,WI,WI_1,2
2014-09-09,WI,WI_2,0
2014-09-09,WI,WI_3,0
2014-09-10,CA,CA_1,1
2014-09-10,CA,CA_2,0
2014-09-10,CA,CA_3,0
2014-09-10,CA,CA_4,0
2014-09-10,TX,TX_1,0
2014-09-10,TX,TX_2,2
2014-09-10,TX,TX_3,1
2014-09-10,WI,WI_1,3
2014-09-10,WI,WI_2,4
2014-09-10,WI,WI_3,0
2014-09-11,CA,CA_1,3
2014-09-11,CA,CA_2,1
2014-09-11,CA,CA_3,2
2014-09-11,CA,CA_4,2
2014-09-11,TX,TX_1,0
2014-09-11,TX,TX_2,1
2014-09-11,TX,TX_3,0
2014-09-11,WI,WI_1,2
2014-09-11,WI,WI_2,0
2014-09-11,WI,WI_3,0
2014-09-12,CA,CA_1,0
2014-09-12,CA,CA_2,2
2014-09-12,CA,CA_3,0
2014-09-12,CA,CA_4,0
2014-09-12,TX,TX_1,0
2014-09-12,TX,TX_2,2
2014-09-12,TX,TX_3,0
2014-09-12,WI,WI_1,5
2014-09-12,WI,WI_2,1
2014-09-12,WI,WI_3,0
2014-09-13,CA,CA_1,0
2014-09-13,CA,CA_2,2
2014-09-13,CA,CA_3,4
2014-09-13,CA,CA_4,6
2014-09-13,TX,TX_1,0
2014-09-13,TX,TX_2,2
2014-09-13,TX,TX_3,3
2014-09-13,WI,WI_1,3
2014-09-13,WI,WI_2,2
2014-09-13,WI,WI_3,1
2014-09-14,CA,CA_1,7
2014-09-14,CA,CA_2,1
2014-09-14,CA,CA_3,3
2014-09-14,CA,CA_4,0
2014-09-14,TX,TX_1,0
2014-09-14,TX,TX_2,3
2014-09-14,TX,TX_3,0
2014-09-14,WI,WI_1,6
2014-09-14,WI,WI_2,1
2014-09-14,WI,WI_3,0
2014-09-15,CA,CA_1,7
2014-09-15,CA,CA_2,1
2014-09-15,CA,CA_3,2
2014-09-15,CA,CA_4,1
2014-09-15,TX,TX_1,0
2014-09-15,TX,TX_2,0
2014-09-15,TX,TX_3,2
2014-09-15,WI,WI_1,4
2014-09-15,WI,WI_2,1
2014-09-15,WI,WI_3,3
2014-09-16,CA,CA_1,0
2014-09-16,CA,CA_2,3
2014-09-16,CA,CA_3,7
2014-09-16,CA,CA_4,1
2014-09-16,TX,TX_1,0
2014-09-16,TX,TX_2,0
2014-09-16,TX,TX_3,1
2014-09-16,WI,WI_1,2
2014-09-16,WI,WI_2,1
2014-09-16,WI,WI_3,1
2014-09-17,CA,CA_1,1
2014-09-17,CA,CA_2,2
2014-09-17,CA,CA_3,4
2014-09-17,CA,CA_4,0
2014-09-17,TX,TX_1,0
2014-09-17,TX,TX_2,0
2014-09-17,TX,TX_3,6
2014-09-17,WI,WI_1,0
2014-09-17,WI,WI_2,0
2014-09-17,WI,WI_3,1
2014-09-18,CA,CA_1,2
2014-09-18,CA,CA_2,1
2014-09-18,CA,CA_3,3
2014-09-18,CA,CA_4,0
2014-09-18,TX,TX_1,0
2014-09-18,TX,TX_2,0
2014-09-18,TX,TX_3,3
2014-09-18,WI,WI_1,6
2014-09-18,WI,WI_2,0
2014-09-18,WI,WI_3,3
2014-09-19,CA,CA_1,2
2014-09-19,CA,CA_2,3
2014-09-19,CA,CA_3,5
2014-09-19,CA,CA_4,2
2014-09-19,TX,TX_1,0
2014-09-19,TX,TX_2,1
2014-09-19,TX,TX_3,0
2014-09-19,WI,WI_1,4
2014-09-19,WI,WI_2,1
2014-09-19,WI,WI_3,2
2014-09-20,CA,CA_1,2
2014-09-20,CA,CA_2,2
2014-09-20,CA,CA_3,2
2014-09-20,CA,CA_4,1
2014-09-20,TX,TX_1,0
2014-09-20,TX,TX_2,1
2014-09-20,TX,TX_3,2
2014-09-20,WI,WI_1,0
2014-09-20,WI,WI_2,3
2014-09-20,WI,WI_3,3
2014-09-21,CA,CA_1,5
2014-09-21,CA,CA_2,0
2014-09-21,CA,CA_3,5
2014-09-21,CA,CA_4,0
2014-09-21,TX,TX_1,0
2014-09-21,TX,TX_2,1
2014-09-21,TX,TX_3,0
2014-09-21,WI,WI_1,3
2014-09-21,WI,WI_2,2
2014-09-21,WI,WI_3,0
2014-09-22,CA,CA_1,6
2014-09-22,CA,CA_2,0
2014-09-22,CA,CA_3,2
2014-09-22,CA,CA_4,1
2014-09-22,TX,TX_1,0
2014-09-22,TX,TX_2,0
2014-09-22,TX,TX_3,0
2014-09-22,WI,WI_1,0
2014-09-22,WI,WI_2,1
2014-09-22,WI,WI_3,0
2014-09-23,CA,CA_1,0
2014-09-23,CA,CA_2,0
2014-09-23,CA,CA_3,1
2014-09-23,CA,CA_4,1
2014-09-23,TX,TX_1,0
2014-09-23,TX,TX_2,0
2014-09-23,TX,TX_3,0
2014-09-23,WI,WI_1,0
2014-09-23,WI,WI_2,2
2014-09-23,WI,WI_3,1
2014-09-24,CA,CA_1,0
2014-09-24,CA,CA_2,1
2014-09-24,CA,CA_3,1
2014-09-24,CA,CA_4,0
2014-09-24,TX,TX_1,0
2014-09-24,TX,TX_2,1
2014-09-24,TX,TX_3,0
2014-09-24,WI,WI_1,0
2014-09-24,WI,WI_2,0
2014-09-24,WI,WI_3,2
2014-09-25,CA,CA_1,1
2014-09-25,CA,CA_2,0
2014-09-25,CA,CA_3,6
2014-09-25,CA,CA_4,0
2014-09-25,TX,TX_1,0
2014-09-25,TX,TX_2,0
2014-09-25,TX,TX_3,1
2014-09-25,WI,WI_1,3
2014-09-25,WI,WI_2,0
2014-09-25,WI,WI_3,3
2014-09-26,CA,CA_1,2
2014-09-26,CA,CA_2,1
2014-09-26,CA,CA_3,1
2014-09-26,CA,CA_4,0
2014-09-26,TX,TX_1,0
2014-09-26,TX,TX_2,0
2014-09-26,TX,TX_3,1
2014-09-26,WI,WI_1,5
2014-09-26,WI,WI_2,1
2014-09-26,WI,WI_3,1
2014-09-27,CA,CA_1,3
2014-09-27,CA,CA_2,1
2014-09-27,CA,CA_3,1
2014-09-27,CA,CA_4,4
2014-09-27,TX,TX_1,0
2014-09-27,TX,TX_2,0
2014-09-27,TX,TX_3,0
2014-09-27,WI,WI_1,6
2014-09-27,WI,WI_2,0
2014-09-27,WI,WI_3,2
2014-09-28,CA,CA_1,6
2014-09-28,CA,CA_2,1
2014-09-28,CA,CA_3,11
2014-09-28,CA,CA_4,1
2014-09-28,TX,TX_1,0
2014-09-28,TX,TX_2,0
2014-09-28,TX,TX_3,1
2014-09-28,WI,WI_1,4
2014-09-28,WI,WI_2,2
2014-09-28,WI,WI_3,3
2014-09-29,CA,CA_1,3
2014-09-29,CA,CA_2,0
2014-09-29,CA,CA_3,3
2014-09-29,CA,CA_4,0
2014-09-29,TX,TX_1,0
2014-09-29,TX,TX_2,0
2014-09-29,TX,TX_3,0
2014-09-29,WI,WI_1,3
2014-09-29,WI,WI_2,0
2014-09-29,WI,WI_3,2
2014-09-30,CA,CA_1,0
2014-09-30,CA,CA_2,1
2014-09-30,CA,CA_3,5
2014-09-30,CA,CA_4,1
2014-09-30,TX,TX_1,0
2014-09-30,TX,TX_2,1
2014-09-30,TX,TX_3,0
2014-09-30,WI,WI_1,1
2014-09-30,WI,WI_2,1
2014-09-30,WI,WI_3,5
2014-10-01,CA,CA_1,1
2014-10-01,CA,CA_2,1
2014-10-01,CA,CA_3,7
2014-10-01,CA,CA_4,1
2014-10-01,TX,TX_1,0
2014-10-01,TX,TX_2,1
2014-10-01,TX,TX_3,0
2014-10-01,WI,WI_1,2
2014-10-01,WI,WI_2,4
2014-10-01,WI,WI_3,7
2014-10-02,CA,CA_1,6
2014-10-02,CA,CA_2,0
2014-10-02,CA,CA_3,0
2014-10-02,CA,CA_4,0
2014-10-02,TX,TX_1,0
2014-10-02,TX,TX_2,0
2014-10-02,TX,TX_3,0
2014-10-02,WI,WI_1,2
2014-10-02,WI,WI_2,1
2014-10-02,WI,WI_3,0
2014-10-03,CA,CA_1,0
2014-10-03,CA,CA_2,1
2014-10-03,CA,CA_3,4
2014-10-03,CA,CA_4,0
2014-10-03,TX,TX_1,0
2014-10-03,TX,TX_2,0
2014-10-03,TX,TX_3,0
2014-10-03,WI,WI_1,4
2014-10-03,WI,WI_2,2
2014-10-03,WI,WI_3,0
2014-10-04,CA,CA_1,2
2014-10-04,CA,CA_2,1
2014-10-04,CA,CA_3,3
2014-10-04,CA,CA_4,2
2014-10-04,TX,TX_1,0
2014-10-04,TX,TX_2,1
2014-10-04,TX,TX_3,0
2014-10-04,WI,WI_1,2
2014-10-04,WI,WI_2,2
2014-10-04,WI,WI_3,0
2014-10-05,CA,CA_1,2
2014-10-05,CA,CA_2,1
2014-10-05,CA,CA_3,3
2014-10-05,CA,CA_4,1
2014-10-05,TX,TX_1,0
2014-10-05,TX,TX_2,0
2014-10-05,TX,TX_3,4
2014-10-05,WI,WI_1,4
2014-10-05,WI,WI_2,2
2014-10-05,WI,WI_3,0
2014-10-06,CA,CA_1,3
2014-10-06,CA,CA_2,3
2014-10-06,CA,CA_3,6
2014-10-06,CA,CA_4,2
2014-10-06,TX,TX_1,0
2014-10-06,TX,TX_2,2
2014-10-06,TX,TX_3,0
2014-10-06,WI,WI_1,3
2014-10-06,WI,WI_2,1
2014-10-06,WI,WI_3,3
2014-10-07,CA,CA_1,0
2014-10-07,CA,CA_2,2
2014-10-07,CA,CA_3,0
2014-10-07,CA,CA_4,2
2014-10-07,TX,TX_1,0
2014-10-07,TX,TX_2,1
2014-10-07,TX,TX_3,2
2014-10-07,WI,WI_1,5
2014-10-07,WI,WI_2,0
2014-10-07,WI,WI_3,1
2014-10-08,CA,CA_1,0
2014-10-08,CA,CA_2,0
2014-10-08,CA,CA_3,0
2014-10-08,CA,CA_4,0
2014-10-08,TX,TX_1,0
2014-10-08,TX,TX_2,1
2014-10-08,TX,TX_3,1
2014-10-08,WI,WI_1,1
2014-10-08,WI,WI_2,1
2014-10-08,WI,WI_3,0
2014-10-09,CA,CA_1,3
2014-10-09,CA,CA_2,0
2014-10-09,CA,CA_3,5
2014-10-09,CA,CA_4,1
2014-10-09,TX,TX_1,0
2014-10-09,TX,TX_2,1
2014-10-09,TX,TX_3,0
2014-10-09,WI,WI_1,2
2014-10-09,WI,WI_2,0
2014-10-09,WI,WI_3,0
2014-10-10,CA,CA_1,5
2014-10-10,CA,CA_2,2
2014-10-10,CA,CA_3,3
2014-10-10,CA,CA_4,2
2014-10-10,TX,TX_1,0
2014-10-10,TX,TX_2,0
2014-10-10,TX,TX_3,1
2014-10-10,WI,WI_1,6
2014-10-10,WI,WI_2,1
2014-10-10,WI,WI_3,0
2014-10-11,CA,CA_1,3
2014-10-11,CA,CA_2,0
2014-10-11,CA,CA_3,0
2014-10-11,CA,CA_4,1
2014-10-11,TX,TX_1,0
2014-10-11,TX,TX_2,4
2014-10-11,TX,TX_3,1
2014-10-11,WI,WI_1,3
2014-10-11,WI,WI_2,2
2014-10-11,WI,WI_3,2
2014-10-12,CA,CA_1,6
2014-10-12,CA,CA_2,5
2014-10-12,CA,CA_3,2
2014-10-12,CA,CA_4,1
2014-10-12,TX,TX_1,0
2014-10-12,TX,TX_2,0
2014-10-12,TX,TX_3,4
2014-10-12,WI,WI_1,4
2014-10-12,WI,WI_2,3
2014-10-12,WI,WI_3,3
2014-10-13,CA,CA_1,1
2014-10-13,CA,CA_2,0
2014-10-13,CA,CA_3,2
2014-10-13,CA,CA_4,0
2014-10-13,TX,TX_1,0
2014-10-13,TX,TX_2,0
2014-10-13,TX,TX_3,1
2014-10-13,WI,WI_1,0
2014-10-13,WI,WI_2,2
2014-10-13,WI,WI_3,1
2014-10-14,CA,CA_1,0
2014-10-14,CA,CA_2,0
2014-10-14,CA,CA_3,3
2014-10-14,CA,CA_4,1
2014-10-14,TX,TX_1,0
2014-10-14,TX,TX_2,1
2014-10-14,TX,TX_3,0
2014-10-14,WI,WI_1,1
2014-10-14,WI,WI_2,2
2014-10-14,WI,WI_3,1
2014-10-15,CA,CA_1,0
2014-10-15,CA,CA_2,0
2014-10-15,CA,CA_3,2
2014-10-15,CA,CA_4,0
2014-10-15,TX,TX_1,0
2014-10-15,TX,TX_2,0
2014-10-15,TX,TX_3,1
2014-10-15,WI,WI_1,1
2014-10-15,WI,WI_2,1
2014-10-15,WI,WI_3,0
2014-10-16,CA,CA_1,0
2014-10-16,CA,CA_2,0
2014-10-16,CA,CA_3,3
2014-10-16,CA,CA_4,3
2014-10-16,TX,TX_1,0
2014-10-16,TX,TX_2,0
2014-10-16,TX,TX_3,1
2014-10-16,WI,WI_1,2
2014-10-16,WI,WI_2,2
2014-10-16,WI,WI_3,0
2014-10-17,CA,CA_1,0
2014-10-17,CA,CA_2,0
2014-10-17,CA,CA_3,5
2014-10-17,CA,CA_4,0
2014-10-17,TX,TX_1,0
2014-10-17,TX,TX_2,2
2014-10-17,TX,TX_3,1
2014-10-17,WI,WI_1,6
2014-10-17,WI,WI_2,1
2014-10-17,WI,WI_3,0
2014-10-18,CA,CA_1,0
2014-10-18,CA,CA_2,0
2014-10-18,CA,CA_3,1
2014-10-18,CA,CA_4,0
2014-10-18,TX,TX_1,0
2014-10-18,TX,TX_2,2
2014-10-18,TX,TX_3,0
2014-10-18,WI,WI_1,5
2014-10-18,WI,WI_2,4
2014-10-18,WI,WI_3,0
2014-10-19,CA,CA_1,2
2014-10-19,CA,CA_2,0
2014-10-19,CA,CA_3,2
2014-10-19,CA,CA_4,0
2014-10-19,TX,TX_1,0
2014-10-19,TX,TX_2,0
2014-10-19,TX,TX_3,0
2014-10-19,WI,WI_1,3
2014-10-19,WI,WI_2,1
2014-10-19,WI,WI_3,1
2014-10-20,CA,CA_1,9
2014-10-20,CA,CA_2,0
2014-10-20,CA,CA_3,3
2014-10-20,CA,CA_4,1
2014-10-20,TX,TX_1,0
2014-10-20,TX,TX_2,2
2014-10-20,TX,TX_3,0
2014-10-20,WI,WI_1,0
2014-10-20,WI,WI_2,2
2014-10-20,WI,WI_3,0
2014-10-21,CA,CA_1,1
2014-10-21,CA,CA_2,3
2014-10-21,CA,CA_3,4
2014-10-21,CA,CA_4,1
2014-10-21,TX,TX_1,0
2014-10-21,TX,TX_2,0
2014-10-21,TX,TX_3,0
2014-10-21,WI,WI_1,2
2014-10-21,WI,WI_2,1
2014-10-21,WI,WI_3,0
2014-10-22,CA,CA_1,0
2014-10-22,CA,CA_2,2
2014-10-22,CA,CA_3,1
2014-10-22,CA,CA_4,0
2014-10-22,TX,TX_1,0
2014-10-22,TX,TX_2,0
2014-10-22,TX,TX_3,5
2014-10-22,WI,WI_1,5
2014-10-22,WI,WI_2,2
2014-10-22,WI,WI_3,0
2014-10-23,CA,CA_1,1
2014-10-23,CA,CA_2,0
2014-10-23,CA,CA_3,1
2014-10-23,CA,CA_4,0
2014-10-23,TX,TX_1,0
2014-10-23,TX,TX_2,1
2014-10-23,TX,TX_3,1
2014-10-23,WI,WI_1,3
2014-10-23,WI,WI_2,0
2014-10-23,WI,WI_3,0
2014-10-24,CA,CA_1,0
2014-10-24,CA,CA_2,2
2014-10-24,CA,CA_3,2
2014-10-24,CA,CA_4,1
2014-10-24,TX,TX_1,0
2014-10-24,TX,TX_2,1
2014-10-24,TX,TX_3,0
2014-10-24,WI,WI_1,3
2014-10-24,WI,WI_2,0
2014-10-24,WI,WI_3,1
2014-10-25,CA,CA_1,1
2014-10-25,CA,CA_2,0
2014-10-25,CA,CA_3,6
2014-10-25,CA,CA_4,12
2014-10-25,TX,TX_1,0
2014-10-25,TX,TX_2,1
2014-10-25,TX,TX_3,0
2014-10-25,WI,WI_1,5
2014-10-25,WI,WI_2,0
2014-10-25,WI,WI_3,0
2014-10-26,CA,CA_1,2
2014-10-26,CA,CA_2,0
2014-10-26,CA,CA_3,2
2014-10-26,CA,CA_4,1
2014-10-26,TX,TX_1,0
2014-10-26,TX,TX_2,0
2014-10-26,TX,TX_3,0
2014-10-26,WI,WI_1,1
2014-10-26,WI,WI_2,0
2014-10-26,WI,WI_3,0
2014-10-27,CA,CA_1,0
2014-10-27,CA,CA_2,0
2014-10-27,CA,CA_3,1
2014-10-27,CA,CA_4,2
2014-10-27,TX,TX_1,0
2014-10-27,TX,TX_2,0
2014-10-27,TX,TX_3,1
2014-10-27,WI,WI_1,2
2014-10-27,WI,WI_2,0
2014-10-27,WI,WI_3,0
2014-10-28,CA,CA_1,2
2014-10-28,CA,CA_2,1
2014-10-28,CA,CA_3,1
2014-10-28,CA,CA_4,1
2014-10-28,TX,TX_1,0
2014-10-28,TX,TX_2,1
2014-10-28,TX,TX_3,0
2014-10-28,WI,WI_1,3
2014-10-28,WI,WI_2,0
2014-10-28,WI,WI_3,0
2014-10-29,CA,CA_1,3
2014-10-29,CA,CA_2,0
2014-10-29,CA,CA_3,1
2014-10-29,CA,CA_4,0
2014-10-29,TX,TX_1,0
2014-10-29,TX,TX_2,0
2014-10-29,TX,TX_3,0
2014-10-29,WI,WI_1,3
2014-10-29,WI,WI_2,0
2014-10-29,WI,WI_3,0
2014-10-30,CA,CA_1,2
2014-10-30,CA,CA_2,0
2014-10-30,CA,CA_3,0
2014-10-30,CA,CA_4,2
2014-10-30,TX,TX_1,0
2014-10-30,TX,TX_2,1
2014-10-30,TX,TX_3,0
2014-10-30,WI,WI_1,8
2014-10-30,WI,WI_2,0
2014-10-30,WI,WI_3,0
2014-10-31,CA,CA_1,0
2014-10-31,CA,CA_2,0
2014-10-31,CA,CA_3,7
2014-10-31,CA,CA_4,0
2014-10-31,TX,TX_1,0
2014-10-31,TX,TX_2,0
2014-10-31,TX,TX_3,0
2014-10-31,WI,WI_1,1
2014-10-31,WI,WI_2,0
2014-10-31,WI,WI_3,0
2014-11-01,CA,CA_1,2
2014-11-01,CA,CA_2,4
2014-11-01,CA,CA_3,4
2014-11-01,CA,CA_4,1
2014-11-01,TX,TX_1,0
2014-11-01,TX,TX_2,0
2014-11-01,TX,TX_3,1
2014-11-01,WI,WI_1,9
2014-11-01,WI,WI_2,2
2014-11-01,WI,WI_3,0
2014-11-02,CA,CA_1,1
2014-11-02,CA,CA_2,2
2014-11-02,CA,CA_3,1
2014-11-02,CA,CA_4,1
2014-11-02,TX,TX_1,0
2014-11-02,TX,TX_2,0
2014-11-02,TX,TX_3,3
2014-11-02,WI,WI_1,3
2014-11-02,WI,WI_2,1
2014-11-02,WI,WI_3,0
2014-11-03,CA,CA_1,0
2014-11-03,CA,CA_2,0
2014-11-03,CA,CA_3,6
2014-11-03,CA,CA_4,1
2014-11-03,TX,TX_1,0
2014-11-03,TX,TX_2,1
2014-11-03,TX,TX_3,1
2014-11-03,WI,WI_1,1
2014-11-03,WI,WI_2,2
2014-11-03,WI,WI_3,0
2014-11-04,CA,CA_1,0
2014-11-04,CA,CA_2,0
2014-11-04,CA,CA_3,0
2014-11-04,CA,CA_4,1
2014-11-04,TX,TX_1,0
2014-11-04,TX,TX_2,1
2014-11-04,TX,TX_3,1
2014-11-04,WI,WI_1,3
2014-11-04,WI,WI_2,0
2014-11-04,WI,WI_3,0
2014-11-05,CA,CA_1,0
2014-11-05,CA,CA_2,1
2014-11-05,CA,CA_3,2
2014-11-05,CA,CA_4,0
2014-11-05,TX,TX_1,0
2014-11-05,TX,TX_2,1
2014-11-05,TX,TX_3,0
2014-11-05,WI,WI_1,1
2014-11-05,WI,WI_2,0
2014-11-05,WI,WI_3,0
2014-11-06,CA,CA_1,0
2014-11-06,CA,CA_2,4
2014-11-06,CA,CA_3,4
2014-11-06,CA,CA_4,0
2014-11-06,TX,TX_1,0
2014-11-06,TX,TX_2,4
2014-11-06,TX,TX_3,6
2014-11-06,WI,WI_1,2
2014-11-06,WI,WI_2,0
2014-11-06,WI,WI_3,0
2014-11-07,CA,CA_1,0
2014-11-07,CA,CA_2,0
2014-11-07,CA,CA_3,0
2014-11-07,CA,CA_4,0
2014-11-07,TX,TX_1,0
2014-11-07,TX,TX_2,0
2014-11-07,TX,TX_3,0
2014-11-07,WI,WI_1,2
2014-11-07,WI,WI_2,3
2014-11-07,WI,WI_3,0
2014-11-08,CA,CA_1,1
2014-11-08,CA,CA_2,0
2014-11-08,CA,CA_3,1
2014-11-08,CA,CA_4,0
2014-11-08,TX,TX_1,0
2014-11-08,TX,TX_2,0
2014-11-08,TX,TX_3,0
2014-11-08,WI,WI_1,3
2014-11-08,WI,WI_2,5
2014-11-08,WI,WI_3,0
2014-11-09,CA,CA_1,4
2014-11-09,CA,CA_2,0
2014-11-09,CA,CA_3,4
2014-11-09,CA,CA_4,2
2014-11-09,TX,TX_1,0
2014-11-09,TX,TX_2,5
2014-11-09,TX,TX_3,4
2014-11-09,WI,WI_1,6
2014-11-09,WI,WI_2,0
2014-11-09,WI,WI_3,0
2014-11-10,CA,CA_1,4
2014-11-10,CA,CA_2,0
2014-11-10,CA,CA_3,5
2014-11-10,CA,CA_4,0
2014-11-10,TX,TX_1,0
2014-11-10,TX,TX_2,0
2014-11-10,TX,TX_3,0
2014-11-10,WI,WI_1,4
2014-11-10,WI,WI_2,0
2014-11-10,WI,WI_3,3
2014-11-11,CA,CA_1,1
2014-11-11,CA,CA_2,0
2014-11-11,CA,CA_3,4
2014-11-11,CA,CA_4,0
2014-11-11,TX,TX_1,0
2014-11-11,TX,TX_2,0
2014-11-11,TX,TX_3,3
2014-11-11,WI,WI_1,0
2014-11-11,WI,WI_2,2
2014-11-11,WI,WI_3,5
2014-11-12,CA,CA_1,2
2014-11-12,CA,CA_2,0
2014-11-12,CA,CA_3,2
2014-11-12,CA,CA_4,0
2014-11-12,TX,TX_1,0
2014-11-12,TX,TX_2,1
2014-11-12,TX,TX_3,1
2014-11-12,WI,WI_1,5
2014-11-12,WI,WI_2,2
2014-11-12,WI,WI_3,3
2014-11-13,CA,CA_1,0
2014-11-13,CA,CA_2,2
2014-11-13,CA,CA_3,0
2014-11-13,CA,CA_4,0
2014-11-13,TX,TX_1,0
2014-11-13,TX,TX_2,1
2014-11-13,TX,TX_3,0
2014-11-13,WI,WI_1,6
2014-11-13,WI,WI_2,0
2014-11-13,WI,WI_3,2
2014-11-14,CA,CA_1,0
2014-11-14,CA,CA_2,2
2014-11-14,CA,CA_3,2
2014-11-14,CA,CA_4,8
2014-11-14,TX,TX_1,0
2014-11-14,TX,TX_2,3
2014-11-14,TX,TX_3,0
2014-11-14,WI,WI_1,4
2014-11-14,WI,WI_2,0
2014-11-14,WI,WI_3,3
2014-11-15,CA,CA_1,0
2014-11-15,CA,CA_2,0
2014-11-15,CA,CA_3,1
2014-11-15,CA,CA_4,1
2014-11-15,TX,TX_1,0
2014-11-15,TX,TX_2,0
2014-11-15,TX,TX_3,2
2014-11-15,WI,WI_1,4
2014-11-15,WI,WI_2,0
2014-11-15,WI,WI_3,1
2014-11-16,CA,CA_1,0
2014-11-16,CA,CA_2,3
2014-11-16,CA,CA_3,1
2014-11-16,CA,CA_4,1
2014-11-16,TX,TX_1,0
2014-11-16,TX,TX_2,3
2014-11-16,TX,TX_3,0
2014-11-16,WI,WI_1,2
2014-11-16,WI,WI_2,0
2014-11-16,WI,WI_3,3
2014-11-17,CA,CA_1,1
2014-11-17,CA,CA_2,5
2014-11-17,CA,CA_3,4
2014-11-17,CA,CA_4,1
2014-11-17,TX,TX_1,0
2014-11-17,TX,TX_2,0
2014-11-17,TX,TX_3,1
2014-11-17,WI,WI_1,9
2014-11-17,WI,WI_2,0
2014-11-17,WI,WI_3,3
2014-11-18,CA,CA_1,0
2014-11-18,CA,CA_2,0
2014-11-18,CA,CA_3,3
2014-11-18,CA,CA_4,0
2014-11-18,TX,TX_1,0
2014-11-18,TX,TX_2,0
2014-11-18,TX,TX_3,3
2014-11-18,WI,WI_1,4
2014-11-18,WI,WI_2,0
2014-11-18,WI,WI_3,2
2014-11-19,CA,CA_1,0
2014-11-19,CA,CA_2,1
2014-11-19,CA,CA_3,0
2014-11-19,CA,CA_4,2
2014-11-19,TX,TX_1,0
2014-11-19,TX,TX_2,0
2014-11-19,TX,TX_3,1
2014-11-19,WI,WI_1,2
2014-11-19,WI,WI_2,2
2014-11-19,WI,WI_3,2
2014-11-20,CA,CA_1,0
2014-11-20,CA,CA_2,0
2014-11-20,CA,CA_3,2
2014-11-20,CA,CA_4,2
2014-11-20,TX,TX_1,0
2014-11-20,TX,TX_2,0
2014-11-20,TX,TX_3,0
2014-11-20,WI,WI_1,0
2014-11-20,WI,WI_2,1
2014-11-20,WI,WI_3,1
2014-11-21,CA,CA_1,2
2014-11-21,CA,CA_2,1
2014-11-21,CA,CA_3,0
2014-11-21,CA,CA_4,0
2014-11-21,TX,TX_1,0
2014-11-21,TX,TX_2,2
2014-11-21,TX,TX_3,0
2014-11-21,WI,WI_1,0
2014-11-21,WI,WI_2,3
2014-11-21,WI,WI_3,2
2014-11-22,CA,CA_1,4
2014-11-22,CA,CA_2,0
2014-11-22,CA,CA_3,5
2014-11-22,CA,CA_4,0
2014-11-22,TX,TX_1,0
2014-11-22,TX,TX_2,1
2014-11-22,TX,TX_3,0
2014-11-22,WI,WI_1,4
2014-11-22,WI,WI_2,2
2014-11-22,WI,WI_3,0
2014-11-23,CA,CA_1,2
2014-11-23,CA,CA_2,0
2014-11-23,CA,CA_3,2
2014-11-23,CA,CA_4,0
2014-11-23,TX,TX_1,0
2014-11-23,TX,TX_2,0
2014-11-23,TX,TX_3,3
2014-11-23,WI,WI_1,5
2014-11-23,WI,WI_2,1
2014-11-23,WI,WI_3,4
2014-11-24,CA,CA_1,3
2014-11-24,CA,CA_2,2
2014-11-24,CA,CA_3,1
2014-11-24,CA,CA_4,0
2014-11-24,TX,TX_1,0
2014-11-24,TX,TX_2,0
2014-11-24,TX,TX_3,0
2014-11-24,WI,WI_1,7
2014-11-24,WI,WI_2,3
2014-11-24,WI,WI_3,2
2014-11-25,CA,CA_1,0
2014-11-25,CA,CA_2,0
2014-11-25,CA,CA_3,5
2014-11-25,CA,CA_4,1
2014-11-25,TX,TX_1,0
2014-11-25,TX,TX_2,2
2014-11-25,TX,TX_3,1
2014-11-25,WI,WI_1,5
2014-11-25,WI,WI_2,1
2014-11-25,WI,WI_3,6
2014-11-26,CA,CA_1,0
2014-11-26,CA,CA_2,8
2014-11-26,CA,CA_3,2
2014-11-26,CA,CA_4,1
2014-11-26,TX,TX_1,0
2014-11-26,TX,TX_2,1
2014-11-26,TX,TX_3,0
2014-11-26,WI,WI_1,1
2014-11-26,WI,WI_2,0
2014-11-26,WI,WI_3,0
2014-11-27,CA,CA_1,0
2014-11-27,CA,CA_2,0
2014-11-27,CA,CA_3,0
2014-11-27,CA,CA_4,0
2014-11-27,TX,TX_1,0
2014-11-27,TX,TX_2,0
2014-11-27,TX,TX_3,0
2014-11-27,WI,WI_1,1
2014-11-27,WI,WI_2,0
2014-11-27,WI,WI_3,2
2014-11-28,CA,CA_1,0
2014-11-28,CA,CA_2,0
2014-11-28,CA,CA_3,1
2014-11-28,CA,CA_4,0
2014-11-28,TX,TX_1,0
2014-11-28,TX,TX_2,0
2014-11-28,TX,TX_3,0
2014-11-28,WI,WI_1,2
2014-11-28,WI,WI_2,3
2014-11-28,WI,WI_3,2
2014-11-29,CA,CA_1,0
2014-11-29,CA,CA_2,0
2014-11-29,CA,CA_3,1
2014-11-29,CA,CA_4,1
2014-11-29,TX,TX_1,0
2014-11-29,TX,TX_2,1
2014-11-29,TX,TX_3,0
2014-11-29,WI,WI_1,5
2014-11-29,WI,WI_2,5
2014-11-29,WI,WI_3,2
2014-11-30,CA,CA_1,0
2014-11-30,CA,CA_2,1
2014-11-30,CA,CA_3,2
2014-11-30,CA,CA_4,0
2014-11-30,TX,TX_1,0
2014-11-30,TX,TX_2,2
2014-11-30,TX,TX_3,0
2014-11-30,WI,WI_1,2
2014-11-30,WI,WI_2,4
2014-11-30,WI,WI_3,1
2014-12-01,CA,CA_1,2
2014-12-01,CA,CA_2,0
2014-12-01,CA,CA_3,0
2014-12-01,CA,CA_4,1
2014-12-01,TX,TX_1,0
2014-12-01,TX,TX_2,4
2014-12-01,TX,TX_3,0
2014-12-01,WI,WI_1,1
2014-12-01,WI,WI_2,1
2014-12-01,WI,WI_3,4
2014-12-02,CA,CA_1,4
2014-12-02,CA,CA_2,0
2014-12-02,CA,CA_3,1
2014-12-02,CA,CA_4,1
2014-12-02,TX,TX_1,0
2014-12-02,TX,TX_2,0
2014-12-02,TX,TX_3,0
2014-12-02,WI,WI_1,4
2014-12-02,WI,WI_2,0
2014-12-02,WI,WI_3,0
2014-12-03,CA,CA_1,0
2014-12-03,CA,CA_2,0
2014-12-03,CA,CA_3,3
2014-12-03,CA,CA_4,0
2014-12-03,TX,TX_1,0
2014-12-03,TX,TX_2,0
2014-12-03,TX,TX_3,0
2014-12-03,WI,WI_1,2
2014-12-03,WI,WI_2,4
2014-12-03,WI,WI_3,5
2014-12-04,CA,CA_1,0
2014-12-04,CA,CA_2,1
2014-12-04,CA,CA_3,4
2014-12-04,CA,CA_4,1
2014-12-04,TX,TX_1,0
2014-12-04,TX,TX_2,0
2014-12-04,TX,TX_3,1
2014-12-04,WI,WI_1,0
2014-12-04,WI,WI_2,1
2014-12-04,WI,WI_3,1
2014-12-05,CA,CA_1,0
2014-12-05,CA,CA_2,0
2014-12-05,CA,CA_3,3
2014-12-05,CA,CA_4,0
2014-12-05,TX,TX_1,0
2014-12-05,TX,TX_2,2
2014-12-05,TX,TX_3,1
2014-12-05,WI,WI_1,5
2014-12-05,WI,WI_2,3
2014-12-05,WI,WI_3,4
2014-12-06,CA,CA_1,0
2014-12-06,CA,CA_2,0
2014-12-06,CA,CA_3,6
2014-12-06,CA,CA_4,0
2014-12-06,TX,TX_1,0
2014-12-06,TX,TX_2,4
2014-12-06,TX,TX_3,0
2014-12-06,WI,WI_1,6
2014-12-06,WI,WI_2,3
2014-12-06,WI,WI_3,0
2014-12-07,CA,CA_1,1
2014-12-07,CA,CA_2,0
2014-12-07,CA,CA_3,1
2014-12-07,CA,CA_4,1
2014-12-07,TX,TX_1,0
2014-12-07,TX,TX_2,1
2014-12-07,TX,TX_3,3
2014-12-07,WI,WI_1,6
2014-12-07,WI,WI_2,3
2014-12-07,WI,WI_3,1
2014-12-08,CA,CA_1,0
2014-12-08,CA,CA_2,1
2014-12-08,CA,CA_3,1
2014-12-08,CA,CA_4,2
2014-12-08,TX,TX_1,0
2014-12-08,TX,TX_2,2
2014-12-08,TX,TX_3,0
2014-12-08,WI,WI_1,4
2014-12-08,WI,WI_2,1
2014-12-08,WI,WI_3,2
2014-12-09,CA,CA_1,0
2014-12-09,CA,CA_2,2
2014-12-09,CA,CA_3,0
2014-12-09,CA,CA_4,2
2014-12-09,TX,TX_1,0
2014-12-09,TX,TX_2,0
2014-12-09,TX,TX_3,3
2014-12-09,WI,WI_1,1
2014-12-09,WI,WI_2,10
2014-12-09,WI,WI_3,2
2014-12-10,CA,CA_1,0
2014-12-10,CA,CA_2,3
2014-12-10,CA,CA_3,6
2014-12-10,CA,CA_4,0
2014-12-10,TX,TX_1,0
2014-12-10,TX,TX_2,1
2014-12-10,TX,TX_3,0
2014-12-10,WI,WI_1,1
2014-12-10,WI,WI_2,0
2014-12-10,WI,WI_3,5
2014-12-11,CA,CA_1,2
2014-12-11,CA,CA_2,0
2014-12-11,CA,CA_3,1
2014-12-11,CA,CA_4,0
2014-12-11,TX,TX_1,0
2014-12-11,TX,TX_2,0
2014-12-11,TX,TX_3,0
2014-12-11,WI,WI_1,1
2014-12-11,WI,WI_2,0
2014-12-11,WI,WI_3,1
2014-12-12,CA,CA_1,0
2014-12-12,CA,CA_2,0
2014-12-12,CA,CA_3,5
2014-12-12,CA,CA_4,3
2014-12-12,TX,TX_1,0
2014-12-12,TX,TX_2,1
2014-12-12,TX,TX_3,0
2014-12-12,WI,WI_1,1
2014-12-12,WI,WI_2,1
2014-12-12,WI,WI_3,1
2014-12-13,CA,CA_1,2
2014-12-13,CA,CA_2,0
2014-12-13,CA,CA_3,3
2014-12-13,CA,CA_4,2
2014-12-13,TX,TX_1,0
2014-12-13,TX,TX_2,5
2014-12-13,TX,TX_3,0
2014-12-13,WI,WI_1,4
2014-12-13,WI,WI_2,2
2014-12-13,WI,WI_3,1
2014-12-14,CA,CA_1,0
2014-12-14,CA,CA_2,2
2014-12-14,CA,CA_3,5
2014-12-14,CA,CA_4,2
2014-12-14,TX,TX_1,0
2014-12-14,TX,TX_2,1
2014-12-14,TX,TX_3,1
2014-12-14,WI,WI_1,5
2014-12-14,WI,WI_2,5
2014-12-14,WI,WI_3,3
2014-12-15,CA,CA_1,0
2014-12-15,CA,CA_2,3
2014-12-15,CA,CA_3,0
2014-12-15,CA,CA_4,0
2014-12-15,TX,TX_1,0
2014-12-15,TX,TX_2,1
2014-12-15,TX,TX_3,1
2014-12-15,WI,WI_1,3
2014-12-15,WI,WI_2,0
2014-12-15,WI,WI_3,3
2014-12-16,CA,CA_1,0
2014-12-16,CA,CA_2,1
2014-12-16,CA,CA_3,1
2014-12-16,CA,CA_4,0
2014-12-16,TX,TX_1,0
2014-12-16,TX,TX_2,1
2014-12-16,TX,TX_3,0
2014-12-16,WI,WI_1,5
2014-12-16,WI,WI_2,3
2014-12-16,WI,WI_3,1
2014-12-17,CA,CA_1,0
2014-12-17,CA,CA_2,0
2014-12-17,CA,CA_3,1
2014-12-17,CA,CA_4,2
2014-12-17,TX,TX_1,0
2014-12-17,TX,TX_2,0
2014-12-17,TX,TX_3,0
2014-12-17,WI,WI_1,3
2014-12-17,WI,WI_2,0
2014-12-17,WI,WI_3,0
2014-12-18,CA,CA_1,0
2014-12-18,CA,CA_2,0
2014-12-18,CA,CA_3,3
2014-12-18,CA,CA_4,0
2014-12-18,TX,TX_1,0
2014-12-18,TX,TX_2,1
2014-12-18,TX,TX_3,1
2014-12-18,WI,WI_1,1
2014-12-18,WI,WI_2,1
2014-12-18,WI,WI_3,2
2014-12-19,CA,CA_1,0
2014-12-19,CA,CA_2,4
2014-12-19,CA,CA_3,2
2014-12-19,CA,CA_4,0
2014-12-19,TX,TX_1,0
2014-12-19,TX,TX_2,0
2014-12-19,TX,TX_3,0
2014-12-19,WI,WI_1,0
2014-12-19,WI,WI_2,0
2014-12-19,WI,WI_3,5
2014-12-20,CA,CA_1,0
2014-12-20,CA,CA_2,2
2014-12-20,CA,CA_3,1
2014-12-20,CA,CA_4,0
2014-12-20,TX,TX_1,0
2014-12-20,TX,TX_2,0
2014-12-20,TX,TX_3,0
2014-12-20,WI,WI_1,0
2014-12-20,WI,WI_2,2
2014-12-20,WI,WI_3,4
2014-12-21,CA,CA_1,0
2014-12-21,CA,CA_2,3
2014-12-21,CA,CA_3,1
2014-12-21,CA,CA_4,0
2014-12-21,TX,TX_1,0
2014-12-21,TX,TX_2,1
2014-12-21,TX,TX_3,0
2014-12-21,WI,WI_1,3
2014-12-21,WI,WI_2,3
2014-12-21,WI,WI_3,0
2014-12-22,CA,CA_1,0
2014-12-22,CA,CA_2,0
2014-12-22,CA,CA_3,1
2014-12-22,CA,CA_4,0
2014-12-22,TX,TX_1,0
2014-12-22,TX,TX_2,0
2014-12-22,TX,TX_3,1
2014-12-22,WI,WI_1,3
2014-12-22,WI,WI_2,3
2014-12-22,WI,WI_3,1
2014-12-23,CA,CA_1,0
2014-12-23,CA,CA_2,0
2014-12-23,CA,CA_3,2
2014-12-23,CA,CA_4,0
2014-12-23,TX,TX_1,0
2014-12-23,TX,TX_2,2
2014-12-23,TX,TX_3,1
2014-12-23,WI,WI_1,1
2014-12-23,WI,WI_2,1
2014-12-23,WI,WI_3,3
2014-12-24,CA,CA_1,0
2014-12-24,CA,CA_2,0
2014-12-24,CA,CA_3,5
2014-12-24,CA,CA_4,0
2014-12-24,TX,TX_1,0
2014-12-24,TX,TX_2,1
2014-12-24,TX,TX_3,0
2014-12-24,WI,WI_1,2
2014-12-24,WI,WI_2,0
2014-12-24,WI,WI_3,2
2014-12-25,CA,CA_1,0
2014-12-25,CA,CA_2,0
2014-12-25,CA,CA_3,0
2014-12-25,CA,CA_4,0
2014-12-25,TX,TX_1,0
2014-12-25,TX,TX_2,0
2014-12-25,TX,TX_3,0
2014-12-25,WI,WI_1,0
2014-12-25,WI,WI_2,0
2014-12-25,WI,WI_3,0
2014-12-26,CA,CA_1,0
2014-12-26,CA,CA_2,0
2014-12-26,CA,CA_3,0
2014-12-26,CA,CA_4,1
2014-12-26,TX,TX_1,0
2014-12-26,TX,TX_2,1
2014-12-26,TX,TX_3,1
2014-12-26,WI,WI_1,3
2014-12-26,WI,WI_2,2
2014-12-26,WI,WI_3,2
2014-12-27,CA,CA_1,0
2014-12-27,CA,CA_2,0
2014-12-27,CA,CA_3,3
2014-12-27,CA,CA_4,0
2014-12-27,TX,TX_1,0
2014-12-27,TX,TX_2,2
2014-12-27,TX,TX_3,0
2014-12-27,WI,WI_1,0
2014-12-27,WI,WI_2,3
2014-12-27,WI,WI_3,1
2014-12-28,CA,CA_1,0
2014-12-28,CA,CA_2,1
2014-12-28,CA,CA_3,0
2014-12-28,CA,CA_4,0
2014-12-28,TX,TX_1,0
2014-12-28,TX,TX_2,0
2014-12-28,TX,TX_3,0
2014-12-28,WI,WI_1,8
2014-12-28,WI,WI_2,4
2014-12-28,WI,WI_3,2
2014-12-29,CA,CA_1,0
2014-12-29,CA,CA_2,0
2014-12-29,CA,CA_3,2
2014-12-29,CA,CA_4,1
2014-12-29,TX,TX_1,0
2014-12-29,TX,TX_2,0
2014-12-29,TX,TX_3,0
2014-12-29,WI,WI_1,7
2014-12-29,WI,WI_2,2
2014-12-29,WI,WI_3,0
2014-12-30,CA,CA_1,0
2014-12-30,CA,CA_2,2
2014-12-30,CA,CA_3,1
2014-12-30,CA,CA_4,0
2014-12-30,TX,TX_1,0
2014-12-30,TX,TX_2,0
2014-12-30,TX,TX_3,0
2014-12-30,WI,WI_1,1
2014-12-30,WI,WI_2,0
2014-12-30,WI,WI_3,3
2014-12-31,CA,CA_1,0
2014-12-31,CA,CA_2,1
2014-12-31,CA,CA_3,2
2014-12-31,CA,CA_4,0
2014-12-31,TX,TX_1,0
2014-12-31,TX,TX_2,2
2014-12-31,TX,TX_3,0
2014-12-31,WI,WI_1,4
2014-12-31,WI,WI_2,2
2014-12-31,WI,WI_3,1
2015-01-01,CA,CA_1,0
2015-01-01,CA,CA_2,0
2015-01-01,CA,CA_3,1
2015-01-01,CA,CA_4,0
2015-01-01,TX,TX_1,0
2015-01-01,TX,TX_2,1
2015-01-01,TX,TX_3,0
2015-01-01,WI,WI_1,5
2015-01-01,WI,WI_2,0
2015-01-01,WI,WI_3,0
2015-01-02,CA,CA_1,0
2015-01-02,CA,CA_2,1
2015-01-02,CA,CA_3,4
2015-01-02,CA,CA_4,0
2015-01-02,TX,TX_1,0
2015-01-02,TX,TX_2,1
2015-01-02,TX,TX_3,0
2015-01-02,WI,WI_1,9
2015-01-02,WI,WI_2,0
2015-01-02,WI,WI_3,3
2015-01-03,CA,CA_1,0
2015-01-03,CA,CA_2,1
2015-01-03,CA,CA_3,1
2015-01-03,CA,CA_4,1
2015-01-03,TX,TX_1,0
2015-01-03,TX,TX_2,2
2015-01-03,TX,TX_3,1
2015-01-03,WI,WI_1,1
2015-01-03,WI,WI_2,4
2015-01-03,WI,WI_3,0
2015-01-04,CA,CA_1,0
2015-01-04,CA,CA_2,0
2015-01-04,CA,CA_3,3
2015-01-04,CA,CA_4,1
2015-01-04,TX,TX_1,0
2015-01-04,TX,TX_2,0
2015-01-04,TX,TX_3,2
2015-01-04,WI,WI_1,3
2015-01-04,WI,WI_2,2
2015-01-04,WI,WI_3,0
2015-01-05,CA,CA_1,1
2015-01-05,CA,CA_2,3
2015-01-05,CA,CA_3,0
2015-01-05,CA,CA_4,0
2015-01-05,TX,TX_1,0
2015-01-05,TX,TX_2,3
2015-01-05,TX,TX_3,0
2015-01-05,WI,WI_1,5
2015-01-05,WI,WI_2,4
2015-01-05,WI,WI_3,1
2015-01-06,CA,CA_1,0
2015-01-06,CA,CA_2,0
2015-01-06,CA,CA_3,3
2015-01-06,CA,CA_4,1
2015-01-06,TX,TX_1,0
2015-01-06,TX,TX_2,1
2015-01-06,TX,TX_3,0
2015-01-06,WI,WI_1,1
2015-01-06,WI,WI_2,1
2015-01-06,WI,WI_3,0
2015-01-07,CA,CA_1,0
2015-01-07,CA,CA_2,1
2015-01-07,CA,CA_3,4
2015-01-07,CA,CA_4,0
2015-01-07,TX,TX_1,0
2015-01-07,TX,TX_2,3
2015-01-07,TX,TX_3,0
2015-01-07,WI,WI_1,4
2015-01-07,WI,WI_2,0
2015-01-07,WI,WI_3,1
2015-01-08,CA,CA_1,0
2015-01-08,CA,CA_2,2
2015-01-08,CA,CA_3,1
2015-01-08,CA,CA_4,1
2015-01-08,TX,TX_1,0
2015-01-08,TX,TX_2,2
2015-01-08,TX,TX_3,1
2015-01-08,WI,WI_1,2
2015-01-08,WI,WI_2,2
2015-01-08,WI,WI_3,3
2015-01-09,CA,CA_1,0
2015-01-09,CA,CA_2,0
2015-01-09,CA,CA_3,4
2015-01-09,CA,CA_4,7
2015-01-09,TX,TX_1,0
2015-01-09,TX,TX_2,1
2015-01-09,TX,TX_3,0
2015-01-09,WI,WI_1,0
2015-01-09,WI,WI_2,4
2015-01-09,WI,WI_3,0
2015-01-10,CA,CA_1,0
2015-01-10,CA,CA_2,2
2015-01-10,CA,CA_3,6
2015-01-10,CA,CA_4,0
2015-01-10,TX,TX_1,0
2015-01-10,TX,TX_2,0
2015-01-10,TX,TX_3,0
2015-01-10,WI,WI_1,5
2015-01-10,WI,WI_2,0
2015-01-10,WI,WI_3,2
2015-01-11,CA,CA_1,0
2015-01-11,CA,CA_2,0
2015-01-11,CA,CA_3,1
2015-01-11,CA,CA_4,0
2015-01-11,TX,TX_1,0
2015-01-11,TX,TX_2,0
2015-01-11,TX,TX_3,1
2015-01-11,WI,WI_1,4
2015-01-11,WI,WI_2,0
2015-01-11,WI,WI_3,1
2015-01-12,CA,CA_1,0
2015-01-12,CA,CA_2,0
2015-01-12,CA,CA_3,1
2015-01-12,CA,CA_4,0
2015-01-12,TX,TX_1,0
2015-01-12,TX,TX_2,2
2015-01-12,TX,TX_3,0
2015-01-12,WI,WI_1,4
2015-01-12,WI,WI_2,0
2015-01-12,WI,WI_3,1
2015-01-13,CA,CA_1,0
2015-01-13,CA,CA_2,3
2015-01-13,CA,CA_3,0
2015-01-13,CA,CA_4,0
2015-01-13,TX,TX_1,0
2015-01-13,TX,TX_2,0
2015-01-13,TX,TX_3,0
2015-01-13,WI,WI_1,2
2015-01-13,WI,WI_2,9
2015-01-13,WI,WI_3,1
2015-01-14,CA,CA_1,0
2015-01-14,CA,CA_2,0
2015-01-14,CA,CA_3,2
2015-01-14,CA,CA_4,0
2015-01-14,TX,TX_1,0
2015-01-14,TX,TX_2,0
2015-01-14,TX,TX_3,0
2015-01-14,WI,WI_1,5
2015-01-14,WI,WI_2,1
2015-01-14,WI,WI_3,4
2015-01-15,CA,CA_1,0
2015-01-15,CA,CA_2,2
2015-01-15,CA,CA_3,0
2015-01-15,CA,CA_4,0
2015-01-15,TX,TX_1,0
2015-01-15,TX,TX_2,1
2015-01-15,TX,TX_3,0
2015-01-15,WI,WI_1,3
2015-01-15,WI,WI_2,2
2015-01-15,WI,WI_3,4
2015-01-16,CA,CA_1,0
2015-01-16,CA,CA_2,0
2015-01-16,CA,CA_3,1
2015-01-16,CA,CA_4,1
2015-01-16,TX,TX_1,0
2015-01-16,TX,TX_2,0
2015-01-16,TX,TX_3,2
2015-01-16,WI,WI_1,5
2015-01-16,WI,WI_2,5
2015-01-16,WI,WI_3,3
2015-01-17,CA,CA_1,0
2015-01-17,CA,CA_2,0
2015-01-17,CA,CA_3,1
2015-01-17,CA,CA_4,1
2015-01-17,TX,TX_1,0
2015-01-17,TX,TX_2,1
2015-01-17,TX,TX_3,0
2015-01-17,WI,WI_1,5
2015-01-17,WI,WI_2,1
2015-01-17,WI,WI_3,1
2015-01-18,CA,CA_1,0
2015-01-18,CA,CA_2,1
2015-01-18,CA,CA_3,2
2015-01-18,CA,CA_4,1
2015-01-18,TX,TX_1,0
2015-01-18,TX,TX_2,4
2015-01-18,TX,TX_3,1
2015-01-18,WI,WI_1,2
2015-01-18,WI,WI_2,0
2015-01-18,WI,WI_3,0
2015-01-19,CA,CA_1,0
2015-01-19,CA,CA_2,0
2015-01-19,CA,CA_3,0
2015-01-19,CA,CA_4,1
2015-01-19,TX,TX_1,0
2015-01-19,TX,TX_2,4
2015-01-19,TX,TX_3,0
2015-01-19,WI,WI_1,10
2015-01-19,WI,WI_2,3
2015-01-19,WI,WI_3,0
2015-01-20,CA,CA_1,0
2015-01-20,CA,CA_2,0
2015-01-20,CA,CA_3,1
2015-01-20,CA,CA_4,0
2015-01-20,TX,TX_1,0
2015-01-20,TX,TX_2,2
2015-01-20,TX,TX_3,0
2015-01-20,WI,WI_1,1
2015-01-20,WI,WI_2,3
2015-01-20,WI,WI_3,13
2015-01-21,CA,CA_1,0
2015-01-21,CA,CA_2,0
2015-01-21,CA,CA_3,0
2015-01-21,CA,CA_4,0
2015-01-21,TX,TX_1,0
2015-01-21,TX,TX_2,0
2015-01-21,TX,TX_3,1
2015-01-21,WI,WI_1,2
2015-01-21,WI,WI_2,0
2015-01-21,WI,WI_3,0
2015-01-22,CA,CA_1,0
2015-01-22,CA,CA_2,3
2015-01-22,CA,CA_3,1
2015-01-22,CA,CA_4,0
2015-01-22,TX,TX_1,0
2015-01-22,TX,TX_2,0
2015-01-22,TX,TX_3,0
2015-01-22,WI,WI_1,7
2015-01-22,WI,WI_2,0
2015-01-22,WI,WI_3,0
2015-01-23,CA,CA_1,0
2015-01-23,CA,CA_2,2
2015-01-23,CA,CA_3,0
2015-01-23,CA,CA_4,3
2015-01-23,TX,TX_1,0
2015-01-23,TX,TX_2,0
2015-01-23,TX,TX_3,0
2015-01-23,WI,WI_1,1
2015-01-23,WI,WI_2,1
2015-01-23,WI,WI_3,0
2015-01-24,CA,CA_1,0
2015-01-24,CA,CA_2,0
2015-01-24,CA,CA_3,2
2015-01-24,CA,CA_4,0
2015-01-24,TX,TX_1,0
2015-01-24,TX,TX_2,0
2015-01-24,TX,TX_3,0
2015-01-24,WI,WI_1,6
2015-01-24,WI,WI_2,2
2015-01-24,WI,WI_3,4
2015-01-25,CA,CA_1,0
2015-01-25,CA,CA_2,0
2015-01-25,CA,CA_3,1
2015-01-25,CA,CA_4,0
2015-01-25,TX,TX_1,0
2015-01-25,TX,TX_2,1
2015-01-25,TX,TX_3,0
2015-01-25,WI,WI_1,3
2015-01-25,WI,WI_2,1
2015-01-25,WI,WI_3,1
2015-01-26,CA,CA_1,0
2015-01-26,CA,CA_2,0
2015-01-26,CA,CA_3,1
2015-01-26,CA,CA_4,0
2015-01-26,TX,TX_1,0
2015-01-26,TX,TX_2,1
2015-01-26,TX,TX_3,0
2015-01-26,WI,WI_1,1
2015-01-26,WI,WI_2,0
2015-01-26,WI,WI_3,0
2015-01-27,CA,CA_1,0
2015-01-27,CA,CA_2,1
2015-01-27,CA,CA_3,4
2015-01-27,CA,CA_4,0
2015-01-27,TX,TX_1,0
2015-01-27,TX,TX_2,2
2015-01-27,TX,TX_3,1
2015-01-27,WI,WI_1,3
2015-01-27,WI,WI_2,0
2015-01-27,WI,WI_3,2
2015-01-28,CA,CA_1,0
2015-01-28,CA,CA_2,0
2015-01-28,CA,CA_3,3
2015-01-28,CA,CA_4,1
2015-01-28,TX,TX_1,0
2015-01-28,TX,TX_2,1
2015-01-28,TX,TX_3,0
2015-01-28,WI,WI_1,0
2015-01-28,WI,WI_2,2
2015-01-28,WI,WI_3,0
2015-01-29,CA,CA_1,0
2015-01-29,CA,CA_2,0
2015-01-29,CA,CA_3,2
2015-01-29,CA,CA_4,1
2015-01-29,TX,TX_1,0
2015-01-29,TX,TX_2,1
2015-01-29,TX,TX_3,1
2015-01-29,WI,WI_1,4
2015-01-29,WI,WI_2,2
2015-01-29,WI,WI_3,3
2015-01-30,CA,CA_1,0
2015-01-30,CA,CA_2,0
2015-01-30,CA,CA_3,0
2015-01-30,CA,CA_4,0
2015-01-30,TX,TX_1,0
2015-01-30,TX,TX_2,3
2015-01-30,TX,TX_3,1
2015-01-30,WI,WI_1,1
2015-01-30,WI,WI_2,0
2015-01-30,WI,WI_3,2
2015-01-31,CA,CA_1,0
2015-01-31,CA,CA_2,1
2015-01-31,CA,CA_3,2
2015-01-31,CA,CA_4,1
2015-01-31,TX,TX_1,0
2015-01-31,TX,TX_2,0
2015-01-31,TX,TX_3,1
2015-01-31,WI,WI_1,6
2015-01-31,WI,WI_2,0
2015-01-31,WI,WI_3,2
2015-02-01,CA,CA_1,0
2015-02-01,CA,CA_2,7
2015-02-01,CA,CA_3,0
2015-02-01,CA,CA_4,0
2015-02-01,TX,TX_1,0
2015-02-01,TX,TX_2,3
2015-02-01,TX,TX_3,3
2015-02-01,WI,WI_1,2
2015-02-01,WI,WI_2,0
2015-02-01,WI,WI_3,1
2015-02-02,CA,CA_1,0
2015-02-02,CA,CA_2,1
2015-02-02,CA,CA_3,2
2015-02-02,CA,CA_4,1
2015-02-02,TX,TX_1,0
2015-02-02,TX,TX_2,0
2015-02-02,TX,TX_3,0
2015-02-02,WI,WI_1,1
2015-02-02,WI,WI_2,0
2015-02-02,WI,WI_3,4
2015-02-03,CA,CA_1,0
2015-02-03,CA,CA_2,0
2015-02-03,CA,CA_3,2
2015-02-03,CA,CA_4,0
2015-02-03,TX,TX_1,0
2015-02-03,TX,TX_2,0
2015-02-03,TX,TX_3,1
2015-02-03,WI,WI_1,4
2015-02-03,WI,WI_2,0
2015-02-03,WI,WI_3,2
2015-02-04,CA,CA_1,0
2015-02-04,CA,CA_2,0
2015-02-04,CA,CA_3,4
2015-02-04,CA,CA_4,2
2015-02-04,TX,TX_1,0
2015-02-04,TX,TX_2,2
2015-02-04,TX,TX_3,2
2015-02-04,WI,WI_1,2
2015-02-04,WI,WI_2,0
2015-02-04,WI,WI_3,0
2015-02-05,CA,CA_1,0
2015-02-05,CA,CA_2,0
2015-02-05,CA,CA_3,6
2015-02-05,CA,CA_4,0
2015-02-05,TX,TX_1,0
2015-02-05,TX,TX_2,2
2015-02-05,TX,TX_3,3
2015-02-05,WI,WI_1,5
2015-02-05,WI,WI_2,0
2015-02-05,WI,WI_3,0
2015-02-06,CA,CA_1,0
2015-02-06,CA,CA_2,1
2015-02-06,CA,CA_3,2
2015-02-06,CA,CA_4,1
2015-02-06,TX,TX_1,0
2015-02-06,TX,TX_2,1
2015-02-06,TX,TX_3,2
2015-02-06,WI,WI_1,0
2015-02-06,WI,WI_2,0
2015-02-06,WI,WI_3,5
2015-02-07,CA,CA_1,0
2015-02-07,CA,CA_2,4
2015-02-07,CA,CA_3,5
2015-02-07,CA,CA_4,0
2015-02-07,TX,TX_1,0
2015-02-07,TX,TX_2,0
2015-02-07,TX,TX_3,0
2015-02-07,WI,WI_1,5
2015-02-07,WI,WI_2,6
2015-02-07,WI,WI_3,2
2015-02-08,CA,CA_1,0
2015-02-08,CA,CA_2,1
2015-02-08,CA,CA_3,8
2015-02-08,CA,CA_4,0
2015-02-08,TX,TX_1,0
2015-02-08,TX,TX_2,0
2015-02-08,TX,TX_3,0
2015-02-08,WI,WI_1,4
2015-02-08,WI,WI_2,4
2015-02-08,WI,WI_3,2
2015-02-09,CA,CA_1,0
2015-02-09,CA,CA_2,0
2015-02-09,CA,CA_3,6
2015-02-09,CA,CA_4,1
2015-02-09,TX,TX_1,0
2015-02-09,TX,TX_2,1
2015-02-09,TX,TX_3,0
2015-02-09,WI,WI_1,0
2015-02-09,WI,WI_2,2
2015-02-09,WI,WI_3,2
2015-02-10,CA,CA_1,0
2015-02-10,CA,CA_2,1
2015-02-10,CA,CA_3,2
2015-02-10,CA,CA_4,5
2015-02-10,TX,TX_1,0
2015-02-10,TX,TX_2,0
2015-02-10,TX,TX_3,0
2015-02-10,WI,WI_1,1
2015-02-10,WI,WI_2,0
2015-02-10,WI,WI_3,0
2015-02-11,CA,CA_1,0
2015-02-11,CA,CA_2,0
2015-02-11,CA,CA_3,2
2015-02-11,CA,CA_4,0
2015-02-11,TX,TX_1,0
2015-02-11,TX,TX_2,2
2015-02-11,TX,TX_3,0
2015-02-11,WI,WI_1,4
2015-02-11,WI,WI_2,0
2015-02-11,WI,WI_3,1
2015-02-12,CA,CA_1,0
2015-02-12,CA,CA_2,1
2015-02-12,CA,CA_3,3
2015-02-12,CA,CA_4,0
2015-02-12,TX,TX_1,0
2015-02-12,TX,TX_2,0
2015-02-12,TX,TX_3,0
2015-02-12,WI,WI_1,1
2015-02-12,WI,WI_2,0
2015-02-12,WI,WI_3,0
2015-02-13,CA,CA_1,0
2015-02-13,CA,CA_2,0
2015-02-13,CA,CA_3,0
2015-02-13,CA,CA_4,0
2015-02-13,TX,TX_1,0
2015-02-13,TX,TX_2,0
2015-02-13,TX,TX_3,0
2015-02-13,WI,WI_1,4
2015-02-13,WI,WI_2,5
2015-02-13,WI,WI_3,3
2015-02-14,CA,CA_1,0
2015-02-14,CA,CA_2,1
2015-02-14,CA,CA_3,0
2015-02-14,CA,CA_4,2
2015-02-14,TX,TX_1,0
2015-02-14,TX,TX_2,2
2015-02-14,TX,TX_3,0
2015-02-14,WI,WI_1,1
2015-02-14,WI,WI_2,3
2015-02-14,WI,WI_3,4
2015-02-15,CA,CA_1,0
2015-02-15,CA,CA_2,1
2015-02-15,CA,CA_3,4
2015-02-15,CA,CA_4,0
2015-02-15,TX,TX_1,0
2015-02-15,TX,TX_2,1
2015-02-15,TX,TX_3,1
2015-02-15,WI,WI_1,4
2015-02-15,WI,WI_2,12
2015-02-15,WI,WI_3,4
2015-02-16,CA,CA_1,0
2015-02-16,CA,CA_2,0
2015-02-16,CA,CA_3,4
2015-02-16,CA,CA_4,1
2015-02-16,TX,TX_1,0
2015-02-16,TX,TX_2,1
2015-02-16,TX,TX_3,0
2015-02-16,WI,WI_1,0
2015-02-16,WI,WI_2,2
2015-02-16,WI,WI_3,2
2015-02-17,CA,CA_1,0
2015-02-17,CA,CA_2,1
2015-02-17,CA,CA_3,2
2015-02-17,CA,CA_4,0
2015-02-17,TX,TX_1,0
2015-02-17,TX,TX_2,0
2015-02-17,TX,TX_3,0
2015-02-17,WI,WI_1,0
2015-02-17,WI,WI_2,1
2015-02-17,WI,WI_3,1
2015-02-18,CA,CA_1,0
2015-02-18,CA,CA_2,3
2015-02-18,CA,CA_3,1
2015-02-18,CA,CA_4,3
2015-02-18,TX,TX_1,1
2015-02-18,TX,TX_2,0
2015-02-18,TX,TX_3,1
2015-02-18,WI,WI_1,4
2015-02-18,WI,WI_2,1
2015-02-18,WI,WI_3,0
2015-02-19,CA,CA_1,0
2015-02-19,CA,CA_2,0
2015-02-19,CA,CA_3,0
2015-02-19,CA,CA_4,1
2015-02-19,TX,TX_1,0
2015-02-19,TX,TX_2,0
2015-02-19,TX,TX_3,0
2015-02-19,WI,WI_1,2
2015-02-19,WI,WI_2,2
2015-02-19,WI,WI_3,1
2015-02-20,CA,CA_1,0
2015-02-20,CA,CA_2,0
2015-02-20,CA,CA_3,1
2015-02-20,CA,CA_4,2
2015-02-20,TX,TX_1,1
2015-02-20,TX,TX_2,0
2015-02-20,TX,TX_3,0
2015-02-20,WI,WI_1,2
2015-02-20,WI,WI_2,1
2015-02-20,WI,WI_3,7
2015-02-21,CA,CA_1,0
2015-02-21,CA,CA_2,0
2015-02-21,CA,CA_3,3
2015-02-21,CA,CA_4,2
2015-02-21,TX,TX_1,1
2015-02-21,TX,TX_2,1
2015-02-21,TX,TX_3,0
2015-02-21,WI,WI_1,4
2015-02-21,WI,WI_2,0
2015-02-21,WI,WI_3,3
2015-02-22,CA,CA_1,0
2015-02-22,CA,CA_2,2
2015-02-22,CA,CA_3,0
2015-02-22,CA,CA_4,3
2015-02-22,TX,TX_1,1
2015-02-22,TX,TX_2,2
2015-02-22,TX,TX_3,1
2015-02-22,WI,WI_1,2
2015-02-22,WI,WI_2,0
2015-02-22,WI,WI_3,1
2015-02-23,CA,CA_1,0
2015-02-23,CA,CA_2,0
2015-02-23,CA,CA_3,1
2015-02-23,CA,CA_4,0
2015-02-23,TX,TX_1,0
2015-02-23,TX,TX_2,0
2015-02-23,TX,TX_3,1
2015-02-23,WI,WI_1,5
2015-02-23,WI,WI_2,5
2015-02-23,WI,WI_3,0
2015-02-24,CA,CA_1,0
2015-02-24,CA,CA_2,0
2015-02-24,CA,CA_3,2
2015-02-24,CA,CA_4,0
2015-02-24,TX,TX_1,1
2015-02-24,TX,TX_2,0
2015-02-24,TX,TX_3,2
2015-02-24,WI,WI_1,0
2015-02-24,WI,WI_2,1
2015-02-24,WI,WI_3,2
2015-02-25,CA,CA_1,0
2015-02-25,CA,CA_2,0
2015-02-25,CA,CA_3,3
2015-02-25,CA,CA_4,0
2015-02-25,TX,TX_1,4
2015-02-25,TX,TX_2,1
2015-02-25,TX,TX_3,0
2015-02-25,WI,WI_1,5
2015-02-25,WI,WI_2,0
2015-02-25,WI,WI_3,0
2015-02-26,CA,CA_1,0
2015-02-26,CA,CA_2,0
2015-02-26,CA,CA_3,1
2015-02-26,CA,CA_4,0
2015-02-26,TX,TX_1,0
2015-02-26,TX,TX_2,2
2015-02-26,TX,TX_3,2
2015-02-26,WI,WI_1,2
2015-02-26,WI,WI_2,1
2015-02-26,WI,WI_3,5
2015-02-27,CA,CA_1,0
2015-02-27,CA,CA_2,0
2015-02-27,CA,CA_3,1
2015-02-27,CA,CA_4,0
2015-02-27,TX,TX_1,1
2015-02-27,TX,TX_2,1
2015-02-27,TX,TX_3,0
2015-02-27,WI,WI_1,1
2015-02-27,WI,WI_2,4
2015-02-27,WI,WI_3,2
2015-02-28,CA,CA_1,0
2015-02-28,CA,CA_2,3
2015-02-28,CA,CA_3,3
2015-02-28,CA,CA_4,6
2015-02-28,TX,TX_1,0
2015-02-28,TX,TX_2,1
2015-02-28,TX,TX_3,0
2015-02-28,WI,WI_1,4
2015-02-28,WI,WI_2,1
2015-02-28,WI,WI_3,2
2015-03-01,CA,CA_1,1
2015-03-01,CA,CA_2,1
2015-03-01,CA,CA_3,2
2015-03-01,CA,CA_4,0
2015-03-01,TX,TX_1,0
2015-03-01,TX,TX_2,1
2015-03-01,TX,TX_3,0
2015-03-01,WI,WI_1,9
2015-03-01,WI,WI_2,0
2015-03-01,WI,WI_3,1
2015-03-02,CA,CA_1,0
2015-03-02,CA,CA_2,1
2015-03-02,CA,CA_3,1
2015-03-02,CA,CA_4,0
2015-03-02,TX,TX_1,1
2015-03-02,TX,TX_2,3
2015-03-02,TX,TX_3,0
2015-03-02,WI,WI_1,7
2015-03-02,WI,WI_2,0
2015-03-02,WI,WI_3,8
2015-03-03,CA,CA_1,0
2015-03-03,CA,CA_2,1
2015-03-03,CA,CA_3,2
2015-03-03,CA,CA_4,0
2015-03-03,TX,TX_1,0
2015-03-03,TX,TX_2,0
2015-03-03,TX,TX_3,1
2015-03-03,WI,WI_1,1
2015-03-03,WI,WI_2,0
2015-03-03,WI,WI_3,2
2015-03-04,CA,CA_1,0
2015-03-04,CA,CA_2,1
2015-03-04,CA,CA_3,3
2015-03-04,CA,CA_4,0
2015-03-04,TX,TX_1,0
2015-03-04,TX,TX_2,5
2015-03-04,TX,TX_3,0
2015-03-04,WI,WI_1,2
2015-03-04,WI,WI_2,1
2015-03-04,WI,WI_3,1
2015-03-05,CA,CA_1,0
2015-03-05,CA,CA_2,0
2015-03-05,CA,CA_3,7
2015-03-05,CA,CA_4,1
2015-03-05,TX,TX_1,0
2015-03-05,TX,TX_2,0
2015-03-05,TX,TX_3,0
2015-03-05,WI,WI_1,7
2015-03-05,WI,WI_2,2
2015-03-05,WI,WI_3,0
2015-03-06,CA,CA_1,0
2015-03-06,CA,CA_2,0
2015-03-06,CA,CA_3,4
2015-03-06,CA,CA_4,1
2015-03-06,TX,TX_1,0
2015-03-06,TX,TX_2,0
2015-03-06,TX,TX_3,0
2015-03-06,WI,WI_1,4
2015-03-06,WI,WI_2,0
2015-03-06,WI,WI_3,0
2015-03-07,CA,CA_1,0
2015-03-07,CA,CA_2,0
2015-03-07,CA,CA_3,0
2015-03-07,CA,CA_4,1
2015-03-07,TX,TX_1,0
2015-03-07,TX,TX_2,0
2015-03-07,TX,TX_3,2
2015-03-07,WI,WI_1,2
2015-03-07,WI,WI_2,4
2015-03-07,WI,WI_3,4
2015-03-08,CA,CA_1,0
2015-03-08,CA,CA_2,5
2015-03-08,CA,CA_3,1
2015-03-08,CA,CA_4,0
2015-03-08,TX,TX_1,0
2015-03-08,TX,TX_2,3
2015-03-08,TX,TX_3,0
2015-03-08,WI,WI_1,5
2015-03-08,WI,WI_2,14
2015-03-08,WI,WI_3,4
2015-03-09,CA,CA_1,0
2015-03-09,CA,CA_2,4
2015-03-09,CA,CA_3,0
2015-03-09,CA,CA_4,1
2015-03-09,TX,TX_1,1
2015-03-09,TX,TX_2,1
2015-03-09,TX,TX_3,0
2015-03-09,WI,WI_1,5
2015-03-09,WI,WI_2,0
2015-03-09,WI,WI_3,4
2015-03-10,CA,CA_1,0
2015-03-10,CA,CA_2,5
2015-03-10,CA,CA_3,3
2015-03-10,CA,CA_4,0
2015-03-10,TX,TX_1,0
2015-03-10,TX,TX_2,2
2015-03-10,TX,TX_3,0
2015-03-10,WI,WI_1,2
2015-03-10,WI,WI_2,0
2015-03-10,WI,WI_3,1
2015-03-11,CA,CA_1,0
2015-03-11,CA,CA_2,0
2015-03-11,CA,CA_3,1
2015-03-11,CA,CA_4,4
2015-03-11,TX,TX_1,0
2015-03-11,TX,TX_2,2
2015-03-11,TX,TX_3,0
2015-03-11,WI,WI_1,0
2015-03-11,WI,WI_2,0
2015-03-11,WI,WI_3,5
2015-03-12,CA,CA_1,0
2015-03-12,CA,CA_2,0
2015-03-12,CA,CA_3,4
2015-03-12,CA,CA_4,0
2015-03-12,TX,TX_1,0
2015-03-12,TX,TX_2,1
2015-03-12,TX,TX_3,0
2015-03-12,WI,WI_1,5
2015-03-12,WI,WI_2,1
2015-03-12,WI,WI_3,2
2015-03-13,CA,CA_1,0
2015-03-13,CA,CA_2,0
2015-03-13,CA,CA_3,4
2015-03-13,CA,CA_4,0
2015-03-13,TX,TX_1,0
2015-03-13,TX,TX_2,0
2015-03-13,TX,TX_3,0
2015-03-13,WI,WI_1,4
2015-03-13,WI,WI_2,2
2015-03-13,WI,WI_3,2
2015-03-14,CA,CA_1,0
2015-03-14,CA,CA_2,2
2015-03-14,CA,CA_3,2
2015-03-14,CA,CA_4,1
2015-03-14,TX,TX_1,1
2015-03-14,TX,TX_2,2
2015-03-14,TX,TX_3,0
2015-03-14,WI,WI_1,11
2015-03-14,WI,WI_2,1
2015-03-14,WI,WI_3,4
2015-03-15,CA,CA_1,0
2015-03-15,CA,CA_2,0
2015-03-15,CA,CA_3,2
2015-03-15,CA,CA_4,5
2015-03-15,TX,TX_1,0
2015-03-15,TX,TX_2,2
2015-03-15,TX,TX_3,1
2015-03-15,WI,WI_1,7
2015-03-15,WI,WI_2,4
2015-03-15,WI,WI_3,3
2015-03-16,CA,CA_1,0
2015-03-16,CA,CA_2,0
2015-03-16,CA,CA_3,2
2015-03-16,CA,CA_4,1
2015-03-16,TX,TX_1,1
2015-03-16,TX,TX_2,0
2015-03-16,TX,TX_3,0
2015-03-16,WI,WI_1,4
2015-03-16,WI,WI_2,4
2015-03-16,WI,WI_3,2
2015-03-17,CA,CA_1,0
2015-03-17,CA,CA_2,2
2015-03-17,CA,CA_3,1
2015-03-17,CA,CA_4,8
2015-03-17,TX,TX_1,0
2015-03-17,TX,TX_2,1
2015-03-17,TX,TX_3,0
2015-03-17,WI,WI_1,1
2015-03-17,WI,WI_2,1
2015-03-17,WI,WI_3,4
2015-03-18,CA,CA_1,0
2015-03-18,CA,CA_2,1
2015-03-18,CA,CA_3,1
2015-03-18,CA,CA_4,0
2015-03-18,TX,TX_1,0
2015-03-18,TX,TX_2,1
2015-03-18,TX,TX_3,2
2015-03-18,WI,WI_1,1
2015-03-18,WI,WI_2,0
2015-03-18,WI,WI_3,1
2015-03-19,CA,CA_1,0
2015-03-19,CA,CA_2,0
2015-03-19,CA,CA_3,1
2015-03-19,CA,CA_4,0
2015-03-19,TX,TX_1,0
2015-03-19,TX,TX_2,1
2015-03-19,TX,TX_3,0
2015-03-19,WI,WI_1,2
2015-03-19,WI,WI_2,1
2015-03-19,WI,WI_3,0
2015-03-20,CA,CA_1,0
2015-03-20,CA,CA_2,0
2015-03-20,CA,CA_3,2
2015-03-20,CA,CA_4,9
2015-03-20,TX,TX_1,0
2015-03-20,TX,TX_2,1
2015-03-20,TX,TX_3,0
2015-03-20,WI,WI_1,2
2015-03-20,WI,WI_2,0
2015-03-20,WI,WI_3,0
2015-03-21,CA,CA_1,0
2015-03-21,CA,CA_2,1
2015-03-21,CA,CA_3,0
2015-03-21,CA,CA_4,0
2015-03-21,TX,TX_1,0
2015-03-21,TX,TX_2,4
2015-03-21,TX,TX_3,0
2015-03-21,WI,WI_1,5
2015-03-21,WI,WI_2,0
2015-03-21,WI,WI_3,0
2015-03-22,CA,CA_1,0
2015-03-22,CA,CA_2,1
2015-03-22,CA,CA_3,1
2015-03-22,CA,CA_4,0
2015-03-22,TX,TX_1,0
2015-03-22,TX,TX_2,0
2015-03-22,TX,TX_3,1
2015-03-22,WI,WI_1,1
2015-03-22,WI,WI_2,4
2015-03-22,WI,WI_3,2
2015-03-23,CA,CA_1,0
2015-03-23,CA,CA_2,5
2015-03-23,CA,CA_3,3
2015-03-23,CA,CA_4,0
2015-03-23,TX,TX_1,0
2015-03-23,TX,TX_2,4
2015-03-23,TX,TX_3,1
2015-03-23,WI,WI_1,3
2015-03-23,WI,WI_2,0
2015-03-23,WI,WI_3,0
2015-03-24,CA,CA_1,0
2015-03-24,CA,CA_2,1
2015-03-24,CA,CA_3,4
2015-03-24,CA,CA_4,2
2015-03-24,TX,TX_1,0
2015-03-24,TX,TX_2,0
2015-03-24,TX,TX_3,1
2015-03-24,WI,WI_1,2
2015-03-24,WI,WI_2,0
2015-03-24,WI,WI_3,2
2015-03-25,CA,CA_1,0
2015-03-25,CA,CA_2,1
2015-03-25,CA,CA_3,3
2015-03-25,CA,CA_4,0
2015-03-25,TX,TX_1,0
2015-03-25,TX,TX_2,2
2015-03-25,TX,TX_3,0
2015-03-25,WI,WI_1,0
2015-03-25,WI,WI_2,0
2015-03-25,WI,WI_3,1
2015-03-26,CA,CA_1,0
2015-03-26,CA,CA_2,1
2015-03-26,CA,CA_3,2
2015-03-26,CA,CA_4,0
2015-03-26,TX,TX_1,0
2015-03-26,TX,TX_2,1
2015-03-26,TX,TX_3,1
2015-03-26,WI,WI_1,1
2015-03-26,WI,WI_2,0
2015-03-26,WI,WI_3,1
2015-03-27,CA,CA_1,0
2015-03-27,CA,CA_2,2
2015-03-27,CA,CA_3,1
2015-03-27,CA,CA_4,0
2015-03-27,TX,TX_1,0
2015-03-27,TX,TX_2,0
2015-03-27,TX,TX_3,1
2015-03-27,WI,WI_1,2
2015-03-27,WI,WI_2,1
2015-03-27,WI,WI_3,2
2015-03-28,CA,CA_1,12
2015-03-28,CA,CA_2,1
2015-03-28,CA,CA_3,0
2015-03-28,CA,CA_4,1
2015-03-28,TX,TX_1,0
2015-03-28,TX,TX_2,0
2015-03-28,TX,TX_3,0
2015-03-28,WI,WI_1,5
2015-03-28,WI,WI_2,1
2015-03-28,WI,WI_3,7
2015-03-29,CA,CA_1,0
2015-03-29,CA,CA_2,1
2015-03-29,CA,CA_3,1
2015-03-29,CA,CA_4,1
2015-03-29,TX,TX_1,0
2015-03-29,TX,TX_2,0
2015-03-29,TX,TX_3,0
2015-03-29,WI,WI_1,5
2015-03-29,WI,WI_2,2
2015-03-29,WI,WI_3,1
2015-03-30,CA,CA_1,0
2015-03-30,CA,CA_2,1
2015-03-30,CA,CA_3,5
2015-03-30,CA,CA_4,0
2015-03-30,TX,TX_1,0
2015-03-30,TX,TX_2,0
2015-03-30,TX,TX_3,0
2015-03-30,WI,WI_1,1
2015-03-30,WI,WI_2,0
2015-03-30,WI,WI_3,0
2015-03-31,CA,CA_1,0
2015-03-31,CA,CA_2,0
2015-03-31,CA,CA_3,4
2015-03-31,CA,CA_4,0
2015-03-31,TX,TX_1,0
2015-03-31,TX,TX_2,2
2015-03-31,TX,TX_3,0
2015-03-31,WI,WI_1,3
2015-03-31,WI,WI_2,2
2015-03-31,WI,WI_3,0
2015-04-01,CA,CA_1,0
2015-04-01,CA,CA_2,2
2015-04-01,CA,CA_3,2
2015-04-01,CA,CA_4,0
2015-04-01,TX,TX_1,0
2015-04-01,TX,TX_2,2
2015-04-01,TX,TX_3,0
2015-04-01,WI,WI_1,2
2015-04-01,WI,WI_2,1
2015-04-01,WI,WI_3,2
2015-04-02,CA,CA_1,3
2015-04-02,CA,CA_2,0
2015-04-02,CA,CA_3,2
2015-04-02,CA,CA_4,1
2015-04-02,TX,TX_1,0
2015-04-02,TX,TX_2,1
2015-04-02,TX,TX_3,2
2015-04-02,WI,WI_1,2
2015-04-02,WI,WI_2,2
2015-04-02,WI,WI_3,3
2015-04-03,CA,CA_1,3
2015-04-03,CA,CA_2,0
2015-04-03,CA,CA_3,6
2015-04-03,CA,CA_4,1
2015-04-03,TX,TX_1,0
2015-04-03,TX,TX_2,0
2015-04-03,TX,TX_3,0
2015-04-03,WI,WI_1,7
2015-04-03,WI,WI_2,2
2015-04-03,WI,WI_3,2
2015-04-04,CA,CA_1,5
2015-04-04,CA,CA_2,1
2015-04-04,CA,CA_3,4
2015-04-04,CA,CA_4,2
2015-04-04,TX,TX_1,0
2015-04-04,TX,TX_2,0
2015-04-04,TX,TX_3,2
2015-04-04,WI,WI_1,2
2015-04-04,WI,WI_2,1
2015-04-04,WI,WI_3,5
2015-04-05,CA,CA_1,1
2015-04-05,CA,CA_2,1
2015-04-05,CA,CA_3,4
2015-04-05,CA,CA_4,3
2015-04-05,TX,TX_1,0
2015-04-05,TX,TX_2,0
2015-04-05,TX,TX_3,0
2015-04-05,WI,WI_1,13
2015-04-05,WI,WI_2,3
2015-04-05,WI,WI_3,5
2015-04-06,CA,CA_1,0
2015-04-06,CA,CA_2,1
2015-04-06,CA,CA_3,0
2015-04-06,CA,CA_4,1
2015-04-06,TX,TX_1,0
2015-04-06,TX,TX_2,0
2015-04-06,TX,TX_3,0
2015-04-06,WI,WI_1,1
2015-04-06,WI,WI_2,2
2015-04-06,WI,WI_3,0
2015-04-07,CA,CA_1,0
2015-04-07,CA,CA_2,0
2015-04-07,CA,CA_3,1
2015-04-07,CA,CA_4,0
2015-04-07,TX,TX_1,0
2015-04-07,TX,TX_2,2
2015-04-07,TX,TX_3,0
2015-04-07,WI,WI_1,0
2015-04-07,WI,WI_2,2
2015-04-07,WI,WI_3,0
2015-04-08,CA,CA_1,0
2015-04-08,CA,CA_2,0
2015-04-08,CA,CA_3,2
2015-04-08,CA,CA_4,2
2015-04-08,TX,TX_1,0
2015-04-08,TX,TX_2,1
2015-04-08,TX,TX_3,1
2015-04-08,WI,WI_1,2
2015-04-08,WI,WI_2,1
2015-04-08,WI,WI_3,1
2015-04-09,CA,CA_1,0
2015-04-09,CA,CA_2,0
2015-04-09,CA,CA_3,1
2015-04-09,CA,CA_4,0
2015-04-09,TX,TX_1,0
2015-04-09,TX,TX_2,1
2015-04-09,TX,TX_3,0
2015-04-09,WI,WI_1,3
2015-04-09,WI,WI_2,2
2015-04-09,WI,WI_3,4
2015-04-10,CA,CA_1,0
2015-04-10,CA,CA_2,1
2015-04-10,CA,CA_3,2
2015-04-10,CA,CA_4,1
2015-04-10,TX,TX_1,0
2015-04-10,TX,TX_2,1
2015-04-10,TX,TX_3,0
2015-04-10,WI,WI_1,10
2015-04-10,WI,WI_2,1
2015-04-10,WI,WI_3,1
2015-04-11,CA,CA_1,5
2015-04-11,CA,CA_2,0
2015-04-11,CA,CA_3,4
2015-04-11,CA,CA_4,3
2015-04-11,TX,TX_1,0
2015-04-11,TX,TX_2,2
2015-04-11,TX,TX_3,3
2015-04-11,WI,WI_1,1
2015-04-11,WI,WI_2,1
2015-04-11,WI,WI_3,0
2015-04-12,CA,CA_1,6
2015-04-12,CA,CA_2,0
2015-04-12,CA,CA_3,2
2015-04-12,CA,CA_4,0
2015-04-12,TX,TX_1,0
2015-04-12,TX,TX_2,1
2015-04-12,TX,TX_3,1
2015-04-12,WI,WI_1,8
2015-04-12,WI,WI_2,3
2015-04-12,WI,WI_3,0
2015-04-13,CA,CA_1,1
2015-04-13,CA,CA_2,0
2015-04-13,CA,CA_3,2
2015-04-13,CA,CA_4,3
2015-04-13,TX,TX_1,0
2015-04-13,TX,TX_2,0
2015-04-13,TX,TX_3,0
2015-04-13,WI,WI_1,0
2015-04-13,WI,WI_2,0
2015-04-13,WI,WI_3,3
2015-04-14,CA,CA_1,0
2015-04-14,CA,CA_2,0
2015-04-14,CA,CA_3,2
2015-04-14,CA,CA_4,1
2015-04-14,TX,TX_1,0
2015-04-14,TX,TX_2,2
2015-04-14,TX,TX_3,0
2015-04-14,WI,WI_1,0
2015-04-14,WI,WI_2,5
2015-04-14,WI,WI_3,1
2015-04-15,CA,CA_1,0
2015-04-15,CA,CA_2,0
2015-04-15,CA,CA_3,2
2015-04-15,CA,CA_4,3
2015-04-15,TX,TX_1,0
2015-04-15,TX,TX_2,1
2015-04-15,TX,TX_3,0
2015-04-15,WI,WI_1,3
2015-04-15,WI,WI_2,3
2015-04-15,WI,WI_3,2
2015-04-16,CA,CA_1,4
2015-04-16,CA,CA_2,0
2015-04-16,CA,CA_3,0
2015-04-16,CA,CA_4,0
2015-04-16,TX,TX_1,0
2015-04-16,TX,TX_2,0
2015-04-16,TX,TX_3,0
2015-04-16,WI,WI_1,1
2015-04-16,WI,WI_2,5
2015-04-16,WI,WI_3,0
2015-04-17,CA,CA_1,7
2015-04-17,CA,CA_2,3
2015-04-17,CA,CA_3,1
2015-04-17,CA,CA_4,0
2015-04-17,TX,TX_1,0
2015-04-17,TX,TX_2,0
2015-04-17,TX,TX_3,0
2015-04-17,WI,WI_1,2
2015-04-17,WI,WI_2,1
2015-04-17,WI,WI_3,1
2015-04-18,CA,CA_1,1
2015-04-18,CA,CA_2,0
2015-04-18,CA,CA_3,3
2015-04-18,CA,CA_4,1
2015-04-18,TX,TX_1,0
2015-04-18,TX,TX_2,0
2015-04-18,TX,TX_3,0
2015-04-18,WI,WI_1,1
2015-04-18,WI,WI_2,0
2015-04-18,WI,WI_3,0
2015-04-19,CA,CA_1,0
2015-04-19,CA,CA_2,0
2015-04-19,CA,CA_3,1
2015-04-19,CA,CA_4,0
2015-04-19,TX,TX_1,0
2015-04-19,TX,TX_2,1
2015-04-19,TX,TX_3,0
2015-04-19,WI,WI_1,6
2015-04-19,WI,WI_2,2
2015-04-19,WI,WI_3,1
2015-04-20,CA,CA_1,0
2015-04-20,CA,CA_2,0
2015-04-20,CA,CA_3,1
2015-04-20,CA,CA_4,7
2015-04-20,TX,TX_1,0
2015-04-20,TX,TX_2,0
2015-04-20,TX,TX_3,0
2015-04-20,WI,WI_1,0
2015-04-20,WI,WI_2,2
2015-04-20,WI,WI_3,2
2015-04-21,CA,CA_1,0
2015-04-21,CA,CA_2,0
2015-04-21,CA,CA_3,3
2015-04-21,CA,CA_4,0
2015-04-21,TX,TX_1,0
2015-04-21,TX,TX_2,0
2015-04-21,TX,TX_3,2
2015-04-21,WI,WI_1,0
2015-04-21,WI,WI_2,0
2015-04-21,WI,WI_3,0
2015-04-22,CA,CA_1,2
2015-04-22,CA,CA_2,0
2015-04-22,CA,CA_3,5
2015-04-22,CA,CA_4,1
2015-04-22,TX,TX_1,0
2015-04-22,TX,TX_2,3
2015-04-22,TX,TX_3,0
2015-04-22,WI,WI_1,2
2015-04-22,WI,WI_2,1
2015-04-22,WI,WI_3,0
2015-04-23,CA,CA_1,1
2015-04-23,CA,CA_2,0
2015-04-23,CA,CA_3,0
2015-04-23,CA,CA_4,0
2015-04-23,TX,TX_1,0
2015-04-23,TX,TX_2,0
2015-04-23,TX,TX_3,0
2015-04-23,WI,WI_1,4
2015-04-23,WI,WI_2,0
2015-04-23,WI,WI_3,0
2015-04-24,CA,CA_1,0
2015-04-24,CA,CA_2,0
2015-04-24,CA,CA_3,0
2015-04-24,CA,CA_4,0
2015-04-24,TX,TX_1,0
2015-04-24,TX,TX_2,1
2015-04-24,TX,TX_3,0
2015-04-24,WI,WI_1,1
2015-04-24,WI,WI_2,0
2015-04-24,WI,WI_3,1
2015-04-25,CA,CA_1,12
2015-04-25,CA,CA_2,0
2015-04-25,CA,CA_3,6
2015-04-25,CA,CA_4,2
2015-04-25,TX,TX_1,0
2015-04-25,TX,TX_2,0
2015-04-25,TX,TX_3,0
2015-04-25,WI,WI_1,0
2015-04-25,WI,WI_2,6
2015-04-25,WI,WI_3,2
2015-04-26,CA,CA_1,0
2015-04-26,CA,CA_2,0
2015-04-26,CA,CA_3,2
2015-04-26,CA,CA_4,4
2015-04-26,TX,TX_1,0
2015-04-26,TX,TX_2,1
2015-04-26,TX,TX_3,1
2015-04-26,WI,WI_1,5
2015-04-26,WI,WI_2,2
2015-04-26,WI,WI_3,0
2015-04-27,CA,CA_1,0
2015-04-27,CA,CA_2,0
2015-04-27,CA,CA_3,2
2015-04-27,CA,CA_4,2
2015-04-27,TX,TX_1,0
2015-04-27,TX,TX_2,3
2015-04-27,TX,TX_3,3
2015-04-27,WI,WI_1,0
2015-04-27,WI,WI_2,0
2015-04-27,WI,WI_3,2
2015-04-28,CA,CA_1,0
2015-04-28,CA,CA_2,0
2015-04-28,CA,CA_3,1
2015-04-28,CA,CA_4,0
2015-04-28,TX,TX_1,0
2015-04-28,TX,TX_2,2
2015-04-28,TX,TX_3,1
2015-04-28,WI,WI_1,0
2015-04-28,WI,WI_2,0
2015-04-28,WI,WI_3,3
2015-04-29,CA,CA_1,3
2015-04-29,CA,CA_2,1
2015-04-29,CA,CA_3,2
2015-04-29,CA,CA_4,0
2015-04-29,TX,TX_1,0
2015-04-29,TX,TX_2,0
2015-04-29,TX,TX_3,0
2015-04-29,WI,WI_1,4
2015-04-29,WI,WI_2,1
2015-04-29,WI,WI_3,0
2015-04-30,CA,CA_1,2
2015-04-30,CA,CA_2,2
2015-04-30,CA,CA_3,2
2015-04-30,CA,CA_4,4
2015-04-30,TX,TX_1,0
2015-04-30,TX,TX_2,0
2015-04-30,TX,TX_3,0
2015-04-30,WI,WI_1,1
2015-04-30,WI,WI_2,2
2015-04-30,WI,WI_3,1
2015-05-01,CA,CA_1,3
2015-05-01,CA,CA_2,1
2015-05-01,CA,CA_3,3
2015-05-01,CA,CA_4,1
2015-05-01,TX,TX_1,0
2015-05-01,TX,TX_2,1
2015-05-01,TX,TX_3,2
2015-05-01,WI,WI_1,5
2015-05-01,WI,WI_2,0
2015-05-01,WI,WI_3,2
2015-05-02,CA,CA_1,3
2015-05-02,CA,CA_2,0
2015-05-02,CA,CA_3,2
2015-05-02,CA,CA_4,0
2015-05-02,TX,TX_1,0
2015-05-02,TX,TX_2,0
2015-05-02,TX,TX_3,1
2015-05-02,WI,WI_1,0
2015-05-02,WI,WI_2,4
2015-05-02,WI,WI_3,4
2015-05-03,CA,CA_1,1
2015-05-03,CA,CA_2,1
2015-05-03,CA,CA_3,1
2015-05-03,CA,CA_4,0
2015-05-03,TX,TX_1,0
2015-05-03,TX,TX_2,1
2015-05-03,TX,TX_3,0
2015-05-03,WI,WI_1,1
2015-05-03,WI,WI_2,3
2015-05-03,WI,WI_3,3
2015-05-04,CA,CA_1,5
2015-05-04,CA,CA_2,2
2015-05-04,CA,CA_3,1
2015-05-04,CA,CA_4,2
2015-05-04,TX,TX_1,0
2015-05-04,TX,TX_2,2
2015-05-04,TX,TX_3,3
2015-05-04,WI,WI_1,24
2015-05-04,WI,WI_2,4
2015-05-04,WI,WI_3,0
2015-05-05,CA,CA_1,2
2015-05-05,CA,CA_2,0
2015-05-05,CA,CA_3,2
2015-05-05,CA,CA_4,1
2015-05-05,TX,TX_1,0
2015-05-05,TX,TX_2,0
2015-05-05,TX,TX_3,0
2015-05-05,WI,WI_1,0
2015-05-05,WI,WI_2,1
2015-05-05,WI,WI_3,0
2015-05-06,CA,CA_1,2
2015-05-06,CA,CA_2,4
2015-05-06,CA,CA_3,3
2015-05-06,CA,CA_4,0
2015-05-06,TX,TX_1,0
2015-05-06,TX,TX_2,1
2015-05-06,TX,TX_3,1
2015-05-06,WI,WI_1,0
2015-05-06,WI,WI_2,2
2015-05-06,WI,WI_3,0
2015-05-07,CA,CA_1,2
2015-05-07,CA,CA_2,0
2015-05-07,CA,CA_3,3
2015-05-07,CA,CA_4,1
2015-05-07,TX,TX_1,0
2015-05-07,TX,TX_2,2
2015-05-07,TX,TX_3,2
2015-05-07,WI,WI_1,0
2015-05-07,WI,WI_2,1
2015-05-07,WI,WI_3,4
2015-05-08,CA,CA_1,0
2015-05-08,CA,CA_2,0
2015-05-08,CA,CA_3,4
2015-05-08,CA,CA_4,0
2015-05-08,TX,TX_1,0
2015-05-08,TX,TX_2,0
2015-05-08,TX,TX_3,1
2015-05-08,WI,WI_1,8
2015-05-08,WI,WI_2,5
2015-05-08,WI,WI_3,3
2015-05-09,CA,CA_1,0
2015-05-09,CA,CA_2,2
2015-05-09,CA,CA_3,3
2015-05-09,CA,CA_4,1
2015-05-09,TX,TX_1,0
2015-05-09,TX,TX_2,3
2015-05-09,TX,TX_3,1
2015-05-09,WI,WI_1,4
2015-05-09,WI,WI_2,4
2015-05-09,WI,WI_3,1
2015-05-10,CA,CA_1,0
2015-05-10,CA,CA_2,1
2015-05-10,CA,CA_3,3
2015-05-10,CA,CA_4,1
2015-05-10,TX,TX_1,0
2015-05-10,TX,TX_2,2
2015-05-10,TX,TX_3,0
2015-05-10,WI,WI_1,2
2015-05-10,WI,WI_2,5
2015-05-10,WI,WI_3,1
2015-05-11,CA,CA_1,1
2015-05-11,CA,CA_2,1
2015-05-11,CA,CA_3,2
2015-05-11,CA,CA_4,2
2015-05-11,TX,TX_1,0
2015-05-11,TX,TX_2,0
2015-05-11,TX,TX_3,1
2015-05-11,WI,WI_1,3
2015-05-11,WI,WI_2,0
2015-05-11,WI,WI_3,3
2015-05-12,CA,CA_1,1
2015-05-12,CA,CA_2,0
2015-05-12,CA,CA_3,3
2015-05-12,CA,CA_4,0
2015-05-12,TX,TX_1,0
2015-05-12,TX,TX_2,0
2015-05-12,TX,TX_3,1
2015-05-12,WI,WI_1,0
2015-05-12,WI,WI_2,0
2015-05-12,WI,WI_3,0
2015-05-13,CA,CA_1,1
2015-05-13,CA,CA_2,0
2015-05-13,CA,CA_3,1
2015-05-13,CA,CA_4,2
2015-05-13,TX,TX_1,0
2015-05-13,TX,TX_2,0
2015-05-13,TX,TX_3,0
2015-05-13,WI,WI_1,1
2015-05-13,WI,WI_2,1
2015-05-13,WI,WI_3,3
2015-05-14,CA,CA_1,0
2015-05-14,CA,CA_2,0
2015-05-14,CA,CA_3,0
2015-05-14,CA,CA_4,0
2015-05-14,TX,TX_1,0
2015-05-14,TX,TX_2,0
2015-05-14,TX,TX_3,0
2015-05-14,WI,WI_1,7
2015-05-14,WI,WI_2,2
2015-05-14,WI,WI_3,1
2015-05-15,CA,CA_1,4
2015-05-15,CA,CA_2,0
2015-05-15,CA,CA_3,7
2015-05-15,CA,CA_4,0
2015-05-15,TX,TX_1,0
2015-05-15,TX,TX_2,2
2015-05-15,TX,TX_3,0
2015-05-15,WI,WI_1,1
2015-05-15,WI,WI_2,1
2015-05-15,WI,WI_3,5
2015-05-16,CA,CA_1,4
2015-05-16,CA,CA_2,0
2015-05-16,CA,CA_3,2
2015-05-16,CA,CA_4,0
2015-05-16,TX,TX_1,0
2015-05-16,TX,TX_2,1
2015-05-16,TX,TX_3,1
2015-05-16,WI,WI_1,1
2015-05-16,WI,WI_2,2
2015-05-16,WI,WI_3,2
2015-05-17,CA,CA_1,1
2015-05-17,CA,CA_2,0
2015-05-17,CA,CA_3,8
2015-05-17,CA,CA_4,0
2015-05-17,TX,TX_1,0
2015-05-17,TX,TX_2,0
2015-05-17,TX,TX_3,0
2015-05-17,WI,WI_1,2
2015-05-17,WI,WI_2,1
2015-05-17,WI,WI_3,1
2015-05-18,CA,CA_1,7
2015-05-18,CA,CA_2,0
2015-05-18,CA,CA_3,1
2015-05-18,CA,CA_4,0
2015-05-18,TX,TX_1,0
2015-05-18,TX,TX_2,1
2015-05-18,TX,TX_3,0
2015-05-18,WI,WI_1,0
2015-05-18,WI,WI_2,1
2015-05-18,WI,WI_3,0
2015-05-19,CA,CA_1,1
2015-05-19,CA,CA_2,0
2015-05-19,CA,CA_3,1
2015-05-19,CA,CA_4,0
2015-05-19,TX,TX_1,0
2015-05-19,TX,TX_2,0
2015-05-19,TX,TX_3,2
2015-05-19,WI,WI_1,3
2015-05-19,WI,WI_2,4
2015-05-19,WI,WI_3,0
2015-05-20,CA,CA_1,1
2015-05-20,CA,CA_2,1
2015-05-20,CA,CA_3,1
2015-05-20,CA,CA_4,0
2015-05-20,TX,TX_1,0
2015-05-20,TX,TX_2,1
2015-05-20,TX,TX_3,1
2015-05-20,WI,WI_1,1
2015-05-20,WI,WI_2,3
2015-05-20,WI,WI_3,1
2015-05-21,CA,CA_1,2
2015-05-21,CA,CA_2,0
2015-05-21,CA,CA_3,0
2015-05-21,CA,CA_4,2
2015-05-21,TX,TX_1,0
2015-05-21,TX,TX_2,0
2015-05-21,TX,TX_3,1
2015-05-21,WI,WI_1,2
2015-05-21,WI,WI_2,1
2015-05-21,WI,WI_3,1
2015-05-22,CA,CA_1,0
2015-05-22,CA,CA_2,1
2015-05-22,CA,CA_3,1
2015-05-22,CA,CA_4,1
2015-05-22,TX,TX_1,0
2015-05-22,TX,TX_2,0
2015-05-22,TX,TX_3,0
2015-05-22,WI,WI_1,2
2015-05-22,WI,WI_2,1
2015-05-22,WI,WI_3,3
2015-05-23,CA,CA_1,0
2015-05-23,CA,CA_2,0
2015-05-23,CA,CA_3,5
2015-05-23,CA,CA_4,0
2015-05-23,TX,TX_1,0
2015-05-23,TX,TX_2,1
2015-05-23,TX,TX_3,0
2015-05-23,WI,WI_1,0
2015-05-23,WI,WI_2,1
2015-05-23,WI,WI_3,4
2015-05-24,CA,CA_1,2
2015-05-24,CA,CA_2,1
2015-05-24,CA,CA_3,7
2015-05-24,CA,CA_4,3
2015-05-24,TX,TX_1,0
2015-05-24,TX,TX_2,1
2015-05-24,TX,TX_3,0
2015-05-24,WI,WI_1,1
2015-05-24,WI,WI_2,0
2015-05-24,WI,WI_3,3
2015-05-25,CA,CA_1,3
2015-05-25,CA,CA_2,1
2015-05-25,CA,CA_3,0
2015-05-25,CA,CA_4,0
2015-05-25,TX,TX_1,0
2015-05-25,TX,TX_2,2
2015-05-25,TX,TX_3,0
2015-05-25,WI,WI_1,5
2015-05-25,WI,WI_2,0
2015-05-25,WI,WI_3,2
2015-05-26,CA,CA_1,1
2015-05-26,CA,CA_2,1
2015-05-26,CA,CA_3,1
2015-05-26,CA,CA_4,0
2015-05-26,TX,TX_1,0
2015-05-26,TX,TX_2,1
2015-05-26,TX,TX_3,1
2015-05-26,WI,WI_1,4
2015-05-26,WI,WI_2,1
2015-05-26,WI,WI_3,0
2015-05-27,CA,CA_1,7
2015-05-27,CA,CA_2,0
2015-05-27,CA,CA_3,0
2015-05-27,CA,CA_4,0
2015-05-27,TX,TX_1,0
2015-05-27,TX,TX_2,1
2015-05-27,TX,TX_3,0
2015-05-27,WI,WI_1,1
2015-05-27,WI,WI_2,1
2015-05-27,WI,WI_3,0
2015-05-28,CA,CA_1,1
2015-05-28,CA,CA_2,0
2015-05-28,CA,CA_3,1
2015-05-28,CA,CA_4,0
2015-05-28,TX,TX_1,0
2015-05-28,TX,TX_2,3
2015-05-28,TX,TX_3,2
2015-05-28,WI,WI_1,4
2015-05-28,WI,WI_2,3
2015-05-28,WI,WI_3,0
2015-05-29,CA,CA_1,3
2015-05-29,CA,CA_2,0
2015-05-29,CA,CA_3,0
2015-05-29,CA,CA_4,0
2015-05-29,TX,TX_1,0
2015-05-29,TX,TX_2,1
2015-05-29,TX,TX_3,2
2015-05-29,WI,WI_1,5
2015-05-29,WI,WI_2,0
2015-05-29,WI,WI_3,0
2015-05-30,CA,CA_1,0
2015-05-30,CA,CA_2,0
2015-05-30,CA,CA_3,6
2015-05-30,CA,CA_4,1
2015-05-30,TX,TX_1,0
2015-05-30,TX,TX_2,1
2015-05-30,TX,TX_3,0
2015-05-30,WI,WI_1,2
2015-05-30,WI,WI_2,0
2015-05-30,WI,WI_3,0
2015-05-31,CA,CA_1,8
2015-05-31,CA,CA_2,1
2015-05-31,CA,CA_3,2
2015-05-31,CA,CA_4,1
2015-05-31,TX,TX_1,0
2015-05-31,TX,TX_2,5
2015-05-31,TX,TX_3,0
2015-05-31,WI,WI_1,13
2015-05-31,WI,WI_2,2
2015-05-31,WI,WI_3,0
2015-06-01,CA,CA_1,0
2015-06-01,CA,CA_2,0
2015-06-01,CA,CA_3,5
2015-06-01,CA,CA_4,0
2015-06-01,TX,TX_1,0
2015-06-01,TX,TX_2,1
2015-06-01,TX,TX_3,0
2015-06-01,WI,WI_1,4
2015-06-01,WI,WI_2,4
2015-06-01,WI,WI_3,1
2015-06-02,CA,CA_1,1
2015-06-02,CA,CA_2,0
2015-06-02,CA,CA_3,3
2015-06-02,CA,CA_4,1
2015-06-02,TX,TX_1,0
2015-06-02,TX,TX_2,0
2015-06-02,TX,TX_3,0
2015-06-02,WI,WI_1,1
2015-06-02,WI,WI_2,2
2015-06-02,WI,WI_3,1
2015-06-03,CA,CA_1,5
2015-06-03,CA,CA_2,1
2015-06-03,CA,CA_3,2
2015-06-03,CA,CA_4,3
2015-06-03,TX,TX_1,0
2015-06-03,TX,TX_2,0
2015-06-03,TX,TX_3,2
2015-06-03,WI,WI_1,2
2015-06-03,WI,WI_2,4
2015-06-03,WI,WI_3,0
2015-06-04,CA,CA_1,1
2015-06-04,CA,CA_2,0
2015-06-04,CA,CA_3,3
2015-06-04,CA,CA_4,1
2015-06-04,TX,TX_1,0
2015-06-04,TX,TX_2,0
2015-06-04,TX,TX_3,0
2015-06-04,WI,WI_1,0
2015-06-04,WI,WI_2,0
2015-06-04,WI,WI_3,0
2015-06-05,CA,CA_1,4
2015-06-05,CA,CA_2,0
2015-06-05,CA,CA_3,5
2015-06-05,CA,CA_4,0
2015-06-05,TX,TX_1,0
2015-06-05,TX,TX_2,1
2015-06-05,TX,TX_3,0
2015-06-05,WI,WI_1,2
2015-06-05,WI,WI_2,1
2015-06-05,WI,WI_3,0
2015-06-06,CA,CA_1,2
2015-06-06,CA,CA_2,0
2015-06-06,CA,CA_3,1
2015-06-06,CA,CA_4,3
2015-06-06,TX,TX_1,0
2015-06-06,TX,TX_2,3
2015-06-06,TX,TX_3,0
2015-06-06,WI,WI_1,0
2015-06-06,WI,WI_2,6
2015-06-06,WI,WI_3,1
2015-06-07,CA,CA_1,2
2015-06-07,CA,CA_2,0
2015-06-07,CA,CA_3,5
2015-06-07,CA,CA_4,1
2015-06-07,TX,TX_1,0
2015-06-07,TX,TX_2,0
2015-06-07,TX,TX_3,0
2015-06-07,WI,WI_1,1
2015-06-07,WI,WI_2,1
2015-06-07,WI,WI_3,0
2015-06-08,CA,CA_1,3
2015-06-08,CA,CA_2,0
2015-06-08,CA,CA_3,2
2015-06-08,CA,CA_4,0
2015-06-08,TX,TX_1,0
2015-06-08,TX,TX_2,0
2015-06-08,TX,TX_3,2
2015-06-08,WI,WI_1,0
2015-06-08,WI,WI_2,3
2015-06-08,WI,WI_3,0
2015-06-09,CA,CA_1,3
2015-06-09,CA,CA_2,0
2015-06-09,CA,CA_3,0
2015-06-09,CA,CA_4,1
2015-06-09,TX,TX_1,2
2015-06-09,TX,TX_2,0
2015-06-09,TX,TX_3,0
2015-06-09,WI,WI_1,1
2015-06-09,WI,WI_2,0
2015-06-09,WI,WI_3,0
2015-06-10,CA,CA_1,2
2015-06-10,CA,CA_2,2
2015-06-10,CA,CA_3,3
2015-06-10,CA,CA_4,3
2015-06-10,TX,TX_1,1
2015-06-10,TX,TX_2,4
2015-06-10,TX,TX_3,0
2015-06-10,WI,WI_1,2
2015-06-10,WI,WI_2,3
2015-06-10,WI,WI_3,0
2015-06-11,CA,CA_1,2
2015-06-11,CA,CA_2,0
2015-06-11,CA,CA_3,1
2015-06-11,CA,CA_4,0
2015-06-11,TX,TX_1,0
2015-06-11,TX,TX_2,0
2015-06-11,TX,TX_3,2
2015-06-11,WI,WI_1,0
2015-06-11,WI,WI_2,1
2015-06-11,WI,WI_3,0
2015-06-12,CA,CA_1,0
2015-06-12,CA,CA_2,2
2015-06-12,CA,CA_3,4
2015-06-12,CA,CA_4,0
2015-06-12,TX,TX_1,0
2015-06-12,TX,TX_2,2
2015-06-12,TX,TX_3,0
2015-06-12,WI,WI_1,11
2015-06-12,WI,WI_2,6
2015-06-12,WI,WI_3,0
2015-06-13,CA,CA_1,8
2015-06-13,CA,CA_2,0
2015-06-13,CA,CA_3,0
2015-06-13,CA,CA_4,2
2015-06-13,TX,TX_1,1
2015-06-13,TX,TX_2,0
2015-06-13,TX,TX_3,0
2015-06-13,WI,WI_1,2
2015-06-13,WI,WI_2,0
2015-06-13,WI,WI_3,0
2015-06-14,CA,CA_1,4
2015-06-14,CA,CA_2,2
2015-06-14,CA,CA_3,0
2015-06-14,CA,CA_4,0
2015-06-14,TX,TX_1,0
2015-06-14,TX,TX_2,0
2015-06-14,TX,TX_3,0
2015-06-14,WI,WI_1,3
2015-06-14,WI,WI_2,1
2015-06-14,WI,WI_3,0
2015-06-15,CA,CA_1,2
2015-06-15,CA,CA_2,0
2015-06-15,CA,CA_3,3
2015-06-15,CA,CA_4,0
2015-06-15,TX,TX_1,1
2015-06-15,TX,TX_2,0
2015-06-15,TX,TX_3,2
2015-06-15,WI,WI_1,8
2015-06-15,WI,WI_2,2
2015-06-15,WI,WI_3,0
2015-06-16,CA,CA_1,4
2015-06-16,CA,CA_2,0
2015-06-16,CA,CA_3,0
2015-06-16,CA,CA_4,1
2015-06-16,TX,TX_1,0
2015-06-16,TX,TX_2,0
2015-06-16,TX,TX_3,0
2015-06-16,WI,WI_1,0
2015-06-16,WI,WI_2,1
2015-06-16,WI,WI_3,0
2015-06-17,CA,CA_1,1
2015-06-17,CA,CA_2,0
2015-06-17,CA,CA_3,0
2015-06-17,CA,CA_4,0
2015-06-17,TX,TX_1,0
2015-06-17,TX,TX_2,2
2015-06-17,TX,TX_3,0
2015-06-17,WI,WI_1,0
2015-06-17,WI,WI_2,2
2015-06-17,WI,WI_3,0
2015-06-18,CA,CA_1,0
2015-06-18,CA,CA_2,1
2015-06-18,CA,CA_3,6
2015-06-18,CA,CA_4,0
2015-06-18,TX,TX_1,0
2015-06-18,TX,TX_2,1
2015-06-18,TX,TX_3,0
2015-06-18,WI,WI_1,0
2015-06-18,WI,WI_2,0
2015-06-18,WI,WI_3,0
2015-06-19,CA,CA_1,1
2015-06-19,CA,CA_2,1
2015-06-19,CA,CA_3,0
2015-06-19,CA,CA_4,0
2015-06-19,TX,TX_1,0
2015-06-19,TX,TX_2,1
2015-06-19,TX,TX_3,2
2015-06-19,WI,WI_1,3
2015-06-19,WI,WI_2,0
2015-06-19,WI,WI_3,0
2015-06-20,CA,CA_1,3
2015-06-20,CA,CA_2,1
2015-06-20,CA,CA_3,1
2015-06-20,CA,CA_4,0
2015-06-20,TX,TX_1,0
2015-06-20,TX,TX_2,0
2015-06-20,TX,TX_3,1
2015-06-20,WI,WI_1,3
2015-06-20,WI,WI_2,1
2015-06-20,WI,WI_3,0
2015-06-21,CA,CA_1,0
2015-06-21,CA,CA_2,2
2015-06-21,CA,CA_3,2
2015-06-21,CA,CA_4,0
2015-06-21,TX,TX_1,0
2015-06-21,TX,TX_2,0
2015-06-21,TX,TX_3,0
2015-06-21,WI,WI_1,0
2015-06-21,WI,WI_2,1
2015-06-21,WI,WI_3,0
2015-06-22,CA,CA_1,1
2015-06-22,CA,CA_2,0
2015-06-22,CA,CA_3,1
2015-06-22,CA,CA_4,0
2015-06-22,TX,TX_1,0
2015-06-22,TX,TX_2,3
2015-06-22,TX,TX_3,0
2015-06-22,WI,WI_1,11
2015-06-22,WI,WI_2,1
2015-06-22,WI,WI_3,0
2015-06-23,CA,CA_1,0
2015-06-23,CA,CA_2,1
2015-06-23,CA,CA_3,1
2015-06-23,CA,CA_4,0
2015-06-23,TX,TX_1,0
2015-06-23,TX,TX_2,0
2015-06-23,TX,TX_3,0
2015-06-23,WI,WI_1,2
2015-06-23,WI,WI_2,0
2015-06-23,WI,WI_3,0
2015-06-24,CA,CA_1,2
2015-06-24,CA,CA_2,0
2015-06-24,CA,CA_3,3
2015-06-24,CA,CA_4,0
2015-06-24,TX,TX_1,0
2015-06-24,TX,TX_2,0
2015-06-24,TX,TX_3,0
2015-06-24,WI,WI_1,3
2015-06-24,WI,WI_2,1
2015-06-24,WI,WI_3,0
2015-06-25,CA,CA_1,0
2015-06-25,CA,CA_2,0
2015-06-25,CA,CA_3,1
2015-06-25,CA,CA_4,0
2015-06-25,TX,TX_1,0
2015-06-25,TX,TX_2,0
2015-06-25,TX,TX_3,0
2015-06-25,WI,WI_1,1
2015-06-25,WI,WI_2,1
2015-06-25,WI,WI_3,0
2015-06-26,CA,CA_1,5
2015-06-26,CA,CA_2,0
2015-06-26,CA,CA_3,1
2015-06-26,CA,CA_4,0
2015-06-26,TX,TX_1,0
2015-06-26,TX,TX_2,2
2015-06-26,TX,TX_3,0
2015-06-26,WI,WI_1,4
2015-06-26,WI,WI_2,1
2015-06-26,WI,WI_3,0
2015-06-27,CA,CA_1,5
2015-06-27,CA,CA_2,1
2015-06-27,CA,CA_3,2
2015-06-27,CA,CA_4,2
2015-06-27,TX,TX_1,0
2015-06-27,TX,TX_2,0
2015-06-27,TX,TX_3,0
2015-06-27,WI,WI_1,0
2015-06-27,WI,WI_2,0
2015-06-27,WI,WI_3,0
2015-06-28,CA,CA_1,3
2015-06-28,CA,CA_2,0
2015-06-28,CA,CA_3,3
2015-06-28,CA,CA_4,2
2015-06-28,TX,TX_1,1
2015-06-28,TX,TX_2,1
2015-06-28,TX,TX_3,0
2015-06-28,WI,WI_1,2
2015-06-28,WI,WI_2,0
2015-06-28,WI,WI_3,0
2015-06-29,CA,CA_1,4
2015-06-29,CA,CA_2,3
2015-06-29,CA,CA_3,4
2015-06-29,CA,CA_4,0
2015-06-29,TX,TX_1,0
2015-06-29,TX,TX_2,0
2015-06-29,TX,TX_3,0
2015-06-29,WI,WI_1,3
2015-06-29,WI,WI_2,3
2015-06-29,WI,WI_3,0
2015-06-30,CA,CA_1,0
2015-06-30,CA,CA_2,1
2015-06-30,CA,CA_3,3
2015-06-30,CA,CA_4,0
2015-06-30,TX,TX_1,1
2015-06-30,TX,TX_2,1
2015-06-30,TX,TX_3,1
2015-06-30,WI,WI_1,0
2015-06-30,WI,WI_2,1
2015-06-30,WI,WI_3,0
2015-07-01,CA,CA_1,2
2015-07-01,CA,CA_2,1
2015-07-01,CA,CA_3,2
2015-07-01,CA,CA_4,1
2015-07-01,TX,TX_1,0
2015-07-01,TX,TX_2,2
2015-07-01,TX,TX_3,1
2015-07-01,WI,WI_1,2
2015-07-01,WI,WI_2,2
2015-07-01,WI,WI_3,0
2015-07-02,CA,CA_1,2
2015-07-02,CA,CA_2,0
2015-07-02,CA,CA_3,4
2015-07-02,CA,CA_4,0
2015-07-02,TX,TX_1,1
2015-07-02,TX,TX_2,0
2015-07-02,TX,TX_3,1
2015-07-02,WI,WI_1,1
2015-07-02,WI,WI_2,3
2015-07-02,WI,WI_3,0
2015-07-03,CA,CA_1,0
2015-07-03,CA,CA_2,0
2015-07-03,CA,CA_3,5
2015-07-03,CA,CA_4,0
2015-07-03,TX,TX_1,2
2015-07-03,TX,TX_2,1
2015-07-03,TX,TX_3,2
2015-07-03,WI,WI_1,4
2015-07-03,WI,WI_2,1
2015-07-03,WI,WI_3,1
2015-07-04,CA,CA_1,0
2015-07-04,CA,CA_2,0
2015-07-04,CA,CA_3,1
2015-07-04,CA,CA_4,0
2015-07-04,TX,TX_1,1
2015-07-04,TX,TX_2,0
2015-07-04,TX,TX_3,0
2015-07-04,WI,WI_1,4
2015-07-04,WI,WI_2,2
2015-07-04,WI,WI_3,0
2015-07-05,CA,CA_1,1
2015-07-05,CA,CA_2,2
2015-07-05,CA,CA_3,3
2015-07-05,CA,CA_4,0
2015-07-05,TX,TX_1,0
2015-07-05,TX,TX_2,2
2015-07-05,TX,TX_3,1
2015-07-05,WI,WI_1,2
2015-07-05,WI,WI_2,2
2015-07-05,WI,WI_3,1
2015-07-06,CA,CA_1,4
2015-07-06,CA,CA_2,0
2015-07-06,CA,CA_3,3
2015-07-06,CA,CA_4,1
2015-07-06,TX,TX_1,0
2015-07-06,TX,TX_2,1
2015-07-06,TX,TX_3,2
2015-07-06,WI,WI_1,1
2015-07-06,WI,WI_2,1
2015-07-06,WI,WI_3,1
2015-07-07,CA,CA_1,2
2015-07-07,CA,CA_2,0
2015-07-07,CA,CA_3,5
2015-07-07,CA,CA_4,0
2015-07-07,TX,TX_1,0
2015-07-07,TX,TX_2,0
2015-07-07,TX,TX_3,0
2015-07-07,WI,WI_1,7
2015-07-07,WI,WI_2,4
2015-07-07,WI,WI_3,1
2015-07-08,CA,CA_1,2
2015-07-08,CA,CA_2,2
2015-07-08,CA,CA_3,3
2015-07-08,CA,CA_4,1
2015-07-08,TX,TX_1,0
2015-07-08,TX,TX_2,1
2015-07-08,TX,TX_3,0
2015-07-08,WI,WI_1,3
2015-07-08,WI,WI_2,6
2015-07-08,WI,WI_3,3
2015-07-09,CA,CA_1,0
2015-07-09,CA,CA_2,0
2015-07-09,CA,CA_3,1
2015-07-09,CA,CA_4,0
2015-07-09,TX,TX_1,1
2015-07-09,TX,TX_2,3
2015-07-09,TX,TX_3,2
2015-07-09,WI,WI_1,1
2015-07-09,WI,WI_2,0
2015-07-09,WI,WI_3,0
2015-07-10,CA,CA_1,1
2015-07-10,CA,CA_2,0
2015-07-10,CA,CA_3,2
2015-07-10,CA,CA_4,1
2015-07-10,TX,TX_1,0
2015-07-10,TX,TX_2,0
2015-07-10,TX,TX_3,0
2015-07-10,WI,WI_1,1
2015-07-10,WI,WI_2,4
2015-07-10,WI,WI_3,2
2015-07-11,CA,CA_1,4
2015-07-11,CA,CA_2,4
2015-07-11,CA,CA_3,4
2015-07-11,CA,CA_4,0
2015-07-11,TX,TX_1,0
2015-07-11,TX,TX_2,0
2015-07-11,TX,TX_3,1
2015-07-11,WI,WI_1,1
2015-07-11,WI,WI_2,1
2015-07-11,WI,WI_3,3
2015-07-12,CA,CA_1,3
2015-07-12,CA,CA_2,4
2015-07-12,CA,CA_3,4
2015-07-12,CA,CA_4,3
2015-07-12,TX,TX_1,0
2015-07-12,TX,TX_2,3
2015-07-12,TX,TX_3,0
2015-07-12,WI,WI_1,6
2015-07-12,WI,WI_2,4
2015-07-12,WI,WI_3,0
2015-07-13,CA,CA_1,0
2015-07-13,CA,CA_2,1
2015-07-13,CA,CA_3,1
2015-07-13,CA,CA_4,2
2015-07-13,TX,TX_1,0
2015-07-13,TX,TX_2,0
2015-07-13,TX,TX_3,2
2015-07-13,WI,WI_1,0
2015-07-13,WI,WI_2,0
2015-07-13,WI,WI_3,4
2015-07-14,CA,CA_1,4
2015-07-14,CA,CA_2,0
2015-07-14,CA,CA_3,0
2015-07-14,CA,CA_4,0
2015-07-14,TX,TX_1,2
2015-07-14,TX,TX_2,0
2015-07-14,TX,TX_3,0
2015-07-14,WI,WI_1,0
2015-07-14,WI,WI_2,4
2015-07-14,WI,WI_3,2
2015-07-15,CA,CA_1,3
2015-07-15,CA,CA_2,0
2015-07-15,CA,CA_3,1
2015-07-15,CA,CA_4,1
2015-07-15,TX,TX_1,0
2015-07-15,TX,TX_2,0
2015-07-15,TX,TX_3,0
2015-07-15,WI,WI_1,0
2015-07-15,WI,WI_2,2
2015-07-15,WI,WI_3,1
2015-07-16,CA,CA_1,6
2015-07-16,CA,CA_2,1
2015-07-16,CA,CA_3,5
2015-07-16,CA,CA_4,0
2015-07-16,TX,TX_1,1
2015-07-16,TX,TX_2,1
2015-07-16,TX,TX_3,0
2015-07-16,WI,WI_1,3
2015-07-16,WI,WI_2,1
2015-07-16,WI,WI_3,3
2015-07-17,CA,CA_1,3
2015-07-17,CA,CA_2,1
2015-07-17,CA,CA_3,0
2015-07-17,CA,CA_4,0
2015-07-17,TX,TX_1,1
2015-07-17,TX,TX_2,7
2015-07-17,TX,TX_3,0
2015-07-17,WI,WI_1,3
2015-07-17,WI,WI_2,0
2015-07-17,WI,WI_3,0
2015-07-18,CA,CA_1,5
2015-07-18,CA,CA_2,0
2015-07-18,CA,CA_3,1
2015-07-18,CA,CA_4,1
2015-07-18,TX,TX_1,0
2015-07-18,TX,TX_2,1
2015-07-18,TX,TX_3,0
2015-07-18,WI,WI_1,0
2015-07-18,WI,WI_2,2
2015-07-18,WI,WI_3,4
2015-07-19,CA,CA_1,2
2015-07-19,CA,CA_2,3
2015-07-19,CA,CA_3,2
2015-07-19,CA,CA_4,2
2015-07-19,TX,TX_1,0
2015-07-19,TX,TX_2,0
2015-07-19,TX,TX_3,0
2015-07-19,WI,WI_1,2
2015-07-19,WI,WI_2,0
2015-07-19,WI,WI_3,2
2015-07-20,CA,CA_1,3
2015-07-20,CA,CA_2,0
2015-07-20,CA,CA_3,2
2015-07-20,CA,CA_4,0
2015-07-20,TX,TX_1,0
2015-07-20,TX,TX_2,1
2015-07-20,TX,TX_3,0
2015-07-20,WI,WI_1,1
2015-07-20,WI,WI_2,1
2015-07-20,WI,WI_3,2
2015-07-21,CA,CA_1,2
2015-07-21,CA,CA_2,0
2015-07-21,CA,CA_3,4
2015-07-21,CA,CA_4,0
2015-07-21,TX,TX_1,1
2015-07-21,TX,TX_2,1
2015-07-21,TX,TX_3,1
2015-07-21,WI,WI_1,1
2015-07-21,WI,WI_2,0
2015-07-21,WI,WI_3,1
2015-07-22,CA,CA_1,1
2015-07-22,CA,CA_2,2
2015-07-22,CA,CA_3,6
2015-07-22,CA,CA_4,1
2015-07-22,TX,TX_1,0
2015-07-22,TX,TX_2,0
2015-07-22,TX,TX_3,1
2015-07-22,WI,WI_1,4
2015-07-22,WI,WI_2,2
2015-07-22,WI,WI_3,1
2015-07-23,CA,CA_1,1
2015-07-23,CA,CA_2,0
2015-07-23,CA,CA_3,2
2015-07-23,CA,CA_4,0
2015-07-23,TX,TX_1,0
2015-07-23,TX,TX_2,1
2015-07-23,TX,TX_3,0
2015-07-23,WI,WI_1,6
2015-07-23,WI,WI_2,1
2015-07-23,WI,WI_3,4
2015-07-24,CA,CA_1,4
2015-07-24,CA,CA_2,0
2015-07-24,CA,CA_3,7
2015-07-24,CA,CA_4,0
2015-07-24,TX,TX_1,0
2015-07-24,TX,TX_2,0
2015-07-24,TX,TX_3,2
2015-07-24,WI,WI_1,8
2015-07-24,WI,WI_2,0
2015-07-24,WI,WI_3,0
2015-07-25,CA,CA_1,7
2015-07-25,CA,CA_2,1
2015-07-25,CA,CA_3,0
2015-07-25,CA,CA_4,3
2015-07-25,TX,TX_1,1
2015-07-25,TX,TX_2,0
2015-07-25,TX,TX_3,0
2015-07-25,WI,WI_1,2
2015-07-25,WI,WI_2,4
2015-07-25,WI,WI_3,2
2015-07-26,CA,CA_1,6
2015-07-26,CA,CA_2,3
2015-07-26,CA,CA_3,0
2015-07-26,CA,CA_4,0
2015-07-26,TX,TX_1,0
2015-07-26,TX,TX_2,1
2015-07-26,TX,TX_3,0
2015-07-26,WI,WI_1,1
2015-07-26,WI,WI_2,2
2015-07-26,WI,WI_3,0
2015-07-27,CA,CA_1,1
2015-07-27,CA,CA_2,1
2015-07-27,CA,CA_3,3
2015-07-27,CA,CA_4,1
2015-07-27,TX,TX_1,1
2015-07-27,TX,TX_2,4
2015-07-27,TX,TX_3,1
2015-07-27,WI,WI_1,3
2015-07-27,WI,WI_2,0
2015-07-27,WI,WI_3,2
2015-07-28,CA,CA_1,0
2015-07-28,CA,CA_2,0
2015-07-28,CA,CA_3,0
2015-07-28,CA,CA_4,1
2015-07-28,TX,TX_1,0
2015-07-28,TX,TX_2,0
2015-07-28,TX,TX_3,0
2015-07-28,WI,WI_1,6
2015-07-28,WI,WI_2,0
2015-07-28,WI,WI_3,2
2015-07-29,CA,CA_1,1
2015-07-29,CA,CA_2,4
2015-07-29,CA,CA_3,1
2015-07-29,CA,CA_4,0
2015-07-29,TX,TX_1,0
2015-07-29,TX,TX_2,0
2015-07-29,TX,TX_3,1
2015-07-29,WI,WI_1,3
2015-07-29,WI,WI_2,0
2015-07-29,WI,WI_3,2
2015-07-30,CA,CA_1,0
2015-07-30,CA,CA_2,0
2015-07-30,CA,CA_3,0
2015-07-30,CA,CA_4,1
2015-07-30,TX,TX_1,0
2015-07-30,TX,TX_2,0
2015-07-30,TX,TX_3,1
2015-07-30,WI,WI_1,6
2015-07-30,WI,WI_2,1
2015-07-30,WI,WI_3,0
2015-07-31,CA,CA_1,4
2015-07-31,CA,CA_2,1
2015-07-31,CA,CA_3,1
2015-07-31,CA,CA_4,1
2015-07-31,TX,TX_1,1
2015-07-31,TX,TX_2,1
2015-07-31,TX,TX_3,0
2015-07-31,WI,WI_1,1
2015-07-31,WI,WI_2,0
2015-07-31,WI,WI_3,4
2015-08-01,CA,CA_1,0
2015-08-01,CA,CA_2,2
2015-08-01,CA,CA_3,3
2015-08-01,CA,CA_4,0
2015-08-01,TX,TX_1,1
2015-08-01,TX,TX_2,1
2015-08-01,TX,TX_3,0
2015-08-01,WI,WI_1,4
2015-08-01,WI,WI_2,2
2015-08-01,WI,WI_3,1
2015-08-02,CA,CA_1,9
2015-08-02,CA,CA_2,3
2015-08-02,CA,CA_3,1
2015-08-02,CA,CA_4,2
2015-08-02,TX,TX_1,0
2015-08-02,TX,TX_2,1
2015-08-02,TX,TX_3,1
2015-08-02,WI,WI_1,3
2015-08-02,WI,WI_2,1
2015-08-02,WI,WI_3,3
2015-08-03,CA,CA_1,5
2015-08-03,CA,CA_2,0
2015-08-03,CA,CA_3,8
2015-08-03,CA,CA_4,2
2015-08-03,TX,TX_1,0
2015-08-03,TX,TX_2,3
2015-08-03,TX,TX_3,0
2015-08-03,WI,WI_1,0
2015-08-03,WI,WI_2,1
2015-08-03,WI,WI_3,8
2015-08-04,CA,CA_1,1
2015-08-04,CA,CA_2,4
2015-08-04,CA,CA_3,0
2015-08-04,CA,CA_4,1
2015-08-04,TX,TX_1,1
2015-08-04,TX,TX_2,1
2015-08-04,TX,TX_3,0
2015-08-04,WI,WI_1,1
2015-08-04,WI,WI_2,3
2015-08-04,WI,WI_3,3
2015-08-05,CA,CA_1,1
2015-08-05,CA,CA_2,0
2015-08-05,CA,CA_3,1
2015-08-05,CA,CA_4,0
2015-08-05,TX,TX_1,0
2015-08-05,TX,TX_2,0
2015-08-05,TX,TX_3,0
2015-08-05,WI,WI_1,0
2015-08-05,WI,WI_2,1
2015-08-05,WI,WI_3,4
2015-08-06,CA,CA_1,6
2015-08-06,CA,CA_2,1
2015-08-06,CA,CA_3,0
2015-08-06,CA,CA_4,1
2015-08-06,TX,TX_1,1
2015-08-06,TX,TX_2,0
2015-08-06,TX,TX_3,1
2015-08-06,WI,WI_1,4
2015-08-06,WI,WI_2,2
2015-08-06,WI,WI_3,2
2015-08-07,CA,CA_1,1
2015-08-07,CA,CA_2,0
2015-08-07,CA,CA_3,0
2015-08-07,CA,CA_4,0
2015-08-07,TX,TX_1,2
2015-08-07,TX,TX_2,1
2015-08-07,TX,TX_3,1
2015-08-07,WI,WI_1,3
2015-08-07,WI,WI_2,1
2015-08-07,WI,WI_3,1
2015-08-08,CA,CA_1,0
2015-08-08,CA,CA_2,3
2015-08-08,CA,CA_3,3
2015-08-08,CA,CA_4,0
2015-08-08,TX,TX_1,0
2015-08-08,TX,TX_2,2
2015-08-08,TX,TX_3,0
2015-08-08,WI,WI_1,8
2015-08-08,WI,WI_2,2
2015-08-08,WI,WI_3,0
2015-08-09,CA,CA_1,4
2015-08-09,CA,CA_2,7
2015-08-09,CA,CA_3,4
2015-08-09,CA,CA_4,1
2015-08-09,TX,TX_1,1
2015-08-09,TX,TX_2,0
2015-08-09,TX,TX_3,3
2015-08-09,WI,WI_1,4
2015-08-09,WI,WI_2,6
2015-08-09,WI,WI_3,1
2015-08-10,CA,CA_1,1
2015-08-10,CA,CA_2,0
2015-08-10,CA,CA_3,2
2015-08-10,CA,CA_4,2
2015-08-10,TX,TX_1,0
2015-08-10,TX,TX_2,1
2015-08-10,TX,TX_3,0
2015-08-10,WI,WI_1,1
2015-08-10,WI,WI_2,0
2015-08-10,WI,WI_3,0
2015-08-11,CA,CA_1,1
2015-08-11,CA,CA_2,0
2015-08-11,CA,CA_3,2
2015-08-11,CA,CA_4,0
2015-08-11,TX,TX_1,0
2015-08-11,TX,TX_2,0
2015-08-11,TX,TX_3,1
2015-08-11,WI,WI_1,2
2015-08-11,WI,WI_2,3
2015-08-11,WI,WI_3,1
2015-08-12,CA,CA_1,3
2015-08-12,CA,CA_2,4
2015-08-12,CA,CA_3,7
2015-08-12,CA,CA_4,0
2015-08-12,TX,TX_1,2
2015-08-12,TX,TX_2,0
2015-08-12,TX,TX_3,0
2015-08-12,WI,WI_1,2
2015-08-12,WI,WI_2,1
2015-08-12,WI,WI_3,3
2015-08-13,CA,CA_1,0
2015-08-13,CA,CA_2,1
2015-08-13,CA,CA_3,4
2015-08-13,CA,CA_4,2
2015-08-13,TX,TX_1,0
2015-08-13,TX,TX_2,1
2015-08-13,TX,TX_3,0
2015-08-13,WI,WI_1,2
2015-08-13,WI,WI_2,1
2015-08-13,WI,WI_3,2
2015-08-14,CA,CA_1,2
2015-08-14,CA,CA_2,2
2015-08-14,CA,CA_3,2
2015-08-14,CA,CA_4,0
2015-08-14,TX,TX_1,2
2015-08-14,TX,TX_2,3
2015-08-14,TX,TX_3,0
2015-08-14,WI,WI_1,3
2015-08-14,WI,WI_2,3
2015-08-14,WI,WI_3,0
2015-08-15,CA,CA_1,3
2015-08-15,CA,CA_2,1
2015-08-15,CA,CA_3,1
2015-08-15,CA,CA_4,1
2015-08-15,TX,TX_1,0
2015-08-15,TX,TX_2,0
2015-08-15,TX,TX_3,2
2015-08-15,WI,WI_1,1
2015-08-15,WI,WI_2,3
2015-08-15,WI,WI_3,3
2015-08-16,CA,CA_1,7
2015-08-16,CA,CA_2,0
2015-08-16,CA,CA_3,2
2015-08-16,CA,CA_4,0
2015-08-16,TX,TX_1,0
2015-08-16,TX,TX_2,0
2015-08-16,TX,TX_3,0
2015-08-16,WI,WI_1,7
2015-08-16,WI,WI_2,0
2015-08-16,WI,WI_3,3
2015-08-17,CA,CA_1,3
2015-08-17,CA,CA_2,2
2015-08-17,CA,CA_3,4
2015-08-17,CA,CA_4,0
2015-08-17,TX,TX_1,0
2015-08-17,TX,TX_2,0
2015-08-17,TX,TX_3,0
2015-08-17,WI,WI_1,1
2015-08-17,WI,WI_2,2
2015-08-17,WI,WI_3,2
2015-08-18,CA,CA_1,2
2015-08-18,CA,CA_2,1
2015-08-18,CA,CA_3,0
2015-08-18,CA,CA_4,0
2015-08-18,TX,TX_1,0
2015-08-18,TX,TX_2,0
2015-08-18,TX,TX_3,1
2015-08-18,WI,WI_1,2
2015-08-18,WI,WI_2,4
2015-08-18,WI,WI_3,0
2015-08-19,CA,CA_1,3
2015-08-19,CA,CA_2,1
2015-08-19,CA,CA_3,2
2015-08-19,CA,CA_4,0
2015-08-19,TX,TX_1,0
2015-08-19,TX,TX_2,0
2015-08-19,TX,TX_3,0
2015-08-19,WI,WI_1,5
2015-08-19,WI,WI_2,5
2015-08-19,WI,WI_3,0
2015-08-20,CA,CA_1,2
2015-08-20,CA,CA_2,2
2015-08-20,CA,CA_3,3
2015-08-20,CA,CA_4,1
2015-08-20,TX,TX_1,0
2015-08-20,TX,TX_2,0
2015-08-20,TX,TX_3,0
2015-08-20,WI,WI_1,1
2015-08-20,WI,WI_2,0
2015-08-20,WI,WI_3,0
2015-08-21,CA,CA_1,3
2015-08-21,CA,CA_2,2
2015-08-21,CA,CA_3,3
2015-08-21,CA,CA_4,0
2015-08-21,TX,TX_1,0
2015-08-21,TX,TX_2,1
2015-08-21,TX,TX_3,1
2015-08-21,WI,WI_1,2
2015-08-21,WI,WI_2,5
2015-08-21,WI,WI_3,2
2015-08-22,CA,CA_1,4
2015-08-22,CA,CA_2,2
2015-08-22,CA,CA_3,1
2015-08-22,CA,CA_4,1
2015-08-22,TX,TX_1,0
2015-08-22,TX,TX_2,0
2015-08-22,TX,TX_3,0
2015-08-22,WI,WI_1,2
2015-08-22,WI,WI_2,0
2015-08-22,WI,WI_3,3
2015-08-23,CA,CA_1,1
2015-08-23,CA,CA_2,3
2015-08-23,CA,CA_3,5
2015-08-23,CA,CA_4,0
2015-08-23,TX,TX_1,1
2015-08-23,TX,TX_2,0
2015-08-23,TX,TX_3,0
2015-08-23,WI,WI_1,2
2015-08-23,WI,WI_2,1
2015-08-23,WI,WI_3,0
2015-08-24,CA,CA_1,4
2015-08-24,CA,CA_2,1
2015-08-24,CA,CA_3,4
2015-08-24,CA,CA_4,0
2015-08-24,TX,TX_1,0
2015-08-24,TX,TX_2,1
2015-08-24,TX,TX_3,0
2015-08-24,WI,WI_1,1
2015-08-24,WI,WI_2,4
2015-08-24,WI,WI_3,2
2015-08-25,CA,CA_1,2
2015-08-25,CA,CA_2,0
2015-08-25,CA,CA_3,0
2015-08-25,CA,CA_4,0
2015-08-25,TX,TX_1,0
2015-08-25,TX,TX_2,2
2015-08-25,TX,TX_3,2
2015-08-25,WI,WI_1,0
2015-08-25,WI,WI_2,1
2015-08-25,WI,WI_3,0
2015-08-26,CA,CA_1,1
2015-08-26,CA,CA_2,0
2015-08-26,CA,CA_3,0
2015-08-26,CA,CA_4,0
2015-08-26,TX,TX_1,0
2015-08-26,TX,TX_2,1
2015-08-26,TX,TX_3,0
2015-08-26,WI,WI_1,2
2015-08-26,WI,WI_2,3
2015-08-26,WI,WI_3,3
2015-08-27,CA,CA_1,2
2015-08-27,CA,CA_2,0
2015-08-27,CA,CA_3,0
2015-08-27,CA,CA_4,1
2015-08-27,TX,TX_1,0
2015-08-27,TX,TX_2,0
2015-08-27,TX,TX_3,0
2015-08-27,WI,WI_1,1
2015-08-27,WI,WI_2,0
2015-08-27,WI,WI_3,3
2015-08-28,CA,CA_1,0
2015-08-28,CA,CA_2,2
2015-08-28,CA,CA_3,2
2015-08-28,CA,CA_4,0
2015-08-28,TX,TX_1,0
2015-08-28,TX,TX_2,1
2015-08-28,TX,TX_3,1
2015-08-28,WI,WI_1,0
2015-08-28,WI,WI_2,2
2015-08-28,WI,WI_3,1
2015-08-29,CA,CA_1,3
2015-08-29,CA,CA_2,4
2015-08-29,CA,CA_3,7
2015-08-29,CA,CA_4,0
2015-08-29,TX,TX_1,0
2015-08-29,TX,TX_2,2
2015-08-29,TX,TX_3,1
2015-08-29,WI,WI_1,0
2015-08-29,WI,WI_2,4
2015-08-29,WI,WI_3,2
2015-08-30,CA,CA_1,3
2015-08-30,CA,CA_2,2
2015-08-30,CA,CA_3,2
2015-08-30,CA,CA_4,1
2015-08-30,TX,TX_1,0
2015-08-30,TX,TX_2,1
2015-08-30,TX,TX_3,0
2015-08-30,WI,WI_1,0
2015-08-30,WI,WI_2,0
2015-08-30,WI,WI_3,2
2015-08-31,CA,CA_1,4
2015-08-31,CA,CA_2,6
2015-08-31,CA,CA_3,1
2015-08-31,CA,CA_4,3
2015-08-31,TX,TX_1,1
2015-08-31,TX,TX_2,1
2015-08-31,TX,TX_3,2
2015-08-31,WI,WI_1,2
2015-08-31,WI,WI_2,2
2015-08-31,WI,WI_3,1
2015-09-01,CA,CA_1,2
2015-09-01,CA,CA_2,1
2015-09-01,CA,CA_3,1
2015-09-01,CA,CA_4,2
2015-09-01,TX,TX_1,0
2015-09-01,TX,TX_2,1
2015-09-01,TX,TX_3,0
2015-09-01,WI,WI_1,4
2015-09-01,WI,WI_2,0
2015-09-01,WI,WI_3,1
2015-09-02,CA,CA_1,0
2015-09-02,CA,CA_2,1
2015-09-02,CA,CA_3,0
2015-09-02,CA,CA_4,2
2015-09-02,TX,TX_1,0
2015-09-02,TX,TX_2,0
2015-09-02,TX,TX_3,4
2015-09-02,WI,WI_1,4
2015-09-02,WI,WI_2,0
2015-09-02,WI,WI_3,4
2015-09-03,CA,CA_1,0
2015-09-03,CA,CA_2,5
2015-09-03,CA,CA_3,4
2015-09-03,CA,CA_4,0
2015-09-03,TX,TX_1,0
2015-09-03,TX,TX_2,1
2015-09-03,TX,TX_3,1
2015-09-03,WI,WI_1,0
2015-09-03,WI,WI_2,1
2015-09-03,WI,WI_3,3
2015-09-04,CA,CA_1,5
2015-09-04,CA,CA_2,3
2015-09-04,CA,CA_3,0
2015-09-04,CA,CA_4,0
2015-09-04,TX,TX_1,1
2015-09-04,TX,TX_2,3
2015-09-04,TX,TX_3,0
2015-09-04,WI,WI_1,5
2015-09-04,WI,WI_2,1
2015-09-04,WI,WI_3,2
2015-09-05,CA,CA_1,6
2015-09-05,CA,CA_2,0
2015-09-05,CA,CA_3,1
2015-09-05,CA,CA_4,1
2015-09-05,TX,TX_1,1
2015-09-05,TX,TX_2,2
2015-09-05,TX,TX_3,0
2015-09-05,WI,WI_1,4
2015-09-05,WI,WI_2,2
2015-09-05,WI,WI_3,2
2015-09-06,CA,CA_1,0
2015-09-06,CA,CA_2,3
2015-09-06,CA,CA_3,2
2015-09-06,CA,CA_4,0
2015-09-06,TX,TX_1,0
2015-09-06,TX,TX_2,0
2015-09-06,TX,TX_3,0
2015-09-06,WI,WI_1,4
2015-09-06,WI,WI_2,2
2015-09-06,WI,WI_3,1
2015-09-07,CA,CA_1,0
2015-09-07,CA,CA_2,3
2015-09-07,CA,CA_3,1
2015-09-07,CA,CA_4,0
2015-09-07,TX,TX_1,0
2015-09-07,TX,TX_2,0
2015-09-07,TX,TX_3,2
2015-09-07,WI,WI_1,2
2015-09-07,WI,WI_2,0
2015-09-07,WI,WI_3,3
2015-09-08,CA,CA_1,0
2015-09-08,CA,CA_2,4
2015-09-08,CA,CA_3,3
2015-09-08,CA,CA_4,3
2015-09-08,TX,TX_1,0
2015-09-08,TX,TX_2,0
2015-09-08,TX,TX_3,1
2015-09-08,WI,WI_1,1
2015-09-08,WI,WI_2,5
2015-09-08,WI,WI_3,1
2015-09-09,CA,CA_1,1
2015-09-09,CA,CA_2,0
2015-09-09,CA,CA_3,4
2015-09-09,CA,CA_4,0
2015-09-09,TX,TX_1,0
2015-09-09,TX,TX_2,1
2015-09-09,TX,TX_3,0
2015-09-09,WI,WI_1,3
2015-09-09,WI,WI_2,1
2015-09-09,WI,WI_3,3
2015-09-10,CA,CA_1,0
2015-09-10,CA,CA_2,1
2015-09-10,CA,CA_3,7
2015-09-10,CA,CA_4,3
2015-09-10,TX,TX_1,1
2015-09-10,TX,TX_2,1
2015-09-10,TX,TX_3,0
2015-09-10,WI,WI_1,2
2015-09-10,WI,WI_2,4
2015-09-10,WI,WI_3,2
2015-09-11,CA,CA_1,4
2015-09-11,CA,CA_2,0
2015-09-11,CA,CA_3,11
2015-09-11,CA,CA_4,0
2015-09-11,TX,TX_1,1
2015-09-11,TX,TX_2,0
2015-09-11,TX,TX_3,2
2015-09-11,WI,WI_1,3
2015-09-11,WI,WI_2,2
2015-09-11,WI,WI_3,0
2015-09-12,CA,CA_1,0
2015-09-12,CA,CA_2,1
2015-09-12,CA,CA_3,0
2015-09-12,CA,CA_4,0
2015-09-12,TX,TX_1,0
2015-09-12,TX,TX_2,3
2015-09-12,TX,TX_3,0
2015-09-12,WI,WI_1,2
2015-09-12,WI,WI_2,1
2015-09-12,WI,WI_3,6
2015-09-13,CA,CA_1,4
2015-09-13,CA,CA_2,1
2015-09-13,CA,CA_3,0
2015-09-13,CA,CA_4,3
2015-09-13,TX,TX_1,2
2015-09-13,TX,TX_2,2
2015-09-13,TX,TX_3,0
2015-09-13,WI,WI_1,2
2015-09-13,WI,WI_2,2
2015-09-13,WI,WI_3,1
2015-09-14,CA,CA_1,2
2015-09-14,CA,CA_2,0
2015-09-14,CA,CA_3,1
2015-09-14,CA,CA_4,1
2015-09-14,TX,TX_1,0
2015-09-14,TX,TX_2,1
2015-09-14,TX,TX_3,1
2015-09-14,WI,WI_1,6
2015-09-14,WI,WI_2,4
2015-09-14,WI,WI_3,2
2015-09-15,CA,CA_1,1
2015-09-15,CA,CA_2,1
2015-09-15,CA,CA_3,2
2015-09-15,CA,CA_4,0
2015-09-15,TX,TX_1,0
2015-09-15,TX,TX_2,0
2015-09-15,TX,TX_3,2
2015-09-15,WI,WI_1,1
2015-09-15,WI,WI_2,2
2015-09-15,WI,WI_3,2
2015-09-16,CA,CA_1,0
2015-09-16,CA,CA_2,4
2015-09-16,CA,CA_3,3
2015-09-16,CA,CA_4,0
2015-09-16,TX,TX_1,0
2015-09-16,TX,TX_2,0
2015-09-16,TX,TX_3,0
2015-09-16,WI,WI_1,0
2015-09-16,WI,WI_2,1
2015-09-16,WI,WI_3,0
2015-09-17,CA,CA_1,0
2015-09-17,CA,CA_2,7
2015-09-17,CA,CA_3,1
2015-09-17,CA,CA_4,0
2015-09-17,TX,TX_1,1
2015-09-17,TX,TX_2,2
2015-09-17,TX,TX_3,3
2015-09-17,WI,WI_1,6
2015-09-17,WI,WI_2,3
2015-09-17,WI,WI_3,3
2015-09-18,CA,CA_1,0
2015-09-18,CA,CA_2,3
2015-09-18,CA,CA_3,1
2015-09-18,CA,CA_4,0
2015-09-18,TX,TX_1,1
2015-09-18,TX,TX_2,0
2015-09-18,TX,TX_3,1
2015-09-18,WI,WI_1,3
2015-09-18,WI,WI_2,5
2015-09-18,WI,WI_3,0
2015-09-19,CA,CA_1,0
2015-09-19,CA,CA_2,6
2015-09-19,CA,CA_3,3
2015-09-19,CA,CA_4,1
2015-09-19,TX,TX_1,0
2015-09-19,TX,TX_2,0
2015-09-19,TX,TX_3,0
2015-09-19,WI,WI_1,3
2015-09-19,WI,WI_2,0
2015-09-19,WI,WI_3,1
2015-09-20,CA,CA_1,2
2015-09-20,CA,CA_2,2
2015-09-20,CA,CA_3,5
2015-09-20,CA,CA_4,0
2015-09-20,TX,TX_1,1
2015-09-20,TX,TX_2,1
2015-09-20,TX,TX_3,0
2015-09-20,WI,WI_1,2
2015-09-20,WI,WI_2,0
2015-09-20,WI,WI_3,1
2015-09-21,CA,CA_1,4
2015-09-21,CA,CA_2,0
2015-09-21,CA,CA_3,2
2015-09-21,CA,CA_4,0
2015-09-21,TX,TX_1,1
2015-09-21,TX,TX_2,0
2015-09-21,TX,TX_3,0
2015-09-21,WI,WI_1,0
2015-09-21,WI,WI_2,0
2015-09-21,WI,WI_3,2
2015-09-22,CA,CA_1,2
2015-09-22,CA,CA_2,1
2015-09-22,CA,CA_3,0
2015-09-22,CA,CA_4,0
2015-09-22,TX,TX_1,0
2015-09-22,TX,TX_2,1
2015-09-22,TX,TX_3,1
2015-09-22,WI,WI_1,0
2015-09-22,WI,WI_2,2
2015-09-22,WI,WI_3,0
2015-09-23,CA,CA_1,3
2015-09-23,CA,CA_2,2
2015-09-23,CA,CA_3,1
2015-09-23,CA,CA_4,1
2015-09-23,TX,TX_1,0
2015-09-23,TX,TX_2,0
2015-09-23,TX,TX_3,1
2015-09-23,WI,WI_1,2
2015-09-23,WI,WI_2,0
2015-09-23,WI,WI_3,2
2015-09-24,CA,CA_1,0
2015-09-24,CA,CA_2,0
2015-09-24,CA,CA_3,2
2015-09-24,CA,CA_4,0
2015-09-24,TX,TX_1,0
2015-09-24,TX,TX_2,3
2015-09-24,TX,TX_3,0
2015-09-24,WI,WI_1,1
2015-09-24,WI,WI_2,0
2015-09-24,WI,WI_3,0
2015-09-25,CA,CA_1,0
2015-09-25,CA,CA_2,1
2015-09-25,CA,CA_3,2
2015-09-25,CA,CA_4,7
2015-09-25,TX,TX_1,0
2015-09-25,TX,TX_2,0
2015-09-25,TX,TX_3,0
2015-09-25,WI,WI_1,1
2015-09-25,WI,WI_2,2
2015-09-25,WI,WI_3,0
2015-09-26,CA,CA_1,3
2015-09-26,CA,CA_2,0
2015-09-26,CA,CA_3,1
2015-09-26,CA,CA_4,0
2015-09-26,TX,TX_1,0
2015-09-26,TX,TX_2,3
2015-09-26,TX,TX_3,0
2015-09-26,WI,WI_1,1
2015-09-26,WI,WI_2,1
2015-09-26,WI,WI_3,5
2015-09-27,CA,CA_1,2
2015-09-27,CA,CA_2,7
2015-09-27,CA,CA_3,4
2015-09-27,CA,CA_4,1
2015-09-27,TX,TX_1,0
2015-09-27,TX,TX_2,0
2015-09-27,TX,TX_3,1
2015-09-27,WI,WI_1,7
2015-09-27,WI,WI_2,2
2015-09-27,WI,WI_3,2
2015-09-28,CA,CA_1,7
2015-09-28,CA,CA_2,0
2015-09-28,CA,CA_3,2
2015-09-28,CA,CA_4,0
2015-09-28,TX,TX_1,0
2015-09-28,TX,TX_2,2
2015-09-28,TX,TX_3,0
2015-09-28,WI,WI_1,7
2015-09-28,WI,WI_2,1
2015-09-28,WI,WI_3,2
2015-09-29,CA,CA_1,0
2015-09-29,CA,CA_2,2
2015-09-29,CA,CA_3,0
2015-09-29,CA,CA_4,1
2015-09-29,TX,TX_1,0
2015-09-29,TX,TX_2,0
2015-09-29,TX,TX_3,2
2015-09-29,WI,WI_1,1
2015-09-29,WI,WI_2,0
2015-09-29,WI,WI_3,1
2015-09-30,CA,CA_1,0
2015-09-30,CA,CA_2,0
2015-09-30,CA,CA_3,0
2015-09-30,CA,CA_4,0
2015-09-30,TX,TX_1,0
2015-09-30,TX,TX_2,1
2015-09-30,TX,TX_3,0
2015-09-30,WI,WI_1,3
2015-09-30,WI,WI_2,1
2015-09-30,WI,WI_3,0
2015-10-01,CA,CA_1,0
2015-10-01,CA,CA_2,0
2015-10-01,CA,CA_3,5
2015-10-01,CA,CA_4,1
2015-10-01,TX,TX_1,1
2015-10-01,TX,TX_2,0
2015-10-01,TX,TX_3,0
2015-10-01,WI,WI_1,1
2015-10-01,WI,WI_2,1
2015-10-01,WI,WI_3,0
2015-10-02,CA,CA_1,4
2015-10-02,CA,CA_2,1
2015-10-02,CA,CA_3,3
2015-10-02,CA,CA_4,2
2015-10-02,TX,TX_1,0
2015-10-02,TX,TX_2,2
2015-10-02,TX,TX_3,0
2015-10-02,WI,WI_1,0
2015-10-02,WI,WI_2,3
2015-10-02,WI,WI_3,2
2015-10-03,CA,CA_1,4
2015-10-03,CA,CA_2,3
2015-10-03,CA,CA_3,7
2015-10-03,CA,CA_4,0
2015-10-03,TX,TX_1,0
2015-10-03,TX,TX_2,0
2015-10-03,TX,TX_3,0
2015-10-03,WI,WI_1,5
2015-10-03,WI,WI_2,1
2015-10-03,WI,WI_3,0
2015-10-04,CA,CA_1,3
2015-10-04,CA,CA_2,1
2015-10-04,CA,CA_3,3
2015-10-04,CA,CA_4,3
2015-10-04,TX,TX_1,0
2015-10-04,TX,TX_2,0
2015-10-04,TX,TX_3,0
2015-10-04,WI,WI_1,1
2015-10-04,WI,WI_2,2
2015-10-04,WI,WI_3,0
2015-10-05,CA,CA_1,1
2015-10-05,CA,CA_2,7
2015-10-05,CA,CA_3,2
2015-10-05,CA,CA_4,1
2015-10-05,TX,TX_1,0
2015-10-05,TX,TX_2,0
2015-10-05,TX,TX_3,1
2015-10-05,WI,WI_1,6
2015-10-05,WI,WI_2,1
2015-10-05,WI,WI_3,1
2015-10-06,CA,CA_1,1
2015-10-06,CA,CA_2,0
2015-10-06,CA,CA_3,1
2015-10-06,CA,CA_4,1
2015-10-06,TX,TX_1,0
2015-10-06,TX,TX_2,0
2015-10-06,TX,TX_3,2
2015-10-06,WI,WI_1,0
2015-10-06,WI,WI_2,1
2015-10-06,WI,WI_3,1
2015-10-07,CA,CA_1,1
2015-10-07,CA,CA_2,6
2015-10-07,CA,CA_3,3
2015-10-07,CA,CA_4,0
2015-10-07,TX,TX_1,0
2015-10-07,TX,TX_2,0
2015-10-07,TX,TX_3,0
2015-10-07,WI,WI_1,3
2015-10-07,WI,WI_2,9
2015-10-07,WI,WI_3,1
2015-10-08,CA,CA_1,4
2015-10-08,CA,CA_2,0
2015-10-08,CA,CA_3,4
2015-10-08,CA,CA_4,0
2015-10-08,TX,TX_1,0
2015-10-08,TX,TX_2,0
2015-10-08,TX,TX_3,0
2015-10-08,WI,WI_1,0
2015-10-08,WI,WI_2,3
2015-10-08,WI,WI_3,0
2015-10-09,CA,CA_1,5
2015-10-09,CA,CA_2,0
2015-10-09,CA,CA_3,5
2015-10-09,CA,CA_4,1
2015-10-09,TX,TX_1,0
2015-10-09,TX,TX_2,1
2015-10-09,TX,TX_3,1
2015-10-09,WI,WI_1,4
2015-10-09,WI,WI_2,3
2015-10-09,WI,WI_3,2
2015-10-10,CA,CA_1,4
2015-10-10,CA,CA_2,2
2015-10-10,CA,CA_3,4
2015-10-10,CA,CA_4,0
2015-10-10,TX,TX_1,1
2015-10-10,TX,TX_2,0
2015-10-10,TX,TX_3,0
2015-10-10,WI,WI_1,3
2015-10-10,WI,WI_2,2
2015-10-10,WI,WI_3,1
2015-10-11,CA,CA_1,2
2015-10-11,CA,CA_2,1
2015-10-11,CA,CA_3,3
2015-10-11,CA,CA_4,2
2015-10-11,TX,TX_1,0
2015-10-11,TX,TX_2,0
2015-10-11,TX,TX_3,3
2015-10-11,WI,WI_1,0
2015-10-11,WI,WI_2,2
2015-10-11,WI,WI_3,4
2015-10-12,CA,CA_1,10
2015-10-12,CA,CA_2,0
2015-10-12,CA,CA_3,4
2015-10-12,CA,CA_4,0
2015-10-12,TX,TX_1,0
2015-10-12,TX,TX_2,0
2015-10-12,TX,TX_3,0
2015-10-12,WI,WI_1,2
2015-10-12,WI,WI_2,0
2015-10-12,WI,WI_3,0
2015-10-13,CA,CA_1,0
2015-10-13,CA,CA_2,6
2015-10-13,CA,CA_3,0
2015-10-13,CA,CA_4,3
2015-10-13,TX,TX_1,0
2015-10-13,TX,TX_2,1
2015-10-13,TX,TX_3,1
2015-10-13,WI,WI_1,3
2015-10-13,WI,WI_2,2
2015-10-13,WI,WI_3,0
2015-10-14,CA,CA_1,5
2015-10-14,CA,CA_2,2
2015-10-14,CA,CA_3,2
2015-10-14,CA,CA_4,0
2015-10-14,TX,TX_1,0
2015-10-14,TX,TX_2,0
2015-10-14,TX,TX_3,1
2015-10-14,WI,WI_1,2
2015-10-14,WI,WI_2,1
2015-10-14,WI,WI_3,0
2015-10-15,CA,CA_1,2
2015-10-15,CA,CA_2,1
2015-10-15,CA,CA_3,2
2015-10-15,CA,CA_4,0
2015-10-15,TX,TX_1,1
2015-10-15,TX,TX_2,0
2015-10-15,TX,TX_3,1
2015-10-15,WI,WI_1,7
2015-10-15,WI,WI_2,0
2015-10-15,WI,WI_3,3
2015-10-16,CA,CA_1,0
2015-10-16,CA,CA_2,2
2015-10-16,CA,CA_3,4
2015-10-16,CA,CA_4,0
2015-10-16,TX,TX_1,0
2015-10-16,TX,TX_2,1
2015-10-16,TX,TX_3,0
2015-10-16,WI,WI_1,0
2015-10-16,WI,WI_2,0
2015-10-16,WI,WI_3,4
2015-10-17,CA,CA_1,3
2015-10-17,CA,CA_2,1
2015-10-17,CA,CA_3,3
2015-10-17,CA,CA_4,1
2015-10-17,TX,TX_1,0
2015-10-17,TX,TX_2,0
2015-10-17,TX,TX_3,1
2015-10-17,WI,WI_1,0
2015-10-17,WI,WI_2,8
2015-10-17,WI,WI_3,2
2015-10-18,CA,CA_1,5
2015-10-18,CA,CA_2,1
2015-10-18,CA,CA_3,4
2015-10-18,CA,CA_4,0
2015-10-18,TX,TX_1,0
2015-10-18,TX,TX_2,2
2015-10-18,TX,TX_3,0
2015-10-18,WI,WI_1,0
2015-10-18,WI,WI_2,2
2015-10-18,WI,WI_3,2
2015-10-19,CA,CA_1,3
2015-10-19,CA,CA_2,1
2015-10-19,CA,CA_3,2
2015-10-19,CA,CA_4,0
2015-10-19,TX,TX_1,0
2015-10-19,TX,TX_2,0
2015-10-19,TX,TX_3,0
2015-10-19,WI,WI_1,1
2015-10-19,WI,WI_2,0
2015-10-19,WI,WI_3,0
2015-10-20,CA,CA_1,1
2015-10-20,CA,CA_2,0
2015-10-20,CA,CA_3,0
2015-10-20,CA,CA_4,0
2015-10-20,TX,TX_1,0
2015-10-20,TX,TX_2,0
2015-10-20,TX,TX_3,0
2015-10-20,WI,WI_1,4
2015-10-20,WI,WI_2,3
2015-10-20,WI,WI_3,2
2015-10-21,CA,CA_1,2
2015-10-21,CA,CA_2,0
2015-10-21,CA,CA_3,4
2015-10-21,CA,CA_4,2
2015-10-21,TX,TX_1,1
2015-10-21,TX,TX_2,1
2015-10-21,TX,TX_3,0
2015-10-21,WI,WI_1,3
2015-10-21,WI,WI_2,0
2015-10-21,WI,WI_3,1
2015-10-22,CA,CA_1,2
2015-10-22,CA,CA_2,0
2015-10-22,CA,CA_3,1
2015-10-22,CA,CA_4,2
2015-10-22,TX,TX_1,1
2015-10-22,TX,TX_2,1
2015-10-22,TX,TX_3,1
2015-10-22,WI,WI_1,1
2015-10-22,WI,WI_2,1
2015-10-22,WI,WI_3,0
2015-10-23,CA,CA_1,1
2015-10-23,CA,CA_2,2
2015-10-23,CA,CA_3,4
2015-10-23,CA,CA_4,0
2015-10-23,TX,TX_1,2
2015-10-23,TX,TX_2,0
2015-10-23,TX,TX_3,0
2015-10-23,WI,WI_1,5
2015-10-23,WI,WI_2,3
2015-10-23,WI,WI_3,10
2015-10-24,CA,CA_1,0
2015-10-24,CA,CA_2,0
2015-10-24,CA,CA_3,3
2015-10-24,CA,CA_4,2
2015-10-24,TX,TX_1,2
2015-10-24,TX,TX_2,1
2015-10-24,TX,TX_3,1
2015-10-24,WI,WI_1,1
2015-10-24,WI,WI_2,0
2015-10-24,WI,WI_3,0
2015-10-25,CA,CA_1,3
2015-10-25,CA,CA_2,8
2015-10-25,CA,CA_3,4
2015-10-25,CA,CA_4,1
2015-10-25,TX,TX_1,1
2015-10-25,TX,TX_2,0
2015-10-25,TX,TX_3,0
2015-10-25,WI,WI_1,3
2015-10-25,WI,WI_2,1
2015-10-25,WI,WI_3,0
2015-10-26,CA,CA_1,1
2015-10-26,CA,CA_2,0
2015-10-26,CA,CA_3,0
2015-10-26,CA,CA_4,0
2015-10-26,TX,TX_1,0
2015-10-26,TX,TX_2,0
2015-10-26,TX,TX_3,2
2015-10-26,WI,WI_1,4
2015-10-26,WI,WI_2,1
2015-10-26,WI,WI_3,1
2015-10-27,CA,CA_1,1
2015-10-27,CA,CA_2,2
2015-10-27,CA,CA_3,0
2015-10-27,CA,CA_4,0
2015-10-27,TX,TX_1,0
2015-10-27,TX,TX_2,0
2015-10-27,TX,TX_3,0
2015-10-27,WI,WI_1,0
2015-10-27,WI,WI_2,1
2015-10-27,WI,WI_3,2
2015-10-28,CA,CA_1,6
2015-10-28,CA,CA_2,0
2015-10-28,CA,CA_3,3
2015-10-28,CA,CA_4,1
2015-10-28,TX,TX_1,1
2015-10-28,TX,TX_2,0
2015-10-28,TX,TX_3,0
2015-10-28,WI,WI_1,5
2015-10-28,WI,WI_2,4
2015-10-28,WI,WI_3,11
2015-10-29,CA,CA_1,2
2015-10-29,CA,CA_2,0
2015-10-29,CA,CA_3,0
2015-10-29,CA,CA_4,0
2015-10-29,TX,TX_1,0
2015-10-29,TX,TX_2,7
2015-10-29,TX,TX_3,0
2015-10-29,WI,WI_1,2
2015-10-29,WI,WI_2,2
2015-10-29,WI,WI_3,2
2015-10-30,CA,CA_1,5
2015-10-30,CA,CA_2,4
2015-10-30,CA,CA_3,2
2015-10-30,CA,CA_4,0
2015-10-30,TX,TX_1,0
2015-10-30,TX,TX_2,0
2015-10-30,TX,TX_3,0
2015-10-30,WI,WI_1,2
2015-10-30,WI,WI_2,3
2015-10-30,WI,WI_3,3
2015-10-31,CA,CA_1,5
2015-10-31,CA,CA_2,2
2015-10-31,CA,CA_3,0
2015-10-31,CA,CA_4,0
2015-10-31,TX,TX_1,1
2015-10-31,TX,TX_2,0
2015-10-31,TX,TX_3,0
2015-10-31,WI,WI_1,1
2015-10-31,WI,WI_2,1
2015-10-31,WI,WI_3,3
2015-11-01,CA,CA_1,4
2015-11-01,CA,CA_2,0
2015-11-01,CA,CA_3,0
2015-11-01,CA,CA_4,1
2015-11-01,TX,TX_1,1
2015-11-01,TX,TX_2,0
2015-11-01,TX,TX_3,1
2015-11-01,WI,WI_1,2
2015-11-01,WI,WI_2,3
2015-11-01,WI,WI_3,0
2015-11-02,CA,CA_1,0
2015-11-02,CA,CA_2,3
2015-11-02,CA,CA_3,4
2015-11-02,CA,CA_4,0
2015-11-02,TX,TX_1,1
2015-11-02,TX,TX_2,0
2015-11-02,TX,TX_3,2
2015-11-02,WI,WI_1,9
2015-11-02,WI,WI_2,0
2015-11-02,WI,WI_3,5
2015-11-03,CA,CA_1,4
2015-11-03,CA,CA_2,1
2015-11-03,CA,CA_3,3
2015-11-03,CA,CA_4,0
2015-11-03,TX,TX_1,0
2015-11-03,TX,TX_2,0
2015-11-03,TX,TX_3,1
2015-11-03,WI,WI_1,4
2015-11-03,WI,WI_2,3
2015-11-03,WI,WI_3,3
2015-11-04,CA,CA_1,6
2015-11-04,CA,CA_2,0
2015-11-04,CA,CA_3,2
2015-11-04,CA,CA_4,1
2015-11-04,TX,TX_1,1
2015-11-04,TX,TX_2,0
2015-11-04,TX,TX_3,0
2015-11-04,WI,WI_1,1
2015-11-04,WI,WI_2,2
2015-11-04,WI,WI_3,2
2015-11-05,CA,CA_1,0
2015-11-05,CA,CA_2,0
2015-11-05,CA,CA_3,3
2015-11-05,CA,CA_4,1
2015-11-05,TX,TX_1,0
2015-11-05,TX,TX_2,1
2015-11-05,TX,TX_3,4
2015-11-05,WI,WI_1,6
2015-11-05,WI,WI_2,0
2015-11-05,WI,WI_3,3
2015-11-06,CA,CA_1,2
2015-11-06,CA,CA_2,2
2015-11-06,CA,CA_3,0
2015-11-06,CA,CA_4,1
2015-11-06,TX,TX_1,0
2015-11-06,TX,TX_2,0
2015-11-06,TX,TX_3,0
2015-11-06,WI,WI_1,4
2015-11-06,WI,WI_2,0
2015-11-06,WI,WI_3,3
2015-11-07,CA,CA_1,2
2015-11-07,CA,CA_2,1
2015-11-07,CA,CA_3,1
2015-11-07,CA,CA_4,1
2015-11-07,TX,TX_1,0
2015-11-07,TX,TX_2,1
2015-11-07,TX,TX_3,2
2015-11-07,WI,WI_1,2
2015-11-07,WI,WI_2,8
2015-11-07,WI,WI_3,4
2015-11-08,CA,CA_1,8
2015-11-08,CA,CA_2,8
2015-11-08,CA,CA_3,3
2015-11-08,CA,CA_4,0
2015-11-08,TX,TX_1,1
2015-11-08,TX,TX_2,2
2015-11-08,TX,TX_3,2
2015-11-08,WI,WI_1,2
2015-11-08,WI,WI_2,3
2015-11-08,WI,WI_3,3
2015-11-09,CA,CA_1,1
2015-11-09,CA,CA_2,0
2015-11-09,CA,CA_3,1
2015-11-09,CA,CA_4,1
2015-11-09,TX,TX_1,0
2015-11-09,TX,TX_2,1
2015-11-09,TX,TX_3,0
2015-11-09,WI,WI_1,1
2015-11-09,WI,WI_2,6
2015-11-09,WI,WI_3,3
2015-11-10,CA,CA_1,0
2015-11-10,CA,CA_2,2
2015-11-10,CA,CA_3,1
2015-11-10,CA,CA_4,3
2015-11-10,TX,TX_1,0
2015-11-10,TX,TX_2,0
2015-11-10,TX,TX_3,0
2015-11-10,WI,WI_1,4
2015-11-10,WI,WI_2,0
2015-11-10,WI,WI_3,0
2015-11-11,CA,CA_1,0
2015-11-11,CA,CA_2,1
2015-11-11,CA,CA_3,2
2015-11-11,CA,CA_4,0
2015-11-11,TX,TX_1,0
2015-11-11,TX,TX_2,2
2015-11-11,TX,TX_3,0
2015-11-11,WI,WI_1,3
2015-11-11,WI,WI_2,3
2015-11-11,WI,WI_3,3
2015-11-12,CA,CA_1,0
2015-11-12,CA,CA_2,0
2015-11-12,CA,CA_3,1
2015-11-12,CA,CA_4,0
2015-11-12,TX,TX_1,0
2015-11-12,TX,TX_2,0
2015-11-12,TX,TX_3,1
2015-11-12,WI,WI_1,6
2015-11-12,WI,WI_2,4
2015-11-12,WI,WI_3,3
2015-11-13,CA,CA_1,3
2015-11-13,CA,CA_2,1
2015-11-13,CA,CA_3,0
2015-11-13,CA,CA_4,3
2015-11-13,TX,TX_1,0
2015-11-13,TX,TX_2,0
2015-11-13,TX,TX_3,0
2015-11-13,WI,WI_1,4
2015-11-13,WI,WI_2,2
2015-11-13,WI,WI_3,2
2015-11-14,CA,CA_1,3
2015-11-14,CA,CA_2,7
2015-11-14,CA,CA_3,3
2015-11-14,CA,CA_4,0
2015-11-14,TX,TX_1,1
2015-11-14,TX,TX_2,0
2015-11-14,TX,TX_3,0
2015-11-14,WI,WI_1,2
2015-11-14,WI,WI_2,0
2015-11-14,WI,WI_3,5
2015-11-15,CA,CA_1,1
2015-11-15,CA,CA_2,2
2015-11-15,CA,CA_3,1
2015-11-15,CA,CA_4,0
2015-11-15,TX,TX_1,1
2015-11-15,TX,TX_2,0
2015-11-15,TX,TX_3,0
2015-11-15,WI,WI_1,1
2015-11-15,WI,WI_2,3
2015-11-15,WI,WI_3,2
2015-11-16,CA,CA_1,1
2015-11-16,CA,CA_2,2
2015-11-16,CA,CA_3,0
2015-11-16,CA,CA_4,0
2015-11-16,TX,TX_1,0
2015-11-16,TX,TX_2,0
2015-11-16,TX,TX_3,1
2015-11-16,WI,WI_1,1
2015-11-16,WI,WI_2,0
2015-11-16,WI,WI_3,5
2015-11-17,CA,CA_1,4
2015-11-17,CA,CA_2,0
2015-11-17,CA,CA_3,2
2015-11-17,CA,CA_4,0
2015-11-17,TX,TX_1,0
2015-11-17,TX,TX_2,0
2015-11-17,TX,TX_3,1
2015-11-17,WI,WI_1,8
2015-11-17,WI,WI_2,1
2015-11-17,WI,WI_3,3
2015-11-18,CA,CA_1,3
2015-11-18,CA,CA_2,0
2015-11-18,CA,CA_3,11
2015-11-18,CA,CA_4,0
2015-11-18,TX,TX_1,0
2015-11-18,TX,TX_2,0
2015-11-18,TX,TX_3,0
2015-11-18,WI,WI_1,0
2015-11-18,WI,WI_2,4
2015-11-18,WI,WI_3,0
2015-11-19,CA,CA_1,1
2015-11-19,CA,CA_2,0
2015-11-19,CA,CA_3,2
2015-11-19,CA,CA_4,0
2015-11-19,TX,TX_1,0
2015-11-19,TX,TX_2,0
2015-11-19,TX,TX_3,0
2015-11-19,WI,WI_1,1
2015-11-19,WI,WI_2,1
2015-11-19,WI,WI_3,0
2015-11-20,CA,CA_1,9
2015-11-20,CA,CA_2,11
2015-11-20,CA,CA_3,1
2015-11-20,CA,CA_4,0
2015-11-20,TX,TX_1,0
2015-11-20,TX,TX_2,0
2015-11-20,TX,TX_3,0
2015-11-20,WI,WI_1,4
2015-11-20,WI,WI_2,0
2015-11-20,WI,WI_3,0
2015-11-21,CA,CA_1,3
2015-11-21,CA,CA_2,0
2015-11-21,CA,CA_3,2
2015-11-21,CA,CA_4,0
2015-11-21,TX,TX_1,0
2015-11-21,TX,TX_2,2
2015-11-21,TX,TX_3,0
2015-11-21,WI,WI_1,3
2015-11-21,WI,WI_2,8
2015-11-21,WI,WI_3,10
2015-11-22,CA,CA_1,1
2015-11-22,CA,CA_2,2
2015-11-22,CA,CA_3,0
2015-11-22,CA,CA_4,0
2015-11-22,TX,TX_1,0
2015-11-22,TX,TX_2,2
2015-11-22,TX,TX_3,0
2015-11-22,WI,WI_1,0
2015-11-22,WI,WI_2,0
2015-11-22,WI,WI_3,2
2015-11-23,CA,CA_1,3
2015-11-23,CA,CA_2,1
2015-11-23,CA,CA_3,3
2015-11-23,CA,CA_4,0
2015-11-23,TX,TX_1,1
2015-11-23,TX,TX_2,1
2015-11-23,TX,TX_3,2
2015-11-23,WI,WI_1,7
2015-11-23,WI,WI_2,0
2015-11-23,WI,WI_3,0
2015-11-24,CA,CA_1,0
2015-11-24,CA,CA_2,0
2015-11-24,CA,CA_3,0
2015-11-24,CA,CA_4,0
2015-11-24,TX,TX_1,0
2015-11-24,TX,TX_2,0
2015-11-24,TX,TX_3,0
2015-11-24,WI,WI_1,2
2015-11-24,WI,WI_2,1
2015-11-24,WI,WI_3,0
2015-11-25,CA,CA_1,3
2015-11-25,CA,CA_2,4
2015-11-25,CA,CA_3,0
2015-11-25,CA,CA_4,3
2015-11-25,TX,TX_1,1
2015-11-25,TX,TX_2,0
2015-11-25,TX,TX_3,0
2015-11-25,WI,WI_1,4
2015-11-25,WI,WI_2,1
2015-11-25,WI,WI_3,2
2015-11-26,CA,CA_1,0
2015-11-26,CA,CA_2,0
2015-11-26,CA,CA_3,0
2015-11-26,CA,CA_4,0
2015-11-26,TX,TX_1,0
2015-11-26,TX,TX_2,0
2015-11-26,TX,TX_3,0
2015-11-26,WI,WI_1,0
2015-11-26,WI,WI_2,2
2015-11-26,WI,WI_3,0
2015-11-27,CA,CA_1,0
2015-11-27,CA,CA_2,0
2015-11-27,CA,CA_3,4
2015-11-27,CA,CA_4,1
2015-11-27,TX,TX_1,1
2015-11-27,TX,TX_2,0
2015-11-27,TX,TX_3,0
2015-11-27,WI,WI_1,1
2015-11-27,WI,WI_2,0
2015-11-27,WI,WI_3,1
2015-11-28,CA,CA_1,0
2015-11-28,CA,CA_2,3
2015-11-28,CA,CA_3,1
2015-11-28,CA,CA_4,0
2015-11-28,TX,TX_1,0
2015-11-28,TX,TX_2,1
2015-11-28,TX,TX_3,0
2015-11-28,WI,WI_1,2
2015-11-28,WI,WI_2,0
2015-11-28,WI,WI_3,2
2015-11-29,CA,CA_1,0
2015-11-29,CA,CA_2,1
2015-11-29,CA,CA_3,0
2015-11-29,CA,CA_4,2
2015-11-29,TX,TX_1,1
2015-11-29,TX,TX_2,0
2015-11-29,TX,TX_3,0
2015-11-29,WI,WI_1,1
2015-11-29,WI,WI_2,1
2015-11-29,WI,WI_3,0
2015-11-30,CA,CA_1,3
2015-11-30,CA,CA_2,0
2015-11-30,CA,CA_3,2
2015-11-30,CA,CA_4,0
2015-11-30,TX,TX_1,1
2015-11-30,TX,TX_2,1
2015-11-30,TX,TX_3,0
2015-11-30,WI,WI_1,4
2015-11-30,WI,WI_2,0
2015-11-30,WI,WI_3,2
2015-12-01,CA,CA_1,0
2015-12-01,CA,CA_2,1
2015-12-01,CA,CA_3,2
2015-12-01,CA,CA_4,2
2015-12-01,TX,TX_1,0
2015-12-01,TX,TX_2,0
2015-12-01,TX,TX_3,0
2015-12-01,WI,WI_1,2
2015-12-01,WI,WI_2,5
2015-12-01,WI,WI_3,2
2015-12-02,CA,CA_1,0
2015-12-02,CA,CA_2,1
2015-12-02,CA,CA_3,1
2015-12-02,CA,CA_4,0
2015-12-02,TX,TX_1,0
2015-12-02,TX,TX_2,0
2015-12-02,TX,TX_3,1
2015-12-02,WI,WI_1,0
2015-12-02,WI,WI_2,3
2015-12-02,WI,WI_3,2
2015-12-03,CA,CA_1,2
2015-12-03,CA,CA_2,1
2015-12-03,CA,CA_3,4
2015-12-03,CA,CA_4,0
2015-12-03,TX,TX_1,0
2015-12-03,TX,TX_2,0
2015-12-03,TX,TX_3,0
2015-12-03,WI,WI_1,1
2015-12-03,WI,WI_2,1
2015-12-03,WI,WI_3,3
2015-12-04,CA,CA_1,2
2015-12-04,CA,CA_2,2
2015-12-04,CA,CA_3,1
2015-12-04,CA,CA_4,0
2015-12-04,TX,TX_1,0
2015-12-04,TX,TX_2,1
2015-12-04,TX,TX_3,0
2015-12-04,WI,WI_1,3
2015-12-04,WI,WI_2,0
2015-12-04,WI,WI_3,0
2015-12-05,CA,CA_1,2
2015-12-05,CA,CA_2,1
2015-12-05,CA,CA_3,2
2015-12-05,CA,CA_4,2
2015-12-05,TX,TX_1,0
2015-12-05,TX,TX_2,2
2015-12-05,TX,TX_3,3
2015-12-05,WI,WI_1,2
2015-12-05,WI,WI_2,1
2015-12-05,WI,WI_3,6
2015-12-06,CA,CA_1,3
2015-12-06,CA,CA_2,3
2015-12-06,CA,CA_3,0
2015-12-06,CA,CA_4,1
2015-12-06,TX,TX_1,2
2015-12-06,TX,TX_2,1
2015-12-06,TX,TX_3,0
2015-12-06,WI,WI_1,5
2015-12-06,WI,WI_2,8
2015-12-06,WI,WI_3,0
2015-12-07,CA,CA_1,9
2015-12-07,CA,CA_2,0
2015-12-07,CA,CA_3,0
2015-12-07,CA,CA_4,1
2015-12-07,TX,TX_1,0
2015-12-07,TX,TX_2,3
2015-12-07,TX,TX_3,0
2015-12-07,WI,WI_1,8
2015-12-07,WI,WI_2,4
2015-12-07,WI,WI_3,1
2015-12-08,CA,CA_1,2
2015-12-08,CA,CA_2,3
2015-12-08,CA,CA_3,4
2015-12-08,CA,CA_4,0
2015-12-08,TX,TX_1,1
2015-12-08,TX,TX_2,0
2015-12-08,TX,TX_3,1
2015-12-08,WI,WI_1,12
2015-12-08,WI,WI_2,0
2015-12-08,WI,WI_3,4
2015-12-09,CA,CA_1,0
2015-12-09,CA,CA_2,2
2015-12-09,CA,CA_3,4
2015-12-09,CA,CA_4,1
2015-12-09,TX,TX_1,1
2015-12-09,TX,TX_2,0
2015-12-09,TX,TX_3,1
2015-12-09,WI,WI_1,2
2015-12-09,WI,WI_2,0
2015-12-09,WI,WI_3,2
2015-12-10,CA,CA_1,2
2015-12-10,CA,CA_2,0
2015-12-10,CA,CA_3,0
2015-12-10,CA,CA_4,0
2015-12-10,TX,TX_1,0
2015-12-10,TX,TX_2,1
2015-12-10,TX,TX_3,0
2015-12-10,WI,WI_1,0
2015-12-10,WI,WI_2,8
2015-12-10,WI,WI_3,1
2015-12-11,CA,CA_1,1
2015-12-11,CA,CA_2,1
2015-12-11,CA,CA_3,0
2015-12-11,CA,CA_4,0
2015-12-11,TX,TX_1,0
2015-12-11,TX,TX_2,0
2015-12-11,TX,TX_3,0
2015-12-11,WI,WI_1,2
2015-12-11,WI,WI_2,1
2015-12-11,WI,WI_3,1
2015-12-12,CA,CA_1,1
2015-12-12,CA,CA_2,1
2015-12-12,CA,CA_3,1
2015-12-12,CA,CA_4,1
2015-12-12,TX,TX_1,1
2015-12-12,TX,TX_2,2
2015-12-12,TX,TX_3,1
2015-12-12,WI,WI_1,4
2015-12-12,WI,WI_2,1
2015-12-12,WI,WI_3,3
2015-12-13,CA,CA_1,2
2015-12-13,CA,CA_2,0
2015-12-13,CA,CA_3,3
2015-12-13,CA,CA_4,1
2015-12-13,TX,TX_1,0
2015-12-13,TX,TX_2,0
2015-12-13,TX,TX_3,0
2015-12-13,WI,WI_1,1
2015-12-13,WI,WI_2,2
2015-12-13,WI,WI_3,0
2015-12-14,CA,CA_1,3
2015-12-14,CA,CA_2,4
2015-12-14,CA,CA_3,0
2015-12-14,CA,CA_4,0
2015-12-14,TX,TX_1,0
2015-12-14,TX,TX_2,0
2015-12-14,TX,TX_3,1
2015-12-14,WI,WI_1,8
2015-12-14,WI,WI_2,1
2015-12-14,WI,WI_3,2
2015-12-15,CA,CA_1,2
2015-12-15,CA,CA_2,0
2015-12-15,CA,CA_3,0
2015-12-15,CA,CA_4,0
2015-12-15,TX,TX_1,0
2015-12-15,TX,TX_2,0
2015-12-15,TX,TX_3,2
2015-12-15,WI,WI_1,3
2015-12-15,WI,WI_2,0
2015-12-15,WI,WI_3,1
2015-12-16,CA,CA_1,0
2015-12-16,CA,CA_2,1
2015-12-16,CA,CA_3,0
2015-12-16,CA,CA_4,2
2015-12-16,TX,TX_1,0
2015-12-16,TX,TX_2,0
2015-12-16,TX,TX_3,0
2015-12-16,WI,WI_1,3
2015-12-16,WI,WI_2,3
2015-12-16,WI,WI_3,2
2015-12-17,CA,CA_1,2
2015-12-17,CA,CA_2,0
2015-12-17,CA,CA_3,1
2015-12-17,CA,CA_4,0
2015-12-17,TX,TX_1,0
2015-12-17,TX,TX_2,0
2015-12-17,TX,TX_3,1
2015-12-17,WI,WI_1,0
2015-12-17,WI,WI_2,10
2015-12-17,WI,WI_3,1
2015-12-18,CA,CA_1,1
2015-12-18,CA,CA_2,1
2015-12-18,CA,CA_3,3
2015-12-18,CA,CA_4,1
2015-12-18,TX,TX_1,0
2015-12-18,TX,TX_2,0
2015-12-18,TX,TX_3,0
2015-12-18,WI,WI_1,0
2015-12-18,WI,WI_2,0
2015-12-18,WI,WI_3,3
2015-12-19,CA,CA_1,9
2015-12-19,CA,CA_2,1
2015-12-19,CA,CA_3,2
2015-12-19,CA,CA_4,2
2015-12-19,TX,TX_1,1
2015-12-19,TX,TX_2,0
2015-12-19,TX,TX_3,0
2015-12-19,WI,WI_1,3
2015-12-19,WI,WI_2,0
2015-12-19,WI,WI_3,2
2015-12-20,CA,CA_1,1
2015-12-20,CA,CA_2,1
2015-12-20,CA,CA_3,7
2015-12-20,CA,CA_4,0
2015-12-20,TX,TX_1,1
2015-12-20,TX,TX_2,1
2015-12-20,TX,TX_3,1
2015-12-20,WI,WI_1,5
2015-12-20,WI,WI_2,3
2015-12-20,WI,WI_3,1
2015-12-21,CA,CA_1,2
2015-12-21,CA,CA_2,1
2015-12-21,CA,CA_3,1
2015-12-21,CA,CA_4,1
2015-12-21,TX,TX_1,0
2015-12-21,TX,TX_2,1
2015-12-21,TX,TX_3,1
2015-12-21,WI,WI_1,2
2015-12-21,WI,WI_2,1
2015-12-21,WI,WI_3,2
2015-12-22,CA,CA_1,3
2015-12-22,CA,CA_2,3
2015-12-22,CA,CA_3,0
2015-12-22,CA,CA_4,1
2015-12-22,TX,TX_1,0
2015-12-22,TX,TX_2,0
2015-12-22,TX,TX_3,0
2015-12-22,WI,WI_1,1
2015-12-22,WI,WI_2,3
2015-12-22,WI,WI_3,2
2015-12-23,CA,CA_1,1
2015-12-23,CA,CA_2,0
2015-12-23,CA,CA_3,1
2015-12-23,CA,CA_4,2
2015-12-23,TX,TX_1,0
2015-12-23,TX,TX_2,0
2015-12-23,TX,TX_3,0
2015-12-23,WI,WI_1,0
2015-12-23,WI,WI_2,5
2015-12-23,WI,WI_3,1
2015-12-24,CA,CA_1,1
2015-12-24,CA,CA_2,2
2015-12-24,CA,CA_3,0
2015-12-24,CA,CA_4,0
2015-12-24,TX,TX_1,0
2015-12-24,TX,TX_2,1
2015-12-24,TX,TX_3,0
2015-12-24,WI,WI_1,0
2015-12-24,WI,WI_2,2
2015-12-24,WI,WI_3,4
2015-12-25,CA,CA_1,0
2015-12-25,CA,CA_2,0
2015-12-25,CA,CA_3,0
2015-12-25,CA,CA_4,0
2015-12-25,TX,TX_1,0
2015-12-25,TX,TX_2,0
2015-12-25,TX,TX_3,0
2015-12-25,WI,WI_1,0
2015-12-25,WI,WI_2,0
2015-12-25,WI,WI_3,0
2015-12-26,CA,CA_1,0
2015-12-26,CA,CA_2,1
2015-12-26,CA,CA_3,2
2015-12-26,CA,CA_4,3
2015-12-26,TX,TX_1,0
2015-12-26,TX,TX_2,1
2015-12-26,TX,TX_3,1
2015-12-26,WI,WI_1,5
2015-12-26,WI,WI_2,0
2015-12-26,WI,WI_3,0
2015-12-27,CA,CA_1,0
2015-12-27,CA,CA_2,0
2015-12-27,CA,CA_3,1
2015-12-27,CA,CA_4,0
2015-12-27,TX,TX_1,0
2015-12-27,TX,TX_2,0
2015-12-27,TX,TX_3,2
2015-12-27,WI,WI_1,1
2015-12-27,WI,WI_2,1
2015-12-27,WI,WI_3,1
2015-12-28,CA,CA_1,0
2015-12-28,CA,CA_2,4
2015-12-28,CA,CA_3,3
2015-12-28,CA,CA_4,0
2015-12-28,TX,TX_1,0
2015-12-28,TX,TX_2,0
2015-12-28,TX,TX_3,3
2015-12-28,WI,WI_1,1
2015-12-28,WI,WI_2,2
2015-12-28,WI,WI_3,2
2015-12-29,CA,CA_1,0
2015-12-29,CA,CA_2,1
2015-12-29,CA,CA_3,0
2015-12-29,CA,CA_4,0
2015-12-29,TX,TX_1,0
2015-12-29,TX,TX_2,1
2015-12-29,TX,TX_3,0
2015-12-29,WI,WI_1,4
2015-12-29,WI,WI_2,2
2015-12-29,WI,WI_3,0
2015-12-30,CA,CA_1,0
2015-12-30,CA,CA_2,0
2015-12-30,CA,CA_3,1
2015-12-30,CA,CA_4,2
2015-12-30,TX,TX_1,1
2015-12-30,TX,TX_2,1
2015-12-30,TX,TX_3,0
2015-12-30,WI,WI_1,0
2015-12-30,WI,WI_2,0
2015-12-30,WI,WI_3,5
2015-12-31,CA,CA_1,3
2015-12-31,CA,CA_2,2
2015-12-31,CA,CA_3,1
2015-12-31,CA,CA_4,0
2015-12-31,TX,TX_1,0
2015-12-31,TX,TX_2,2
2015-12-31,TX,TX_3,0
2015-12-31,WI,WI_1,3
2015-12-31,WI,WI_2,2
2015-12-31,WI,WI_3,2
2016-01-01,CA,CA_1,0
2016-01-01,CA,CA_2,1
2016-01-01,CA,CA_3,2
2016-01-01,CA,CA_4,0
2016-01-01,TX,TX_1,3
2016-01-01,TX,TX_2,0
2016-01-01,TX,TX_3,1
2016-01-01,WI,WI_1,9
2016-01-01,WI,WI_2,0
2016-01-01,WI,WI_3,0
2016-01-02,CA,CA_1,4
2016-01-02,CA,CA_2,2
2016-01-02,CA,CA_3,2
2016-01-02,CA,CA_4,0
2016-01-02,TX,TX_1,0
2016-01-02,TX,TX_2,0
2016-01-02,TX,TX_3,2
2016-01-02,WI,WI_1,5
2016-01-02,WI,WI_2,1
2016-01-02,WI,WI_3,8
2016-01-03,CA,CA_1,4
2016-01-03,CA,CA_2,3
2016-01-03,CA,CA_3,1
2016-01-03,CA,CA_4,0
2016-01-03,TX,TX_1,0
2016-01-03,TX,TX_2,0
2016-01-03,TX,TX_3,1
2016-01-03,WI,WI_1,2
2016-01-03,WI,WI_2,3
2016-01-03,WI,WI_3,3
2016-01-04,CA,CA_1,7
2016-01-04,CA,CA_2,2
2016-01-04,CA,CA_3,0
2016-01-04,CA,CA_4,0
2016-01-04,TX,TX_1,0
2016-01-04,TX,TX_2,1
2016-01-04,TX,TX_3,0
2016-01-04,WI,WI_1,5
2016-01-04,WI,WI_2,3
2016-01-04,WI,WI_3,2
2016-01-05,CA,CA_1,2
2016-01-05,CA,CA_2,4
2016-01-05,CA,CA_3,1
2016-01-05,CA,CA_4,0
2016-01-05,TX,TX_1,0
2016-01-05,TX,TX_2,1
2016-01-05,TX,TX_3,0
2016-01-05,WI,WI_1,2
2016-01-05,WI,WI_2,4
2016-01-05,WI,WI_3,3
2016-01-06,CA,CA_1,2
2016-01-06,CA,CA_2,1
2016-01-06,CA,CA_3,2
2016-01-06,CA,CA_4,0
2016-01-06,TX,TX_1,0
2016-01-06,TX,TX_2,3
2016-01-06,TX,TX_3,0
2016-01-06,WI,WI_1,5
2016-01-06,WI,WI_2,3
2016-01-06,WI,WI_3,4
2016-01-07,CA,CA_1,2
2016-01-07,CA,CA_2,1
2016-01-07,CA,CA_3,1
2016-01-07,CA,CA_4,1
2016-01-07,TX,TX_1,0
2016-01-07,TX,TX_2,0
2016-01-07,TX,TX_3,0
2016-01-07,WI,WI_1,3
2016-01-07,WI,WI_2,0
2016-01-07,WI,WI_3,4
2016-01-08,CA,CA_1,2
2016-01-08,CA,CA_2,4
2016-01-08,CA,CA_3,4
2016-01-08,CA,CA_4,0
2016-01-08,TX,TX_1,0
2016-01-08,TX,TX_2,1
2016-01-08,TX,TX_3,1
2016-01-08,WI,WI_1,6
2016-01-08,WI,WI_2,0
2016-01-08,WI,WI_3,2
2016-01-09,CA,CA_1,2
2016-01-09,CA,CA_2,3
2016-01-09,CA,CA_3,2
2016-01-09,CA,CA_4,3
2016-01-09,TX,TX_1,2
2016-01-09,TX,TX_2,3
2016-01-09,TX,TX_3,0
2016-01-09,WI,WI_1,5
2016-01-09,WI,WI_2,2
2016-01-09,WI,WI_3,3
2016-01-10,CA,CA_1,7
2016-01-10,CA,CA_2,2
2016-01-10,CA,CA_3,2
2016-01-10,CA,CA_4,0
2016-01-10,TX,TX_1,0
2016-01-10,TX,TX_2,0
2016-01-10,TX,TX_3,0
2016-01-10,WI,WI_1,0
2016-01-10,WI,WI_2,1
2016-01-10,WI,WI_3,0
2016-01-11,CA,CA_1,2
2016-01-11,CA,CA_2,2
2016-01-11,CA,CA_3,6
2016-01-11,CA,CA_4,0
2016-01-11,TX,TX_1,0
2016-01-11,TX,TX_2,0
2016-01-11,TX,TX_3,2
2016-01-11,WI,WI_1,1
2016-01-11,WI,WI_2,1
2016-01-11,WI,WI_3,0
2016-01-12,CA,CA_1,2
2016-01-12,CA,CA_2,3
2016-01-12,CA,CA_3,2
2016-01-12,CA,CA_4,0
2016-01-12,TX,TX_1,0
2016-01-12,TX,TX_2,2
2016-01-12,TX,TX_3,0
2016-01-12,WI,WI_1,6
2016-01-12,WI,WI_2,2
2016-01-12,WI,WI_3,6
2016-01-13,CA,CA_1,4
2016-01-13,CA,CA_2,1
2016-01-13,CA,CA_3,1
2016-01-13,CA,CA_4,6
2016-01-13,TX,TX_1,2
2016-01-13,TX,TX_2,0
2016-01-13,TX,TX_3,1
2016-01-13,WI,WI_1,5
2016-01-13,WI,WI_2,1
2016-01-13,WI,WI_3,1
2016-01-14,CA,CA_1,0
2016-01-14,CA,CA_2,0
2016-01-14,CA,CA_3,1
2016-01-14,CA,CA_4,2
2016-01-14,TX,TX_1,0
2016-01-14,TX,TX_2,0
2016-01-14,TX,TX_3,0
2016-01-14,WI,WI_1,2
2016-01-14,WI,WI_2,3
2016-01-14,WI,WI_3,3
2016-01-15,CA,CA_1,0
2016-01-15,CA,CA_2,0
2016-01-15,CA,CA_3,0
2016-01-15,CA,CA_4,0
2016-01-15,TX,TX_1,0
2016-01-15,TX,TX_2,0
2016-01-15,TX,TX_3,2
2016-01-15,WI,WI_1,1
2016-01-15,WI,WI_2,4
2016-01-15,WI,WI_3,1
2016-01-16,CA,CA_1,2
2016-01-16,CA,CA_2,0
2016-01-16,CA,CA_3,1
2016-01-16,CA,CA_4,1
2016-01-16,TX,TX_1,0
2016-01-16,TX,TX_2,0
2016-01-16,TX,TX_3,1
2016-01-16,WI,WI_1,7
2016-01-16,WI,WI_2,2
2016-01-16,WI,WI_3,4
2016-01-17,CA,CA_1,2
2016-01-17,CA,CA_2,4
2016-01-17,CA,CA_3,0
2016-01-17,CA,CA_4,0
2016-01-17,TX,TX_1,0
2016-01-17,TX,TX_2,1
2016-01-17,TX,TX_3,0
2016-01-17,WI,WI_1,2
2016-01-17,WI,WI_2,1
2016-01-17,WI,WI_3,5
2016-01-18,CA,CA_1,2
2016-01-18,CA,CA_2,4
2016-01-18,CA,CA_3,3
2016-01-18,CA,CA_4,0
2016-01-18,TX,TX_1,1
2016-01-18,TX,TX_2,0
2016-01-18,TX,TX_3,2
2016-01-18,WI,WI_1,3
2016-01-18,WI,WI_2,0
2016-01-18,WI,WI_3,4
2016-01-19,CA,CA_1,0
2016-01-19,CA,CA_2,0
2016-01-19,CA,CA_3,0
2016-01-19,CA,CA_4,0
2016-01-19,TX,TX_1,1
2016-01-19,TX,TX_2,3
2016-01-19,TX,TX_3,0
2016-01-19,WI,WI_1,0
2016-01-19,WI,WI_2,0
2016-01-19,WI,WI_3,1
2016-01-20,CA,CA_1,1
2016-01-20,CA,CA_2,2
2016-01-20,CA,CA_3,2
2016-01-20,CA,CA_4,2
2016-01-20,TX,TX_1,8
2016-01-20,TX,TX_2,1
2016-01-20,TX,TX_3,1
2016-01-20,WI,WI_1,0
2016-01-20,WI,WI_2,1
2016-01-20,WI,WI_3,0
2016-01-21,CA,CA_1,1
2016-01-21,CA,CA_2,1
2016-01-21,CA,CA_3,0
2016-01-21,CA,CA_4,0
2016-01-21,TX,TX_1,0
2016-01-21,TX,TX_2,0
2016-01-21,TX,TX_3,0
2016-01-21,WI,WI_1,3
2016-01-21,WI,WI_2,1
2016-01-21,WI,WI_3,1
2016-01-22,CA,CA_1,0
2016-01-22,CA,CA_2,3
2016-01-22,CA,CA_3,1
2016-01-22,CA,CA_4,0
2016-01-22,TX,TX_1,1
2016-01-22,TX,TX_2,0
2016-01-22,TX,TX_3,0
2016-01-22,WI,WI_1,7
2016-01-22,WI,WI_2,1
2016-01-22,WI,WI_3,0
2016-01-23,CA,CA_1,2
2016-01-23,CA,CA_2,1
2016-01-23,CA,CA_3,1
2016-01-23,CA,CA_4,3
2016-01-23,TX,TX_1,1
2016-01-23,TX,TX_2,2
2016-01-23,TX,TX_3,1
2016-01-23,WI,WI_1,3
2016-01-23,WI,WI_2,2
2016-01-23,WI,WI_3,3
2016-01-24,CA,CA_1,1
2016-01-24,CA,CA_2,2
2016-01-24,CA,CA_3,1
2016-01-24,CA,CA_4,1
2016-01-24,TX,TX_1,1
2016-01-24,TX,TX_2,0
2016-01-24,TX,TX_3,0
2016-01-24,WI,WI_1,1
2016-01-24,WI,WI_2,1
2016-01-24,WI,WI_3,4
2016-01-25,CA,CA_1,1
2016-01-25,CA,CA_2,1
2016-01-25,CA,CA_3,6
2016-01-25,CA,CA_4,1
2016-01-25,TX,TX_1,0
2016-01-25,TX,TX_2,2
2016-01-25,TX,TX_3,1
2016-01-25,WI,WI_1,0
2016-01-25,WI,WI_2,0
2016-01-25,WI,WI_3,0
2016-01-26,CA,CA_1,2
2016-01-26,CA,CA_2,0
2016-01-26,CA,CA_3,0
2016-01-26,CA,CA_4,4
2016-01-26,TX,TX_1,0
2016-01-26,TX,TX_2,0
2016-01-26,TX,TX_3,0
2016-01-26,WI,WI_1,3
2016-01-26,WI,WI_2,0
2016-01-26,WI,WI_3,1
2016-01-27,CA,CA_1,4
2016-01-27,CA,CA_2,4
2016-01-27,CA,CA_3,0
2016-01-27,CA,CA_4,1
2016-01-27,TX,TX_1,0
2016-01-27,TX,TX_2,0
2016-01-27,TX,TX_3,0
2016-01-27,WI,WI_1,1
2016-01-27,WI,WI_2,0
2016-01-27,WI,WI_3,1
2016-01-28,CA,CA_1,2
2016-01-28,CA,CA_2,0
2016-01-28,CA,CA_3,0
2016-01-28,CA,CA_4,0
2016-01-28,TX,TX_1,0
2016-01-28,TX,TX_2,1
2016-01-28,TX,TX_3,2
2016-01-28,WI,WI_1,5
2016-01-28,WI,WI_2,0
2016-01-28,WI,WI_3,2
2016-01-29,CA,CA_1,0
2016-01-29,CA,CA_2,1
2016-01-29,CA,CA_3,1
2016-01-29,CA,CA_4,1
2016-01-29,TX,TX_1,0
2016-01-29,TX,TX_2,1
2016-01-29,TX,TX_3,0
2016-01-29,WI,WI_1,2
2016-01-29,WI,WI_2,1
2016-01-29,WI,WI_3,0
2016-01-30,CA,CA_1,4
2016-01-30,CA,CA_2,1
2016-01-30,CA,CA_3,3
2016-01-30,CA,CA_4,2
2016-01-30,TX,TX_1,0
2016-01-30,TX,TX_2,1
2016-01-30,TX,TX_3,0
2016-01-30,WI,WI_1,1
2016-01-30,WI,WI_2,2
2016-01-30,WI,WI_3,1
2016-01-31,CA,CA_1,3
2016-01-31,CA,CA_2,3
2016-01-31,CA,CA_3,0
2016-01-31,CA,CA_4,0
2016-01-31,TX,TX_1,0
2016-01-31,TX,TX_2,2
2016-01-31,TX,TX_3,0
2016-01-31,WI,WI_1,4
2016-01-31,WI,WI_2,6
2016-01-31,WI,WI_3,2
2016-02-01,CA,CA_1,1
2016-02-01,CA,CA_2,1
2016-02-01,CA,CA_3,1
2016-02-01,CA,CA_4,1
2016-02-01,TX,TX_1,0
2016-02-01,TX,TX_2,2
2016-02-01,TX,TX_3,1
2016-02-01,WI,WI_1,6
2016-02-01,WI,WI_2,0
2016-02-01,WI,WI_3,2
2016-02-02,CA,CA_1,1
2016-02-02,CA,CA_2,7
2016-02-02,CA,CA_3,2
2016-02-02,CA,CA_4,1
2016-02-02,TX,TX_1,0
2016-02-02,TX,TX_2,1
2016-02-02,TX,TX_3,0
2016-02-02,WI,WI_1,0
2016-02-02,WI,WI_2,4
2016-02-02,WI,WI_3,1
2016-02-03,CA,CA_1,0
2016-02-03,CA,CA_2,2
2016-02-03,CA,CA_3,2
2016-02-03,CA,CA_4,0
2016-02-03,TX,TX_1,1
2016-02-03,TX,TX_2,0
2016-02-03,TX,TX_3,2
2016-02-03,WI,WI_1,3
2016-02-03,WI,WI_2,3
2016-02-03,WI,WI_3,8
2016-02-04,CA,CA_1,2
2016-02-04,CA,CA_2,0
2016-02-04,CA,CA_3,1
2016-02-04,CA,CA_4,2
2016-02-04,TX,TX_1,0
2016-02-04,TX,TX_2,0
2016-02-04,TX,TX_3,0
2016-02-04,WI,WI_1,3
2016-02-04,WI,WI_2,2
2016-02-04,WI,WI_3,2
2016-02-05,CA,CA_1,2
2016-02-05,CA,CA_2,2
2016-02-05,CA,CA_3,4
2016-02-05,CA,CA_4,0
2016-02-05,TX,TX_1,0
2016-02-05,TX,TX_2,1
2016-02-05,TX,TX_3,1
2016-02-05,WI,WI_1,4
2016-02-05,WI,WI_2,3
2016-02-05,WI,WI_3,1
2016-02-06,CA,CA_1,7
2016-02-06,CA,CA_2,3
2016-02-06,CA,CA_3,0
2016-02-06,CA,CA_4,2
2016-02-06,TX,TX_1,2
2016-02-06,TX,TX_2,0
2016-02-06,TX,TX_3,2
2016-02-06,WI,WI_1,6
2016-02-06,WI,WI_2,6
2016-02-06,WI,WI_3,1
2016-02-07,CA,CA_1,0
2016-02-07,CA,CA_2,0
2016-02-07,CA,CA_3,4
2016-02-07,CA,CA_4,0
2016-02-07,TX,TX_1,0
2016-02-07,TX,TX_2,2
2016-02-07,TX,TX_3,3
2016-02-07,WI,WI_1,5
2016-02-07,WI,WI_2,1
2016-02-07,WI,WI_3,1
2016-02-08,CA,CA_1,0
2016-02-08,CA,CA_2,2
2016-02-08,CA,CA_3,1
2016-02-08,CA,CA_4,0
2016-02-08,TX,TX_1,0
2016-02-08,TX,TX_2,3
2016-02-08,TX,TX_3,0
2016-02-08,WI,WI_1,1
2016-02-08,WI,WI_2,4
2016-02-08,WI,WI_3,5
2016-02-09,CA,CA_1,2
2016-02-09,CA,CA_2,6
2016-02-09,CA,CA_3,3
2016-02-09,CA,CA_4,3
2016-02-09,TX,TX_1,0
2016-02-09,TX,TX_2,0
2016-02-09,TX,TX_3,2
2016-02-09,WI,WI_1,1
2016-02-09,WI,WI_2,4
2016-02-09,WI,WI_3,3
2016-02-10,CA,CA_1,1
2016-02-10,CA,CA_2,0
2016-02-10,CA,CA_3,3
2016-02-10,CA,CA_4,0
2016-02-10,TX,TX_1,0
2016-02-10,TX,TX_2,0
2016-02-10,TX,TX_3,2
2016-02-10,WI,WI_1,1
2016-02-10,WI,WI_2,4
2016-02-10,WI,WI_3,2
2016-02-11,CA,CA_1,0
2016-02-11,CA,CA_2,0
2016-02-11,CA,CA_3,0
2016-02-11,CA,CA_4,1
2016-02-11,TX,TX_1,0
2016-02-11,TX,TX_2,1
2016-02-11,TX,TX_3,1
2016-02-11,WI,WI_1,0
2016-02-11,WI,WI_2,2
2016-02-11,WI,WI_3,2
2016-02-12,CA,CA_1,1
2016-02-12,CA,CA_2,3
2016-02-12,CA,CA_3,1
2016-02-12,CA,CA_4,0
2016-02-12,TX,TX_1,0
2016-02-12,TX,TX_2,0
2016-02-12,TX,TX_3,0
2016-02-12,WI,WI_1,5
2016-02-12,WI,WI_2,2
2016-02-12,WI,WI_3,1
2016-02-13,CA,CA_1,1
2016-02-13,CA,CA_2,2
2016-02-13,CA,CA_3,1
2016-02-13,CA,CA_4,0
2016-02-13,TX,TX_1,0
2016-02-13,TX,TX_2,0
2016-02-13,TX,TX_3,1
2016-02-13,WI,WI_1,7
2016-02-13,WI,WI_2,3
2016-02-13,WI,WI_3,6
2016-02-14,CA,CA_1,3
2016-02-14,CA,CA_2,0
2016-02-14,CA,CA_3,7
2016-02-14,CA,CA_4,1
2016-02-14,TX,TX_1,1
2016-02-14,TX,TX_2,2
2016-02-14,TX,TX_3,2
2016-02-14,WI,WI_1,2
2016-02-14,WI,WI_2,2
2016-02-14,WI,WI_3,3
2016-02-15,CA,CA_1,3
2016-02-15,CA,CA_2,2
2016-02-15,CA,CA_3,0
2016-02-15,CA,CA_4,0
2016-02-15,TX,TX_1,0
2016-02-15,TX,TX_2,3
2016-02-15,TX,TX_3,0
2016-02-15,WI,WI_1,7
2016-02-15,WI,WI_2,2
2016-02-15,WI,WI_3,3
2016-02-16,CA,CA_1,0
2016-02-16,CA,CA_2,1
2016-02-16,CA,CA_3,2
2016-02-16,CA,CA_4,0
2016-02-16,TX,TX_1,0
2016-02-16,TX,TX_2,0
2016-02-16,TX,TX_3,1
2016-02-16,WI,WI_1,3
2016-02-16,WI,WI_2,3
2016-02-16,WI,WI_3,1
2016-02-17,CA,CA_1,0
2016-02-17,CA,CA_2,4
2016-02-17,CA,CA_3,3
2016-02-17,CA,CA_4,1
2016-02-17,TX,TX_1,0
2016-02-17,TX,TX_2,0
2016-02-17,TX,TX_3,0
2016-02-17,WI,WI_1,0
2016-02-17,WI,WI_2,0
2016-02-17,WI,WI_3,3
2016-02-18,CA,CA_1,3
2016-02-18,CA,CA_2,0
2016-02-18,CA,CA_3,1
2016-02-18,CA,CA_4,0
2016-02-18,TX,TX_1,1
2016-02-18,TX,TX_2,0
2016-02-18,TX,TX_3,1
2016-02-18,WI,WI_1,4
2016-02-18,WI,WI_2,6
2016-02-18,WI,WI_3,2
2016-02-19,CA,CA_1,0
2016-02-19,CA,CA_2,0
2016-02-19,CA,CA_3,4
2016-02-19,CA,CA_4,0
2016-02-19,TX,TX_1,0
2016-02-19,TX,TX_2,0
2016-02-19,TX,TX_3,1
2016-02-19,WI,WI_1,4
2016-02-19,WI,WI_2,0
2016-02-19,WI,WI_3,2
2016-02-20,CA,CA_1,0
2016-02-20,CA,CA_2,1
2016-02-20,CA,CA_3,0
2016-02-20,CA,CA_4,0
2016-02-20,TX,TX_1,1
2016-02-20,TX,TX_2,1
2016-02-20,TX,TX_3,0
2016-02-20,WI,WI_1,3
2016-02-20,WI,WI_2,2
2016-02-20,WI,WI_3,0
2016-02-21,CA,CA_1,6
2016-02-21,CA,CA_2,0
2016-02-21,CA,CA_3,4
2016-02-21,CA,CA_4,2
2016-02-21,TX,TX_1,0
2016-02-21,TX,TX_2,3
2016-02-21,TX,TX_3,0
2016-02-21,WI,WI_1,3
2016-02-21,WI,WI_2,3
2016-02-21,WI,WI_3,1
2016-02-22,CA,CA_1,4
2016-02-22,CA,CA_2,2
2016-02-22,CA,CA_3,5
2016-02-22,CA,CA_4,0
2016-02-22,TX,TX_1,0
2016-02-22,TX,TX_2,1
2016-02-22,TX,TX_3,0
2016-02-22,WI,WI_1,0
2016-02-22,WI,WI_2,1
2016-02-22,WI,WI_3,1
2016-02-23,CA,CA_1,2
2016-02-23,CA,CA_2,1
2016-02-23,CA,CA_3,1
2016-02-23,CA,CA_4,3
2016-02-23,TX,TX_1,0
2016-02-23,TX,TX_2,0
2016-02-23,TX,TX_3,0
2016-02-23,WI,WI_1,2
2016-02-23,WI,WI_2,3
2016-02-23,WI,WI_3,2
2016-02-24,CA,CA_1,1
2016-02-24,CA,CA_2,0
2016-02-24,CA,CA_3,1
2016-02-24,CA,CA_4,1
2016-02-24,TX,TX_1,0
2016-02-24,TX,TX_2,1
2016-02-24,TX,TX_3,0
2016-02-24,WI,WI_1,2
2016-02-24,WI,WI_2,2
2016-02-24,WI,WI_3,1
2016-02-25,CA,CA_1,0
2016-02-25,CA,CA_2,2
2016-02-25,CA,CA_3,1
2016-02-25,CA,CA_4,1
2016-02-25,TX,TX_1,0
2016-02-25,TX,TX_2,1
2016-02-25,TX,TX_3,0
2016-02-25,WI,WI_1,0
2016-02-25,WI,WI_2,1
2016-02-25,WI,WI_3,4
2016-02-26,CA,CA_1,1
2016-02-26,CA,CA_2,1
2016-02-26,CA,CA_3,0
2016-02-26,CA,CA_4,1
2016-02-26,TX,TX_1,0
2016-02-26,TX,TX_2,1
2016-02-26,TX,TX_3,1
2016-02-26,WI,WI_1,1
2016-02-26,WI,WI_2,5
2016-02-26,WI,WI_3,2
2016-02-27,CA,CA_1,0
2016-02-27,CA,CA_2,7
2016-02-27,CA,CA_3,1
2016-02-27,CA,CA_4,0
2016-02-27,TX,TX_1,0
2016-02-27,TX,TX_2,0
2016-02-27,TX,TX_3,0
2016-02-27,WI,WI_1,0
2016-02-27,WI,WI_2,1
2016-02-27,WI,WI_3,3
2016-02-28,CA,CA_1,2
2016-02-28,CA,CA_2,3
2016-02-28,CA,CA_3,2
2016-02-28,CA,CA_4,0
2016-02-28,TX,TX_1,2
2016-02-28,TX,TX_2,0
2016-02-28,TX,TX_3,0
2016-02-28,WI,WI_1,3
2016-02-28,WI,WI_2,1
2016-02-28,WI,WI_3,4
2016-02-29,CA,CA_1,3
2016-02-29,CA,CA_2,2
2016-02-29,CA,CA_3,2
2016-02-29,CA,CA_4,0
2016-02-29,TX,TX_1,0
2016-02-29,TX,TX_2,0
2016-02-29,TX,TX_3,2
2016-02-29,WI,WI_1,2
2016-02-29,WI,WI_2,2
2016-02-29,WI,WI_3,1
2016-03-01,CA,CA_1,1
2016-03-01,CA,CA_2,0
2016-03-01,CA,CA_3,2
2016-03-01,CA,CA_4,1
2016-03-01,TX,TX_1,1
2016-03-01,TX,TX_2,3
2016-03-01,TX,TX_3,0
2016-03-01,WI,WI_1,3
2016-03-01,WI,WI_2,0
2016-03-01,WI,WI_3,2
2016-03-02,CA,CA_1,1
2016-03-02,CA,CA_2,1
2016-03-02,CA,CA_3,5
2016-03-02,CA,CA_4,0
2016-03-02,TX,TX_1,0
2016-03-02,TX,TX_2,0
2016-03-02,TX,TX_3,1
2016-03-02,WI,WI_1,0
2016-03-02,WI,WI_2,0
2016-03-02,WI,WI_3,2
2016-03-03,CA,CA_1,4
2016-03-03,CA,CA_2,2
2016-03-03,CA,CA_3,1
2016-03-03,CA,CA_4,0
2016-03-03,TX,TX_1,1
2016-03-03,TX,TX_2,0
2016-03-03,TX,TX_3,3
2016-03-03,WI,WI_1,0
2016-03-03,WI,WI_2,2
2016-03-03,WI,WI_3,1
2016-03-04,CA,CA_1,1
2016-03-04,CA,CA_2,0
2016-03-04,CA,CA_3,3
2016-03-04,CA,CA_4,0
2016-03-04,TX,TX_1,0
2016-03-04,TX,TX_2,0
2016-03-04,TX,TX_3,0
2016-03-04,WI,WI_1,5
2016-03-04,WI,WI_2,3
2016-03-04,WI,WI_3,1
2016-03-05,CA,CA_1,0
2016-03-05,CA,CA_2,2
2016-03-05,CA,CA_3,0
2016-03-05,CA,CA_4,0
2016-03-05,TX,TX_1,0
2016-03-05,TX,TX_2,3
2016-03-05,TX,TX_3,0
2016-03-05,WI,WI_1,0
2016-03-05,WI,WI_2,2
2016-03-05,WI,WI_3,2
2016-03-06,CA,CA_1,5
2016-03-06,CA,CA_2,3
2016-03-06,CA,CA_3,5
2016-03-06,CA,CA_4,3
2016-03-06,TX,TX_1,1
2016-03-06,TX,TX_2,3
2016-03-06,TX,TX_3,2
2016-03-06,WI,WI_1,7
2016-03-06,WI,WI_2,3
2016-03-06,WI,WI_3,0
2016-03-07,CA,CA_1,4
2016-03-07,CA,CA_2,2
2016-03-07,CA,CA_3,3
2016-03-07,CA,CA_4,2
2016-03-07,TX,TX_1,0
2016-03-07,TX,TX_2,0
2016-03-07,TX,TX_3,3
2016-03-07,WI,WI_1,0
2016-03-07,WI,WI_2,3
2016-03-07,WI,WI_3,1
2016-03-08,CA,CA_1,0
2016-03-08,CA,CA_2,0
2016-03-08,CA,CA_3,1
2016-03-08,CA,CA_4,0
2016-03-08,TX,TX_1,0
2016-03-08,TX,TX_2,0
2016-03-08,TX,TX_3,0
2016-03-08,WI,WI_1,2
2016-03-08,WI,WI_2,1
2016-03-08,WI,WI_3,5
2016-03-09,CA,CA_1,2
2016-03-09,CA,CA_2,0
2016-03-09,CA,CA_3,12
2016-03-09,CA,CA_4,0
2016-03-09,TX,TX_1,0
2016-03-09,TX,TX_2,0
2016-03-09,TX,TX_3,0
2016-03-09,WI,WI_1,1
2016-03-09,WI,WI_2,0
2016-03-09,WI,WI_3,1
2016-03-10,CA,CA_1,1
2016-03-10,CA,CA_2,0
2016-03-10,CA,CA_3,1
2016-03-10,CA,CA_4,0
2016-03-10,TX,TX_1,0
2016-03-10,TX,TX_2,0
2016-03-10,TX,TX_3,1
2016-03-10,WI,WI_1,0
2016-03-10,WI,WI_2,3
2016-03-10,WI,WI_3,4
2016-03-11,CA,CA_1,4
2016-03-11,CA,CA_2,3
2016-03-11,CA,CA_3,0
2016-03-11,CA,CA_4,0
2016-03-11,TX,TX_1,0
2016-03-11,TX,TX_2,0
2016-03-11,TX,TX_3,0
2016-03-11,WI,WI_1,1
2016-03-11,WI,WI_2,4
2016-03-11,WI,WI_3,0
2016-03-12,CA,CA_1,0
2016-03-12,CA,CA_2,0
2016-03-12,CA,CA_3,0
2016-03-12,CA,CA_4,1
2016-03-12,TX,TX_1,0
2016-03-12,TX,TX_2,0
2016-03-12,TX,TX_3,2
2016-03-12,WI,WI_1,3
2016-03-12,WI,WI_2,3
2016-03-12,WI,WI_3,1
2016-03-13,CA,CA_1,4
2016-03-13,CA,CA_2,0
2016-03-13,CA,CA_3,4
2016-03-13,CA,CA_4,0
2016-03-13,TX,TX_1,1
2016-03-13,TX,TX_2,1
2016-03-13,TX,TX_3,0
2016-03-13,WI,WI_1,2
2016-03-13,WI,WI_2,1
2016-03-13,WI,WI_3,2
2016-03-14,CA,CA_1,3
2016-03-14,CA,CA_2,3
2016-03-14,CA,CA_3,3
2016-03-14,CA,CA_4,1
2016-03-14,TX,TX_1,2
2016-03-14,TX,TX_2,0
2016-03-14,TX,TX_3,1
2016-03-14,WI,WI_1,1
2016-03-14,WI,WI_2,2
2016-03-14,WI,WI_3,1
2016-03-15,CA,CA_1,0
2016-03-15,CA,CA_2,6
2016-03-15,CA,CA_3,1
2016-03-15,CA,CA_4,0
2016-03-15,TX,TX_1,0
2016-03-15,TX,TX_2,0
2016-03-15,TX,TX_3,0
2016-03-15,WI,WI_1,0
2016-03-15,WI,WI_2,1
2016-03-15,WI,WI_3,1
2016-03-16,CA,CA_1,0
2016-03-16,CA,CA_2,0
2016-03-16,CA,CA_3,0
2016-03-16,CA,CA_4,1
2016-03-16,TX,TX_1,0
2016-03-16,TX,TX_2,1
2016-03-16,TX,TX_3,0
2016-03-16,WI,WI_1,2
2016-03-16,WI,WI_2,0
2016-03-16,WI,WI_3,1
2016-03-17,CA,CA_1,5
2016-03-17,CA,CA_2,1
2016-03-17,CA,CA_3,3
2016-03-17,CA,CA_4,0
2016-03-17,TX,TX_1,0
2016-03-17,TX,TX_2,0
2016-03-17,TX,TX_3,0
2016-03-17,WI,WI_1,1
2016-03-17,WI,WI_2,4
2016-03-17,WI,WI_3,5
2016-03-18,CA,CA_1,2
2016-03-18,CA,CA_2,1
2016-03-18,CA,CA_3,0
2016-03-18,CA,CA_4,0
2016-03-18,TX,TX_1,0
2016-03-18,TX,TX_2,0
2016-03-18,TX,TX_3,0
2016-03-18,WI,WI_1,0
2016-03-18,WI,WI_2,2
2016-03-18,WI,WI_3,3
2016-03-19,CA,CA_1,1
2016-03-19,CA,CA_2,0
2016-03-19,CA,CA_3,0
2016-03-19,CA,CA_4,0
2016-03-19,TX,TX_1,0
2016-03-19,TX,TX_2,0
2016-03-19,TX,TX_3,0
2016-03-19,WI,WI_1,7
2016-03-19,WI,WI_2,2
2016-03-19,WI,WI_3,4
2016-03-20,CA,CA_1,1
2016-03-20,CA,CA_2,0
2016-03-20,CA,CA_3,2
2016-03-20,CA,CA_4,1
2016-03-20,TX,TX_1,2
2016-03-20,TX,TX_2,0
2016-03-20,TX,TX_3,1
2016-03-20,WI,WI_1,3
2016-03-20,WI,WI_2,3
2016-03-20,WI,WI_3,1
2016-03-21,CA,CA_1,4
2016-03-21,CA,CA_2,1
2016-03-21,CA,CA_3,2
2016-03-21,CA,CA_4,1
2016-03-21,TX,TX_1,0
2016-03-21,TX,TX_2,1
2016-03-21,TX,TX_3,0
2016-03-21,WI,WI_1,3
2016-03-21,WI,WI_2,4
2016-03-21,WI,WI_3,3
2016-03-22,CA,CA_1,2
2016-03-22,CA,CA_2,3
2016-03-22,CA,CA_3,1
2016-03-22,CA,CA_4,1
2016-03-22,TX,TX_1,1
2016-03-22,TX,TX_2,1
2016-03-22,TX,TX_3,1
2016-03-22,WI,WI_1,1
2016-03-22,WI,WI_2,0
2016-03-22,WI,WI_3,1
2016-03-23,CA,CA_1,2
2016-03-23,CA,CA_2,2
2016-03-23,CA,CA_3,0
2016-03-23,CA,CA_4,0
2016-03-23,TX,TX_1,0
2016-03-23,TX,TX_2,1
2016-03-23,TX,TX_3,0
2016-03-23,WI,WI_1,1
2016-03-23,WI,WI_2,2
2016-03-23,WI,WI_3,4
2016-03-24,CA,CA_1,0
2016-03-24,CA,CA_2,0
2016-03-24,CA,CA_3,0
2016-03-24,CA,CA_4,0
2016-03-24,TX,TX_1,0
2016-03-24,TX,TX_2,0
2016-03-24,TX,TX_3,1
2016-03-24,WI,WI_1,1
2016-03-24,WI,WI_2,4
2016-03-24,WI,WI_3,2
2016-03-25,CA,CA_1,1
2016-03-25,CA,CA_2,2
2016-03-25,CA,CA_3,0
2016-03-25,CA,CA_4,1
2016-03-25,TX,TX_1,0
2016-03-25,TX,TX_2,0
2016-03-25,TX,TX_3,0
2016-03-25,WI,WI_1,2
2016-03-25,WI,WI_2,2
2016-03-25,WI,WI_3,2
2016-03-26,CA,CA_1,0
2016-03-26,CA,CA_2,1
2016-03-26,CA,CA_3,11
2016-03-26,CA,CA_4,0
2016-03-26,TX,TX_1,1
2016-03-26,TX,TX_2,0
2016-03-26,TX,TX_3,4
2016-03-26,WI,WI_1,4
2016-03-26,WI,WI_2,4
2016-03-26,WI,WI_3,1
2016-03-27,CA,CA_1,3
2016-03-27,CA,CA_2,1
2016-03-27,CA,CA_3,2
2016-03-27,CA,CA_4,2
2016-03-27,TX,TX_1,3
2016-03-27,TX,TX_2,1
2016-03-27,TX,TX_3,0
2016-03-27,WI,WI_1,4
2016-03-27,WI,WI_2,2
2016-03-27,WI,WI_3,1
2016-03-28,CA,CA_1,2
2016-03-28,CA,CA_2,1
2016-03-28,CA,CA_3,1
2016-03-28,CA,CA_4,3
2016-03-28,TX,TX_1,1
2016-03-28,TX,TX_2,0
2016-03-28,TX,TX_3,0
2016-03-28,WI,WI_1,1
2016-03-28,WI,WI_2,1
2016-03-28,WI,WI_3,2
2016-03-29,CA,CA_1,0
2016-03-29,CA,CA_2,1
2016-03-29,CA,CA_3,1
2016-03-29,CA,CA_4,0
2016-03-29,TX,TX_1,0
2016-03-29,TX,TX_2,1
2016-03-29,TX,TX_3,0
2016-03-29,WI,WI_1,3
2016-03-29,WI,WI_2,1
2016-03-29,WI,WI_3,1
2016-03-30,CA,CA_1,3
2016-03-30,CA,CA_2,0
2016-03-30,CA,CA_3,1
2016-03-30,CA,CA_4,0
2016-03-30,TX,TX_1,0
2016-03-30,TX,TX_2,3
2016-03-30,TX,TX_3,1
2016-03-30,WI,WI_1,0
2016-03-30,WI,WI_2,0
2016-03-30,WI,WI_3,1
2016-03-31,CA,CA_1,3
2016-03-31,CA,CA_2,0
2016-03-31,CA,CA_3,0
2016-03-31,CA,CA_4,0
2016-03-31,TX,TX_1,0
2016-03-31,TX,TX_2,1
2016-03-31,TX,TX_3,0
2016-03-31,WI,WI_1,4
2016-03-31,WI,WI_2,0
2016-03-31,WI,WI_3,3
2016-04-01,CA,CA_1,2
2016-04-01,CA,CA_2,3
2016-04-01,CA,CA_3,1
2016-04-01,CA,CA_4,0
2016-04-01,TX,TX_1,0
2016-04-01,TX,TX_2,1
2016-04-01,TX,TX_3,0
2016-04-01,WI,WI_1,1
2016-04-01,WI,WI_2,1
2016-04-01,WI,WI_3,4
2016-04-02,CA,CA_1,5
2016-04-02,CA,CA_2,0
2016-04-02,CA,CA_3,1
2016-04-02,CA,CA_4,0
2016-04-02,TX,TX_1,0
2016-04-02,TX,TX_2,0
2016-04-02,TX,TX_3,0
2016-04-02,WI,WI_1,4
2016-04-02,WI,WI_2,5
2016-04-02,WI,WI_3,3
2016-04-03,CA,CA_1,2
2016-04-03,CA,CA_2,0
2016-04-03,CA,CA_3,0
2016-04-03,CA,CA_4,1
2016-04-03,TX,TX_1,0
2016-04-03,TX,TX_2,0
2016-04-03,TX,TX_3,1
2016-04-03,WI,WI_1,5
2016-04-03,WI,WI_2,4
2016-04-03,WI,WI_3,3
2016-04-04,CA,CA_1,3
2016-04-04,CA,CA_2,7
2016-04-04,CA,CA_3,0
2016-04-04,CA,CA_4,3
2016-04-04,TX,TX_1,0
2016-04-04,TX,TX_2,0
2016-04-04,TX,TX_3,0
2016-04-04,WI,WI_1,5
2016-04-04,WI,WI_2,2
2016-04-04,WI,WI_3,1
2016-04-05,CA,CA_1,0
2016-04-05,CA,CA_2,0
2016-04-05,CA,CA_3,0
2016-04-05,CA,CA_4,0
2016-04-05,TX,TX_1,0
2016-04-05,TX,TX_2,3
2016-04-05,TX,TX_3,0
2016-04-05,WI,WI_1,3
2016-04-05,WI,WI_2,1
2016-04-05,WI,WI_3,6
2016-04-06,CA,CA_1,0
2016-04-06,CA,CA_2,1
2016-04-06,CA,CA_3,0
2016-04-06,CA,CA_4,1
2016-04-06,TX,TX_1,0
2016-04-06,TX,TX_2,0
2016-04-06,TX,TX_3,0
2016-04-06,WI,WI_1,2
2016-04-06,WI,WI_2,2
2016-04-06,WI,WI_3,1
2016-04-07,CA,CA_1,2
2016-04-07,CA,CA_2,1
2016-04-07,CA,CA_3,1
2016-04-07,CA,CA_4,3
2016-04-07,TX,TX_1,0
2016-04-07,TX,TX_2,0
2016-04-07,TX,TX_3,0
2016-04-07,WI,WI_1,3
2016-04-07,WI,WI_2,2
2016-04-07,WI,WI_3,3
2016-04-08,CA,CA_1,2
2016-04-08,CA,CA_2,0
2016-04-08,CA,CA_3,1
2016-04-08,CA,CA_4,0
2016-04-08,TX,TX_1,0
2016-04-08,TX,TX_2,0
2016-04-08,TX,TX_3,1
2016-04-08,WI,WI_1,4
2016-04-08,WI,WI_2,4
2016-04-08,WI,WI_3,1
2016-04-09,CA,CA_1,3
2016-04-09,CA,CA_2,0
2016-04-09,CA,CA_3,5
2016-04-09,CA,CA_4,3
2016-04-09,TX,TX_1,0
2016-04-09,TX,TX_2,13
2016-04-09,TX,TX_3,2
2016-04-09,WI,WI_1,4
2016-04-09,WI,WI_2,2
2016-04-09,WI,WI_3,2
2016-04-10,CA,CA_1,2
2016-04-10,CA,CA_2,3
2016-04-10,CA,CA_3,0
2016-04-10,CA,CA_4,0
2016-04-10,TX,TX_1,2
2016-04-10,TX,TX_2,0
2016-04-10,TX,TX_3,2
2016-04-10,WI,WI_1,4
2016-04-10,WI,WI_2,1
2016-04-10,WI,WI_3,3
2016-04-11,CA,CA_1,1
2016-04-11,CA,CA_2,1
2016-04-11,CA,CA_3,1
2016-04-11,CA,CA_4,0
2016-04-11,TX,TX_1,0
2016-04-11,TX,TX_2,0
2016-04-11,TX,TX_3,0
2016-04-11,WI,WI_1,2
2016-04-11,WI,WI_2,3
2016-04-11,WI,WI_3,4
2016-04-12,CA,CA_1,0
2016-04-12,CA,CA_2,8
2016-04-12,CA,CA_3,0
2016-04-12,CA,CA_4,2
2016-04-12,TX,TX_1,0
2016-04-12,TX,TX_2,0
2016-04-12,TX,TX_3,3
2016-04-12,WI,WI_1,3
2016-04-12,WI,WI_2,3
2016-04-12,WI,WI_3,4
2016-04-13,CA,CA_1,1
2016-04-13,CA,CA_2,5
2016-04-13,CA,CA_3,1
2016-04-13,CA,CA_4,0
2016-04-13,TX,TX_1,0
2016-04-13,TX,TX_2,0
2016-04-13,TX,TX_3,0
2016-04-13,WI,WI_1,4
2016-04-13,WI,WI_2,9
2016-04-13,WI,WI_3,3
2016-04-14,CA,CA_1,0
2016-04-14,CA,CA_2,3
2016-04-14,CA,CA_3,2
2016-04-14,CA,CA_4,2
2016-04-14,TX,TX_1,1
2016-04-14,TX,TX_2,0
2016-04-14,TX,TX_3,1
2016-04-14,WI,WI_1,2
2016-04-14,WI,WI_2,3
2016-04-14,WI,WI_3,0
2016-04-15,CA,CA_1,1
2016-04-15,CA,CA_2,0
2016-04-15,CA,CA_3,1
2016-04-15,CA,CA_4,0
2016-04-15,TX,TX_1,0
2016-04-15,TX,TX_2,0
2016-04-15,TX,TX_3,0
2016-04-15,WI,WI_1,2
2016-04-15,WI,WI_2,4
2016-04-15,WI,WI_3,5
2016-04-16,CA,CA_1,2
2016-04-16,CA,CA_2,2
2016-04-16,CA,CA_3,0
2016-04-16,CA,CA_4,2
2016-04-16,TX,TX_1,1
2016-04-16,TX,TX_2,0
2016-04-16,TX,TX_3,0
2016-04-16,WI,WI_1,0
2016-04-16,WI,WI_2,4
2016-04-16,WI,WI_3,5
2016-04-17,CA,CA_1,1
2016-04-17,CA,CA_2,2
2016-04-17,CA,CA_3,1
2016-04-17,CA,CA_4,0
2016-04-17,TX,TX_1,0
2016-04-17,TX,TX_2,3
2016-04-17,TX,TX_3,0
2016-04-17,WI,WI_1,3
2016-04-17,WI,WI_2,0
2016-04-17,WI,WI_3,0
2016-04-18,CA,CA_1,0
2016-04-18,CA,CA_2,1
2016-04-18,CA,CA_3,0
2016-04-18,CA,CA_4,1
2016-04-18,TX,TX_1,1
2016-04-18,TX,TX_2,0
2016-04-18,TX,TX_3,0
2016-04-18,WI,WI_1,5
2016-04-18,WI,WI_2,2
2016-04-18,WI,WI_3,4
2016-04-19,CA,CA_1,2
2016-04-19,CA,CA_2,2
2016-04-19,CA,CA_3,0
2016-04-19,CA,CA_4,1
2016-04-19,TX,TX_1,0
2016-04-19,TX,TX_2,0
2016-04-19,TX,TX_3,0
2016-04-19,WI,WI_1,1
2016-04-19,WI,WI_2,1
2016-04-19,WI,WI_3,1
2016-04-20,CA,CA_1,2
2016-04-20,CA,CA_2,2
2016-04-20,CA,CA_3,0
2016-04-20,CA,CA_4,1
2016-04-20,TX,TX_1,0
2016-04-20,TX,TX_2,4
2016-04-20,TX,TX_3,0
2016-04-20,WI,WI_1,7
2016-04-20,WI,WI_2,0
2016-04-20,WI,WI_3,1
2016-04-21,CA,CA_1,2
2016-04-21,CA,CA_2,2
2016-04-21,CA,CA_3,0
2016-04-21,CA,CA_4,1
2016-04-21,TX,TX_1,0
2016-04-21,TX,TX_2,1
2016-04-21,TX,TX_3,1
2016-04-21,WI,WI_1,2
2016-04-21,WI,WI_2,0
2016-04-21,WI,WI_3,3
2016-04-22,CA,CA_1,0
2016-04-22,CA,CA_2,1
2016-04-22,CA,CA_3,0
2016-04-22,CA,CA_4,0
2016-04-22,TX,TX_1,0
2016-04-22,TX,TX_2,0
2016-04-22,TX,TX_3,0
2016-04-22,WI,WI_1,4
2016-04-22,WI,WI_2,1
2016-04-22,WI,WI_3,1
2016-04-23,CA,CA_1,4
2016-04-23,CA,CA_2,0
2016-04-23,CA,CA_3,4
2016-04-23,CA,CA_4,0
2016-04-23,TX,TX_1,0
2016-04-23,TX,TX_2,0
2016-04-23,TX,TX_3,3
2016-04-23,WI,WI_1,2
2016-04-23,WI,WI_2,3
2016-04-23,WI,WI_3,0
2016-04-24,CA,CA_1,1
2016-04-24,CA,CA_2,0
2016-04-24,CA,CA_3,3
2016-04-24,CA,CA_4,0
2016-04-24,TX,TX_1,1
2016-04-24,TX,TX_2,1
2016-04-24,TX,TX_3,2
2016-04-24,WI,WI_1,11
2016-04-24,WI,WI_2,2
2016-04-24,WI,WI_3,2
2016-04-25,CA,CA_1,0
2016-04-25,CA,CA_2,3
2016-04-25,CA,CA_3,2
2016-04-25,CA,CA_4,1
2016-04-25,TX,TX_1,0
2016-04-25,TX,TX_2,0
2016-04-25,TX,TX_3,3
2016-04-25,WI,WI_1,1
2016-04-25,WI,WI_2,0
2016-04-25,WI,WI_3,4
2016-04-26,CA,CA_1,1
2016-04-26,CA,CA_2,3
2016-04-26,CA,CA_3,1
2016-04-26,CA,CA_4,1
2016-04-26,TX,TX_1,0
2016-04-26,TX,TX_2,1
2016-04-26,TX,TX_3,0
2016-04-26,WI,WI_1,0
2016-04-26,WI,WI_2,3
2016-04-26,WI,WI_3,2
2016-04-27,CA,CA_1,0
2016-04-27,CA,CA_2,0
2016-04-27,CA,CA_3,2
2016-04-27,CA,CA_4,0
2016-04-27,TX,TX_1,0
2016-04-27,TX,TX_2,1
2016-04-27,TX,TX_3,1
2016-04-27,WI,WI_1,2
2016-04-27,WI,WI_2,0
2016-04-27,WI,WI_3,0
2016-04-28,CA,CA_1,0
2016-04-28,CA,CA_2,3
2016-04-28,CA,CA_3,0
2016-04-28,CA,CA_4,0
2016-04-28,TX,TX_1,0
2016-04-28,TX,TX_2,0
2016-04-28,TX,TX_3,3
2016-04-28,WI,WI_1,2
2016-04-28,WI,WI_2,1
2016-04-28,WI,WI_3,0
2016-04-29,CA,CA_1,5
2016-04-29,CA,CA_2,2
2016-04-29,CA,CA_3,2
2016-04-29,CA,CA_4,2
2016-04-29,TX,TX_1,0
2016-04-29,TX,TX_2,1
2016-04-29,TX,TX_3,1
2016-04-29,WI,WI_1,4
2016-04-29,WI,WI_2,0
2016-04-29,WI,WI_3,1
2016-04-30,CA,CA_1,5
2016-04-30,CA,CA_2,0
2016-04-30,CA,CA_3,0
2016-04-30,CA,CA_4,2
2016-04-30,TX,TX_1,0
2016-04-30,TX,TX_2,0
2016-04-30,TX,TX_3,0
2016-04-30,WI,WI_1,1
2016-04-30,WI,WI_2,1
2016-04-30,WI,WI_3,2
2016-05-01,CA,CA_1,2
2016-05-01,CA,CA_2,1
2016-05-01,CA,CA_3,6
2016-05-01,CA,CA_4,0
2016-05-01,TX,TX_1,0
2016-05-01,TX,TX_2,1
2016-05-01,TX,TX_3,1
2016-05-01,WI,WI_1,3
2016-05-01,WI,WI_2,1
2016-05-01,WI,WI_3,6
2016-05-02,CA,CA_1,0
2016-05-02,CA,CA_2,0
2016-05-02,CA,CA_3,1
2016-05-02,CA,CA_4,0
2016-05-02,TX,TX_1,0
2016-05-02,TX,TX_2,2
2016-05-02,TX,TX_3,2
2016-05-02,WI,WI_1,1
2016-05-02,WI,WI_2,3
2016-05-02,WI,WI_3,2
2016-05-03,CA,CA_1,0
2016-05-03,CA,CA_2,2
2016-05-03,CA,CA_3,0
2016-05-03,CA,CA_4,2
2016-05-03,TX,TX_1,0
2016-05-03,TX,TX_2,2
2016-05-03,TX,TX_3,1
2016-05-03,WI,WI_1,3
2016-05-03,WI,WI_2,2
2016-05-03,WI,WI_3,2
2016-05-04,CA,CA_1,1
2016-05-04,CA,CA_2,0
2016-05-04,CA,CA_3,7
2016-05-04,CA,CA_4,1
2016-05-04,TX,TX_1,0
2016-05-04,TX,TX_2,1
2016-05-04,TX,TX_3,0
2016-05-04,WI,WI_1,4
2016-05-04,WI,WI_2,2
2016-05-04,WI,WI_3,0
2016-05-05,CA,CA_1,1
2016-05-05,CA,CA_2,1
2016-05-05,CA,CA_3,0
2016-05-05,CA,CA_4,0
2016-05-05,TX,TX_1,0
2016-05-05,TX,TX_2,0
2016-05-05,TX,TX_3,0
2016-05-05,WI,WI_1,3
2016-05-05,WI,WI_2,2
2016-05-05,WI,WI_3,0
2016-05-06,CA,CA_1,3
2016-05-06,CA,CA_2,1
2016-05-06,CA,CA_3,2
2016-05-06,CA,CA_4,0
2016-05-06,TX,TX_1,0
2016-05-06,TX,TX_2,2
2016-05-06,TX,TX_3,1
2016-05-06,WI,WI_1,0
2016-05-06,WI,WI_2,0
2016-05-06,WI,WI_3,4
2016-05-07,CA,CA_1,6
2016-05-07,CA,CA_2,3
2016-05-07,CA,CA_3,6
2016-05-07,CA,CA_4,1
2016-05-07,TX,TX_1,0
2016-05-07,TX,TX_2,0
2016-05-07,TX,TX_3,0
2016-05-07,WI,WI_1,2
2016-05-07,WI,WI_2,2
2016-05-07,WI,WI_3,3
2016-05-08,CA,CA_1,4
2016-05-08,CA,CA_2,0
2016-05-08,CA,CA_3,2
2016-05-08,CA,CA_4,0
2016-05-08,TX,TX_1,2
2016-05-08,TX,TX_2,0
2016-05-08,TX,TX_3,1
2016-05-08,WI,WI_1,6
2016-05-08,WI,WI_2,0
2016-05-08,WI,WI_3,0
2016-05-09,CA,CA_1,0
2016-05-09,CA,CA_2,0
2016-05-09,CA,CA_3,2
2016-05-09,CA,CA_4,5
2016-05-09,TX,TX_1,1
2016-05-09,TX,TX_2,0
2016-05-09,TX,TX_3,1
2016-05-09,WI,WI_1,2
2016-05-09,WI,WI_2,3
2016-05-09,WI,WI_3,0
2016-05-10,CA,CA_1,1
2016-05-10,CA,CA_2,5
2016-05-10,CA,CA_3,1
2016-05-10,CA,CA_4,1
2016-05-10,TX,TX_1,0
2016-05-10,TX,TX_2,0
2016-05-10,TX,TX_3,0
2016-05-10,WI,WI_1,1
2016-05-10,WI,WI_2,1
2016-05-10,WI,WI_3,1
2016-05-11,CA,CA_1,0
2016-05-11,CA,CA_2,3
2016-05-11,CA,CA_3,2
2016-05-11,CA,CA_4,1
2016-05-11,TX,TX_1,0
2016-05-11,TX,TX_2,1
2016-05-11,TX,TX_3,0
2016-05-11,WI,WI_1,2
2016-05-11,WI,WI_2,2
2016-05-11,WI,WI_3,2
2016-05-12,CA,CA_1,1
2016-05-12,CA,CA_2,0
2016-05-12,CA,CA_3,3
2016-05-12,CA,CA_4,3
2016-05-12,TX,TX_1,0
2016-05-12,TX,TX_2,0
2016-05-12,TX,TX_3,0
2016-05-12,WI,WI_1,1
2016-05-12,WI,WI_2,0
2016-05-12,WI,WI_3,1
2016-05-13,CA,CA_1,1
2016-05-13,CA,CA_2,0
2016-05-13,CA,CA_3,1
2016-05-13,CA,CA_4,5
2016-05-13,TX,TX_1,0
2016-05-13,TX,TX_2,0
2016-05-13,TX,TX_3,0
2016-05-13,WI,WI_1,1
2016-05-13,WI,WI_2,2
2016-05-13,WI,WI_3,2
2016-05-14,CA,CA_1,2
2016-05-14,CA,CA_2,3
2016-05-14,CA,CA_3,0
2016-05-14,CA,CA_4,0
2016-05-14,TX,TX_1,1
2016-05-14,TX,TX_2,0
2016-05-14,TX,TX_3,0
2016-05-14,WI,WI_1,5
2016-05-14,WI,WI_2,2
2016-05-14,WI,WI_3,1
2016-05-15,CA,CA_1,6
2016-05-15,CA,CA_2,1
2016-05-15,CA,CA_3,2
2016-05-15,CA,CA_4,0
2016-05-15,TX,TX_1,0
2016-05-15,TX,TX_2,0
2016-05-15,TX,TX_3,0
2016-05-15,WI,WI_1,2
2016-05-15,WI,WI_2,1
2016-05-15,WI,WI_3,2
2016-05-16,CA,CA_1,2
2016-05-16,CA,CA_2,0
2016-05-16,CA,CA_3,1
2016-05-16,CA,CA_4,0
2016-05-16,TX,TX_1,2
2016-05-16,TX,TX_2,0
2016-05-16,TX,TX_3,0
2016-05-16,WI,WI_1,1
2016-05-16,WI,WI_2,2
2016-05-16,WI,WI_3,4
2016-05-17,CA,CA_1,1
2016-05-17,CA,CA_2,4
2016-05-17,CA,CA_3,1
2016-05-17,CA,CA_4,1
2016-05-17,TX,TX_1,0
2016-05-17,TX,TX_2,0
2016-05-17,TX,TX_3,0
2016-05-17,WI,WI_1,0
2016-05-17,WI,WI_2,3
2016-05-17,WI,WI_3,1
2016-05-18,CA,CA_1,2
2016-05-18,CA,CA_2,4
2016-05-18,CA,CA_3,1
2016-05-18,CA,CA_4,4
2016-05-18,TX,TX_1,0
2016-05-18,TX,TX_2,1
2016-05-18,TX,TX_3,0
2016-05-18,WI,WI_1,1
2016-05-18,WI,WI_2,3
2016-05-18,WI,WI_3,6
2016-05-19,CA,CA_1,1
2016-05-19,CA,CA_2,2
2016-05-19,CA,CA_3,0
2016-05-19,CA,CA_4,0
2016-05-19,TX,TX_1,0
2016-05-19,TX,TX_2,0
2016-05-19,TX,TX_3,0
2016-05-19,WI,WI_1,2
2016-05-19,WI,WI_2,0
2016-05-19,WI,WI_3,4
2016-05-20,CA,CA_1,4
2016-05-20,CA,CA_2,1
2016-05-20,CA,CA_3,1
2016-05-20,CA,CA_4,1
2016-05-20,TX,TX_1,2
2016-05-20,TX,TX_2,0
2016-05-20,TX,TX_3,0
2016-05-20,WI,WI_1,7
2016-05-20,WI,WI_2,1
2016-05-20,WI,WI_3,4
2016-05-21,CA,CA_1,2
2016-05-21,CA,CA_2,1
2016-05-21,CA,CA_3,1
2016-05-21,CA,CA_4,0
2016-05-21,TX,TX_1,2
2016-05-21,TX,TX_2,0
2016-05-21,TX,TX_3,1
2016-05-21,WI,WI_1,0
2016-05-21,WI,WI_2,4
2016-05-21,WI,WI_3,1
2016-05-22,CA,CA_1,5
2016-05-22,CA,CA_2,0
2016-05-22,CA,CA_3,2
2016-05-22,CA,CA_4,1
2016-05-22,TX,TX_1,0
2016-05-22,TX,TX_2,0
2016-05-22,TX,TX_3,1
2016-05-22,WI,WI_1,7
2016-05-22,WI,WI_2,0
2016-05-22,WI,WI_3,1
